gameId,date,pickTeamId,strategy,betType,oddsUsed,sharpOdds,success,profit,ev
41000222,2011-05-03 21:30:00,,Arbitrage,Moneyline,281.0,-235.0,true,0.03604027108551722,0.03604027108551722
41000222,2011-05-03 21:30:00,,Arbitrage,Moneyline,285.0,-235.0,true,0.03876720294630742,0.03876720294630742
41000222,2011-05-03 21:30:00,,Arbitrage,Moneyline,-235.0,270.0,true,0.028237192416296963,0.028237192416296963
41000222,2011-05-03 21:30:00,,Arbitrage,Moneyline,-235.0,250.0,true,0.01279317697228144,0.01279317697228144
41000222,2011-05-03 21:30:00,,Arbitrage,Moneyline,-235.0,245.0,true,0.008652390222799067,0.008652390222799067
41000222,2011-05-03 21:30:00,,Arbitrage,Moneyline,-235.0,265.0,true,0.024534859946841125,0.024534859946841125
41000222,2011-05-03 21:30:00,,Arbitrage,Moneyline,-235.0,270.0,true,0.028237192416296963,0.028237192416296963
41000212,2011-05-03 19:00:00,,Arbitrage,Moneyline,193.0,-190.0,true,0.003530657879251331,0.003530657879251331
41000212,2011-05-03 19:00:00,,Arbitrage,Moneyline,195.0,-190.0,true,0.005844535359438852,0.005844535359438852
41000212,2011-05-03 19:00:00,,Arbitrage,Moneyline,195.0,-190.0,true,0.005844535359438852,0.005844535359438852
21600265,2016-11-29 21:00:00,,Arbitrage,Moneyline,-109.0,110.0,true,0.0022784233310549906,0.0022784233310549906
41000211,2011-05-01 15:30:00,,Arbitrage,Moneyline,193.0,-185.0,true,0.0095802646548111,0.0095802646548111
41000211,2011-05-01 15:30:00,,Arbitrage,Moneyline,-185.0,190.0,true,0.006049606775559546,0.006049606775559546
21600246,2016-11-27 15:30:00,,Arbitrage,Moneyline,127.0,-125.0,true,0.003915810083210958,0.003915810083210958
21600240,2016-11-26 19:00:00,,Arbitrage,Moneyline,-210.0,230.0,true,0.019550342130987275,0.019550342130987275
40600152,2007-04-24 22:30:00,,Arbitrage,Moneyline,-454.0,1300.0,true,0.10907684373388349,0.10907684373388349
40600152,2007-04-24 22:30:00,,Arbitrage,Moneyline,-454.0,1300.0,true,0.10907684373388349,0.10907684373388349
40600152,2007-04-24 22:30:00,,Arbitrage,Moneyline,-550.0,1300.0,true,0.08241758241758246,0.08241758241758246
40600152,2007-04-24 22:30:00,,Arbitrage,Moneyline,-550.0,1300.0,true,0.08241758241758246,0.08241758241758246
40600152,2007-04-24 22:30:00,,Arbitrage,Moneyline,-475.0,1300.0,true,0.10248447204968947,0.10248447204968947
40600152,2007-04-24 22:30:00,,Arbitrage,Moneyline,-475.0,1300.0,true,0.10248447204968947,0.10248447204968947
40600152,2007-04-24 22:30:00,,Arbitrage,Moneyline,1300.0,-500.0,true,0.09523809523809523,0.09523809523809523
40600152,2007-04-24 22:30:00,,Arbitrage,Moneyline,1300.0,-500.0,true,0.09523809523809523,0.09523809523809523
40600152,2007-04-24 22:30:00,,Arbitrage,Moneyline,-500.0,1300.0,true,0.09523809523809523,0.09523809523809523
40600152,2007-04-24 22:30:00,,Arbitrage,Moneyline,-500.0,1300.0,true,0.09523809523809523,0.09523809523809523
40600153,2007-04-26 22:30:00,,Arbitrage,Moneyline,163.0,2200.0,true,0.5762936022483055,0.5762936022483055
40600153,2007-04-26 22:30:00,,Arbitrage,Moneyline,163.0,2200.0,true,0.5762936022483055,0.5762936022483055
40600153,2007-04-26 22:30:00,,Arbitrage,Moneyline,165.0,2200.0,true,0.579163248564397,0.579163248564397
40600153,2007-04-26 22:30:00,,Arbitrage,Moneyline,165.0,2200.0,true,0.579163248564397,0.579163248564397
40600153,2007-04-26 22:30:00,,Arbitrage,Moneyline,165.0,2200.0,true,0.579163248564397,0.579163248564397
40600153,2007-04-26 22:30:00,,Arbitrage,Moneyline,165.0,2200.0,true,0.579163248564397,0.579163248564397
40600153,2007-04-26 22:30:00,,Arbitrage,Moneyline,2200.0,170.0,true,0.5861513687600645,0.5861513687600645
40600153,2007-04-26 22:30:00,,Arbitrage,Moneyline,2200.0,170.0,true,0.5861513687600645,0.5861513687600645
40600153,2007-04-26 22:30:00,,Arbitrage,Moneyline,170.0,2200.0,true,0.5861513687600645,0.5861513687600645
40600153,2007-04-26 22:30:00,,Arbitrage,Moneyline,170.0,2200.0,true,0.5861513687600645,0.5861513687600645
11100017,2011-12-20 20:00:00,,Arbitrage,Moneyline,317.0,-305.0,true,0.007105426769695278,0.007105426769695278
11100017,2011-12-20 20:00:00,,Arbitrage,Moneyline,310.0,-305.0,true,0.003011141222523328,0.003011141222523328
11100017,2011-12-20 20:00:00,,Arbitrage,Moneyline,315.0,-305.0,true,0.005949724825226821,0.005949724825226821
21600237,2016-11-25 22:00:00,,Arbitrage,Moneyline,-153.0,160.0,true,0.010641532380662788,0.010641532380662788
21600237,2016-11-25 22:00:00,,Arbitrage,Moneyline,-153.0,155.0,true,0.00310005425094928,0.00310005425094928
21600237,2016-11-25 22:00:00,,Arbitrage,Moneyline,-153.0,160.0,true,0.010641532380662788,0.010641532380662788
20600407,2006-12-26 20:00:00,,Arbitrage,Moneyline,-400.0,420.0,true,0.007692307692307665,0.007692307692307665
20600407,2006-12-26 20:00:00,,Arbitrage,Moneyline,-410.0,420.0,true,0.0037707390648566985,0.0037707390648566985
21600219,2016-11-23 20:00:00,,Arbitrage,Moneyline,-159.0,160.0,true,0.0014850014850014137,0.0014850014850014137
21600219,2016-11-23 20:00:00,,Arbitrage,Moneyline,-159.0,160.0,true,0.0014850014850014137,0.0014850014850014137
21600224,2016-11-23 22:30:00,,Arbitrage,Moneyline,-118.0,120.0,true,0.00417014178482078,0.00417014178482078
40600132,2007-04-24 20:00:00,,Arbitrage,Moneyline,-164.0,180.0,true,0.02164502164502169,0.02164502164502169
40600132,2007-04-24 20:00:00,,Arbitrage,Moneyline,-164.0,180.0,true,0.02164502164502169,0.02164502164502169
40600132,2007-04-24 20:00:00,,Arbitrage,Moneyline,-160.0,180.0,true,0.027472527472527375,0.027472527472527375
40600132,2007-04-24 20:00:00,,Arbitrage,Moneyline,-160.0,180.0,true,0.027472527472527375,0.027472527472527375
40600132,2007-04-24 20:00:00,,Arbitrage,Moneyline,-165.0,180.0,true,0.020215633423180446,0.020215633423180446
40600132,2007-04-24 20:00:00,,Arbitrage,Moneyline,-165.0,180.0,true,0.020215633423180446,0.020215633423180446
40600132,2007-04-24 20:00:00,,Arbitrage,Moneyline,180.0,-155.0,true,0.03501400560224077,0.03501400560224077
40600132,2007-04-24 20:00:00,,Arbitrage,Moneyline,180.0,-165.0,true,0.020215633423180446,0.020215633423180446
40600132,2007-04-24 20:00:00,,Arbitrage,Moneyline,-155.0,180.0,true,0.03501400560224077,0.03501400560224077
40600132,2007-04-24 20:00:00,,Arbitrage,Moneyline,-165.0,180.0,true,0.020215633423180446,0.020215633423180446
40600133,2007-04-27 20:00:00,,Arbitrage,Moneyline,-233.0,300.0,true,0.050300300300300305,0.050300300300300305
40600133,2007-04-27 20:00:00,,Arbitrage,Moneyline,-233.0,300.0,true,0.050300300300300305,0.050300300300300305
40600133,2007-04-27 20:00:00,,Arbitrage,Moneyline,-235.0,300.0,true,0.04850746268656714,0.04850746268656714
40600133,2007-04-27 20:00:00,,Arbitrage,Moneyline,-235.0,300.0,true,0.04850746268656714,0.04850746268656714
40600133,2007-04-27 20:00:00,,Arbitrage,Moneyline,-230.0,300.0,true,0.05303030303030298,0.05303030303030298
40600133,2007-04-27 20:00:00,,Arbitrage,Moneyline,-230.0,300.0,true,0.05303030303030298,0.05303030303030298
40600133,2007-04-27 20:00:00,,Arbitrage,Moneyline,300.0,-240.0,true,0.044117647058823595,0.044117647058823595
40600133,2007-04-27 20:00:00,,Arbitrage,Moneyline,300.0,-240.0,true,0.044117647058823595,0.044117647058823595
40600133,2007-04-27 20:00:00,,Arbitrage,Moneyline,-240.0,300.0,true,0.044117647058823595,0.044117647058823595
40600133,2007-04-27 20:00:00,,Arbitrage,Moneyline,-240.0,300.0,true,0.044117647058823595,0.044117647058823595
21600205,2016-11-21 20:00:00,,Arbitrage,Moneyline,-110.0,115.0,true,0.011074197120708673,0.011074197120708673
21600210,2016-11-22 21:00:00,,Arbitrage,Moneyline,-118.0,120.0,true,0.00417014178482078,0.00417014178482078
40600143,2007-04-27 22:30:00,,Arbitrage,Moneyline,160.0,450.0,true,0.43356643356643354,0.43356643356643354
40600143,2007-04-27 22:30:00,,Arbitrage,Moneyline,160.0,450.0,true,0.43356643356643354,0.43356643356643354
40600143,2007-04-27 22:30:00,,Arbitrage,Moneyline,160.0,450.0,true,0.43356643356643354,0.43356643356643354
40600143,2007-04-27 22:30:00,,Arbitrage,Moneyline,160.0,450.0,true,0.43356643356643354,0.43356643356643354
40600143,2007-04-27 22:30:00,,Arbitrage,Moneyline,155.0,450.0,true,0.42602495543672014,0.42602495543672014
40600143,2007-04-27 22:30:00,,Arbitrage,Moneyline,155.0,450.0,true,0.42602495543672014,0.42602495543672014
40600143,2007-04-27 22:30:00,,Arbitrage,Moneyline,450.0,155.0,true,0.42602495543672014,0.42602495543672014
40600143,2007-04-27 22:30:00,,Arbitrage,Moneyline,450.0,160.0,true,0.43356643356643354,0.43356643356643354
40600143,2007-04-27 22:30:00,,Arbitrage,Moneyline,155.0,450.0,true,0.42602495543672014,0.42602495543672014
40600143,2007-04-27 22:30:00,,Arbitrage,Moneyline,160.0,450.0,true,0.43356643356643354,0.43356643356643354
40600144,2007-04-29 22:00:00,,Arbitrage,Moneyline,170.0,-165.0,true,0.006988120195667302,0.006988120195667302
21600202,2016-11-21 19:00:00,,Arbitrage,Moneyline,1523.0,-1500.0,true,8.857054836721723E-4,8.857054836721723E-4
21300396,2013-12-21 19:30:00,,Arbitrage,Moneyline,-109.0,115.0,true,0.013352620451763775,0.013352620451763775
21300396,2013-12-21 19:30:00,,Arbitrage,Moneyline,-109.0,125.0,true,0.034024455077086735,0.034024455077086735
21300396,2013-12-21 19:30:00,,Arbitrage,Moneyline,-109.0,115.0,true,0.013352620451763775,0.013352620451763775
21300396,2013-12-21 19:30:00,,Arbitrage,Moneyline,-113.0,115.0,true,0.004367289005349884,0.004367289005349884
21300396,2013-12-21 19:30:00,,Arbitrage,Moneyline,-113.0,125.0,true,0.025039123630672955,0.025039123630672955
21300396,2013-12-21 19:30:00,,Arbitrage,Moneyline,-113.0,115.0,true,0.004367289005349884,0.004367289005349884
21300396,2013-12-21 19:30:00,,Arbitrage,Moneyline,-115.0,125.0,true,0.02067183462532296,0.02067183462532296
21300396,2013-12-21 19:30:00,,Arbitrage,Moneyline,115.0,-110.0,true,0.011074197120708673,0.011074197120708673
21300396,2013-12-21 19:30:00,,Arbitrage,Moneyline,125.0,-110.0,true,0.031746031746031744,0.031746031746031744
21300396,2013-12-21 19:30:00,,Arbitrage,Moneyline,125.0,-115.0,true,0.02067183462532296,0.02067183462532296
21300396,2013-12-21 19:30:00,,Arbitrage,Moneyline,125.0,-120.0,true,0.010101010101010166,0.010101010101010166
21300396,2013-12-21 19:30:00,,Arbitrage,Moneyline,125.0,-120.0,true,0.010101010101010166,0.010101010101010166
21300396,2013-12-21 19:30:00,,Arbitrage,Moneyline,-110.0,115.0,true,0.011074197120708673,0.011074197120708673
40600126,2007-05-04 20:00:00,,Arbitrage,Moneyline,399.0,-370.0,true,0.012365155843602094,0.012365155843602094
40600126,2007-05-04 20:00:00,,Arbitrage,Moneyline,-370.0,380.0,true,0.004432624113475114,0.004432624113475114
40600122,2007-04-24 19:00:00,,Arbitrage,Moneyline,227.0,170.0,true,0.32381923207611285,0.32381923207611285
40600122,2007-04-24 19:00:00,,Arbitrage,Moneyline,227.0,170.0,true,0.32381923207611285,0.32381923207611285
40600122,2007-04-24 19:00:00,,Arbitrage,Moneyline,220.0,170.0,true,0.31712962962962965,0.31712962962962965
40600122,2007-04-24 19:00:00,,Arbitrage,Moneyline,220.0,170.0,true,0.31712962962962965,0.31712962962962965
40600122,2007-04-24 19:00:00,,Arbitrage,Moneyline,235.0,170.0,true,0.3311221669430625,0.3311221669430625
40600122,2007-04-24 19:00:00,,Arbitrage,Moneyline,235.0,170.0,true,0.3311221669430625,0.3311221669430625
40600122,2007-04-24 19:00:00,,Arbitrage,Moneyline,170.0,235.0,true,0.3311221669430625,0.3311221669430625
40600122,2007-04-24 19:00:00,,Arbitrage,Moneyline,170.0,200.0,true,0.2962962962962963,0.2962962962962963
40600122,2007-04-24 19:00:00,,Arbitrage,Moneyline,235.0,170.0,true,0.3311221669430625,0.3311221669430625
40600122,2007-04-24 19:00:00,,Arbitrage,Moneyline,200.0,170.0,true,0.2962962962962963,0.2962962962962963
20600459,2007-01-01 22:00:00,,Arbitrage,Moneyline,-265.0,270.0,true,0.003702332469455838,0.003702332469455838
20600459,2007-01-01 22:00:00,,Arbitrage,Moneyline,-265.0,270.0,true,0.003702332469455838,0.003702332469455838
40600102,2007-04-23 19:00:00,,Arbitrage,Moneyline,-400.0,1400.0,true,0.1333333333333333,0.1333333333333333
40600102,2007-04-23 19:00:00,,Arbitrage,Moneyline,-400.0,1400.0,true,0.1333333333333333,0.1333333333333333
40600102,2007-04-23 19:00:00,,Arbitrage,Moneyline,-425.0,1400.0,true,0.12380952380952381,0.12380952380952381
40600102,2007-04-23 19:00:00,,Arbitrage,Moneyline,-425.0,1400.0,true,0.12380952380952381,0.12380952380952381
40600102,2007-04-23 19:00:00,,Arbitrage,Moneyline,-450.0,1400.0,true,0.11515151515151523,0.11515151515151523
40600102,2007-04-23 19:00:00,,Arbitrage,Moneyline,-450.0,1400.0,true,0.11515151515151523,0.11515151515151523
40600102,2007-04-23 19:00:00,,Arbitrage,Moneyline,1400.0,-500.0,true,0.09999999999999998,0.09999999999999998
40600102,2007-04-23 19:00:00,,Arbitrage,Moneyline,1400.0,-450.0,true,0.11515151515151523,0.11515151515151523
40600102,2007-04-23 19:00:00,,Arbitrage,Moneyline,-500.0,1400.0,true,0.09999999999999998,0.09999999999999998
40600102,2007-04-23 19:00:00,,Arbitrage,Moneyline,-450.0,1400.0,true,0.11515151515151523,0.11515151515151523
21000517,2011-01-05 20:00:00,,Arbitrage,Moneyline,334.0,-320.0,true,0.007680491551459334,0.007680491551459334
21000517,2011-01-05 20:00:00,,Arbitrage,Moneyline,334.0,-330.0,true,0.0021433929911048866,0.0021433929911048866
21000517,2011-01-05 20:00:00,,Arbitrage,Moneyline,334.0,-330.0,true,0.0021433929911048866,0.0021433929911048866
21000516,2011-01-05 19:30:00,,Arbitrage,Moneyline,-125.0,130.0,true,0.009661835748792202,0.009661835748792202
20600470,2007-01-03 19:30:00,,Arbitrage,Moneyline,220.0,-170.0,true,0.05787037037037046,0.05787037037037046
20600470,2007-01-03 19:30:00,,Arbitrage,Moneyline,220.0,-180.0,true,0.044642857142857206,0.044642857142857206
20600470,2007-01-03 19:30:00,,Arbitrage,Moneyline,-170.0,200.0,true,0.0370370370370372,0.0370370370370372
20600470,2007-01-03 19:30:00,,Arbitrage,Moneyline,200.0,-180.0,true,0.023809523809523947,0.023809523809523947
21000509,2011-01-04 20:30:00,,Arbitrage,Moneyline,-134.0,135.0,true,0.0018185124568101951,0.0018185124568101951
21000508,2011-01-04 20:00:00,,Arbitrage,Moneyline,-109.0,115.0,true,0.013352620451763775,0.013352620451763775
21000508,2011-01-04 20:00:00,,Arbitrage,Moneyline,-109.0,115.0,true,0.013352620451763775,0.013352620451763775
21000508,2011-01-04 20:00:00,,Arbitrage,Moneyline,-113.0,115.0,true,0.004367289005349884,0.004367289005349884
21000508,2011-01-04 20:00:00,,Arbitrage,Moneyline,-113.0,115.0,true,0.004367289005349884,0.004367289005349884
21000507,2011-01-04 20:00:00,,Arbitrage,Moneyline,485.0,-475.0,true,0.0029728725380899768,0.0029728725380899768
21000507,2011-01-04 20:00:00,,Arbitrage,Moneyline,480.0,-475.0,true,0.0014992503748125774,0.0014992503748125774
21000500,2011-01-03 19:00:00,,Arbitrage,Moneyline,604.0,-600.0,true,8.116883116883189E-4,8.116883116883189E-4
21000500,2011-01-03 19:00:00,,Arbitrage,Moneyline,604.0,-600.0,true,8.116883116883189E-4,8.116883116883189E-4
20600482,2007-01-05 19:30:00,,Arbitrage,Moneyline,100.0,105.0,true,0.012195121951219523,0.012195121951219523
20600493,2007-01-06 20:00:00,,Arbitrage,Moneyline,515.0,-500.0,true,0.004065040650406471,0.004065040650406471
20600495,2007-01-06 21:00:00,,Arbitrage,Moneyline,215.0,-165.0,true,0.05989817310572021,0.05989817310572021
20600495,2007-01-06 21:00:00,,Arbitrage,Moneyline,195.0,-165.0,true,0.03837543971858004,0.03837543971858004
20600495,2007-01-06 21:00:00,,Arbitrage,Moneyline,-165.0,200.0,true,0.04402515723270439,0.04402515723270439
21600290,2016-12-02 22:30:00,,Arbitrage,Moneyline,152.0,-145.0,true,0.01133786848072571,0.01133786848072571
21600291,2016-12-03 17:00:00,,Arbitrage,Moneyline,-375.0,435.0,true,0.023610427939006362,0.023610427939006362
21600291,2016-12-03 17:00:00,,Arbitrage,Moneyline,-375.0,430.0,true,0.021847070506454846,0.021847070506454846
21600291,2016-12-03 17:00:00,,Arbitrage,Moneyline,-375.0,430.0,true,0.021847070506454846,0.021847070506454846
21600291,2016-12-03 17:00:00,,Arbitrage,Moneyline,-375.0,385.0,true,0.0043407487791643495,0.0043407487791643495
21600291,2016-12-03 17:00:00,,Arbitrage,Moneyline,-375.0,410.0,true,0.014447884416924683,0.014447884416924683
21600291,2016-12-03 17:00:00,,Arbitrage,Moneyline,-375.0,420.0,true,0.018218623481781382,0.018218623481781382
21600291,2016-12-03 17:00:00,,Arbitrage,Moneyline,-375.0,430.0,true,0.021847070506454846,0.021847070506454846
21600291,2016-12-03 17:00:00,,Arbitrage,Moneyline,-375.0,430.0,true,0.021847070506454846,0.021847070506454846
21300300,2013-12-08 18:00:00,,Arbitrage,Moneyline,-148.0,150.0,true,0.003225806451612856,0.003225806451612856
21600286,2016-12-02 20:00:00,,Arbitrage,Moneyline,-115.0,120.0,true,0.010570824524312794,0.010570824524312794
21000453,2010-12-27 22:00:00,,Arbitrage,Moneyline,102.0,104.0,true,0.014754416618132371,0.014754416618132371
21000477,2010-12-31 15:00:00,,Arbitrage,Moneyline,-154.0,160.0,true,0.009085402786190189,0.009085402786190189
21000477,2010-12-31 15:00:00,,Arbitrage,Moneyline,-154.0,155.0,true,0.0015439246564766806,0.0015439246564766806
21000477,2010-12-31 15:00:00,,Arbitrage,Moneyline,-154.0,155.0,true,0.0015439246564766806,0.0015439246564766806
21000477,2010-12-31 15:00:00,,Arbitrage,Moneyline,-154.0,157.0,true,0.004595729035816065,0.004595729035816065
21000477,2010-12-31 15:00:00,,Arbitrage,Moneyline,-155.0,160.0,true,0.007541478129713397,0.007541478129713397
21000477,2010-12-31 15:00:00,,Arbitrage,Moneyline,-155.0,157.0,true,0.0030518043793392735,0.0030518043793392735
21000475,2010-12-30 22:00:00,,Arbitrage,Moneyline,104.0,100.0,true,0.009803921568627416,0.009803921568627416
21000475,2010-12-30 22:00:00,,Arbitrage,Moneyline,103.0,100.0,true,0.007389162561576401,0.007389162561576401
21000466,2010-12-29 20:00:00,,Arbitrage,Moneyline,140.0,-130.0,true,0.018115942028985366,0.018115942028985366
20900364,2009-12-16 20:00:00,,Arbitrage,Moneyline,-108.0,110.0,true,0.0045787545787546735,0.0045787545787546735
20900364,2009-12-16 20:00:00,,Arbitrage,Moneyline,-108.0,109.0,true,0.002300331247699683,0.002300331247699683
20900364,2009-12-16 20:00:00,,Arbitrage,Moneyline,-108.0,110.0,true,0.0045787545787546735,0.0045787545787546735
21000410,2010-12-20 19:30:00,,Arbitrage,Moneyline,-290.0,300.0,true,0.0064102564102563875,0.0064102564102563875
20900399,2009-12-20 19:30:00,,Arbitrage,Moneyline,250.0,-245.0,true,0.0041407867494823725,0.0041407867494823725
20900311,2009-12-09 19:30:00,,Arbitrage,Moneyline,-104.0,110.0,true,0.01400560224089642,0.01400560224089642
20900311,2009-12-09 19:30:00,,Arbitrage,Moneyline,-104.0,110.0,true,0.01400560224089642,0.01400560224089642
20900311,2009-12-09 19:30:00,,Arbitrage,Moneyline,-102.0,110.0,true,0.01885902876001888,0.01885902876001888
20900311,2009-12-09 19:30:00,,Arbitrage,Moneyline,-102.0,104.0,true,0.004853426519122461,0.004853426519122461
20900311,2009-12-09 19:30:00,,Arbitrage,Moneyline,-102.0,110.0,true,0.01885902876001888,0.01885902876001888
20900314,2009-12-09 20:30:00,,Arbitrage,Moneyline,-138.0,140.0,true,0.003501400560224077,0.003501400560224077
20900314,2009-12-09 20:30:00,,Arbitrage,Moneyline,140.0,-139.0,true,0.0017433751743374248,0.0017433751743374248
20900300,2009-12-08 19:00:00,,Arbitrage,Moneyline,-142.0,145.0,true,0.0050598751897452665,0.0050598751897452665
20900332,2009-12-12 19:30:00,,Arbitrage,Moneyline,-210.0,220.0,true,0.01008064516129037,0.01008064516129037
20900332,2009-12-12 19:30:00,,Arbitrage,Moneyline,-210.0,220.0,true,0.01008064516129037,0.01008064516129037
41000101,2011-04-16 13:00:00,,Arbitrage,Moneyline,-1075.0,1200.0,true,0.008183306055646433,0.008183306055646433
41000101,2011-04-16 13:00:00,,Arbitrage,Moneyline,-1075.0,1475.0,true,0.021614319486659817,0.021614319486659817
41000101,2011-04-16 13:00:00,,Arbitrage,Moneyline,-1075.0,1100.0,true,0.0017730496453899347,0.0017730496453899347
41000101,2011-04-16 13:00:00,,Arbitrage,Moneyline,-1075.0,1100.0,true,0.0017730496453899347,0.0017730496453899347
41000101,2011-04-16 13:00:00,,Arbitrage,Moneyline,1475.0,-1200.0,true,0.013431013431013383,0.013431013431013383
21600386,2016-12-15 21:00:00,,Arbitrage,Moneyline,140.0,-135.0,true,0.008865248226950229,0.008865248226950229
21600381,2016-12-14 20:30:00,,Arbitrage,Moneyline,-200.0,210.0,true,0.010752688172043001,0.010752688172043001
21600381,2016-12-14 20:30:00,,Arbitrage,Moneyline,-205.0,210.0,true,0.005288207297726055,0.005288207297726055
21600381,2016-12-14 20:30:00,,Arbitrage,Moneyline,210.0,-205.0,true,0.005288207297726055,0.005288207297726055
21600383,2016-12-14 21:30:00,,Arbitrage,Moneyline,-230.0,235.0,true,0.0045228403437358455,0.0045228403437358455
21600372,2016-12-13 21:00:00,,Arbitrage,Moneyline,-118.0,120.0,true,0.00417014178482078,0.00417014178482078
21600339,2016-12-09 19:30:00,,Arbitrage,Moneyline,123.0,-120.0,true,0.006114961271912023,0.006114961271912023
21600339,2016-12-09 19:30:00,,Arbitrage,Moneyline,125.0,-120.0,true,0.010101010101010166,0.010101010101010166
21600339,2016-12-09 19:30:00,,Arbitrage,Moneyline,-120.0,125.0,true,0.010101010101010166,0.010101010101010166
21600330,2016-12-07 22:30:00,,Arbitrage,Moneyline,-160.0,165.0,true,0.007256894049346818,0.007256894049346818
21600330,2016-12-07 22:30:00,,Arbitrage,Moneyline,165.0,-160.0,true,0.007256894049346818,0.007256894049346818
20600308,2006-12-11 22:30:00,,Arbitrage,Moneyline,152.0,-150.0,true,0.0031746031746031633,0.0031746031746031633
21600319,2016-12-06 20:00:00,,Arbitrage,Moneyline,-160.0,165.0,true,0.007256894049346818,0.007256894049346818
41000122,2011-04-19 19:00:00,,Arbitrage,Moneyline,-310.0,550.0,true,0.09005628517823638,0.09005628517823638
41000122,2011-04-19 19:00:00,,Arbitrage,Moneyline,550.0,-300.0,true,0.09615384615384615,0.09615384615384615
41000122,2011-04-19 19:00:00,,Arbitrage,Moneyline,550.0,-290.0,true,0.10256410256410253,0.10256410256410253
41000122,2011-04-19 19:00:00,,Arbitrage,Moneyline,550.0,-290.0,true,0.10256410256410253,0.10256410256410253
41000122,2011-04-19 19:00:00,,Arbitrage,Moneyline,550.0,-290.0,true,0.10256410256410253,0.10256410256410253
41000122,2011-04-19 19:00:00,,Arbitrage,Moneyline,550.0,-300.0,true,0.09615384615384615,0.09615384615384615
41000122,2011-04-19 19:00:00,,Arbitrage,Moneyline,550.0,-290.0,true,0.10256410256410253,0.10256410256410253
21600316,2016-12-06 19:30:00,,Arbitrage,Moneyline,-113.0,120.0,true,0.0149381135296629,0.0149381135296629
21600316,2016-12-06 19:30:00,,Arbitrage,Moneyline,120.0,-115.0,true,0.010570824524312794,0.010570824524312794
21600316,2016-12-06 19:30:00,,Arbitrage,Moneyline,120.0,-110.0,true,0.02164502164502169,0.02164502164502169
21600316,2016-12-06 19:30:00,,Arbitrage,Moneyline,120.0,-115.0,true,0.010570824524312794,0.010570824524312794
21600316,2016-12-06 19:30:00,,Arbitrage,Moneyline,120.0,-115.0,true,0.010570824524312794,0.010570824524312794
21600322,2016-12-07 19:00:00,,Arbitrage,Moneyline,-107.0,110.0,true,0.0069013112491373985,0.0069013112491373985
40600231,2007-05-06 15:30:00,,Arbitrage,Moneyline,-155.0,180.0,true,0.03501400560224077,0.03501400560224077
40600231,2007-05-06 15:30:00,,Arbitrage,Moneyline,-155.0,175.0,true,0.028520499108734332,0.028520499108734332
40600231,2007-05-06 15:30:00,,Arbitrage,Moneyline,180.0,-155.0,true,0.03501400560224077,0.03501400560224077
40600231,2007-05-06 15:30:00,,Arbitrage,Moneyline,175.0,-155.0,true,0.028520499108734332,0.028520499108734332
21600305,2016-12-05 19:30:00,,Arbitrage,Moneyline,115.0,-110.0,true,0.011074197120708673,0.011074197120708673
21300478,2014-01-02 21:00:00,,Arbitrage,Moneyline,-186.0,195.0,true,0.010667298802892078,0.010667298802892078
21300478,2014-01-02 21:00:00,,Arbitrage,Moneyline,-186.0,195.0,true,0.010667298802892078,0.010667298802892078
21300478,2014-01-02 21:00:00,,Arbitrage,Moneyline,185.0,-180.0,true,0.006265664160401085,0.006265664160401085
21300478,2014-01-02 21:00:00,,Arbitrage,Moneyline,185.0,-180.0,true,0.006265664160401085,0.006265664160401085
21300478,2014-01-02 21:00:00,,Arbitrage,Moneyline,-180.0,195.0,true,0.018159806295399594,0.018159806295399594
21300478,2014-01-02 21:00:00,,Arbitrage,Moneyline,-180.0,185.0,true,0.006265664160401085,0.006265664160401085
21300478,2014-01-02 21:00:00,,Arbitrage,Moneyline,-180.0,185.0,true,0.006265664160401085,0.006265664160401085
21300478,2014-01-02 21:00:00,,Arbitrage,Moneyline,-180.0,195.0,true,0.018159806295399594,0.018159806295399594
21300478,2014-01-02 21:00:00,,Arbitrage,Moneyline,195.0,-180.0,true,0.018159806295399594,0.018159806295399594
21300478,2014-01-02 21:00:00,,Arbitrage,Moneyline,185.0,-180.0,true,0.006265664160401085,0.006265664160401085
21300478,2014-01-02 21:00:00,,Arbitrage,Moneyline,185.0,-180.0,true,0.006265664160401085,0.006265664160401085
21300478,2014-01-02 21:00:00,,Arbitrage,Moneyline,-180.0,195.0,true,0.018159806295399594,0.018159806295399594
21300486,2014-01-03 20:30:00,,Arbitrage,Moneyline,-129.0,130.0,true,0.0018986140117713823,0.0018986140117713823
40600211,2007-05-06 13:00:00,,Arbitrage,Moneyline,260.0,-250.0,true,0.007936507936507908,0.007936507936507908
40600211,2007-05-06 13:00:00,,Arbitrage,Moneyline,260.0,-250.0,true,0.007936507936507908,0.007936507936507908
40600213,2007-05-12 17:00:00,,Arbitrage,Moneyline,-201.0,205.0,true,0.00435706116224599,0.00435706116224599
20600343,2006-12-16 19:00:00,,Arbitrage,Moneyline,-109.0,110.0,true,0.0022784233310549906,0.0022784233310549906
41000162,2011-04-19 21:30:00,,Arbitrage,Moneyline,-166.0,167.0,true,0.0014080144180675935,0.0014080144180675935
41000161,2011-04-16 21:30:00,,Arbitrage,Moneyline,193.0,-185.0,true,0.0095802646548111,0.0095802646548111
41000161,2011-04-16 21:30:00,,Arbitrage,Moneyline,-185.0,190.0,true,0.006049606775559546,0.006049606775559546
21300463,2013-12-31 20:00:00,,Arbitrage,Moneyline,103.0,100.0,true,0.007389162561576401,0.007389162561576401
21300463,2013-12-31 20:00:00,,Arbitrage,Moneyline,103.0,100.0,true,0.007389162561576401,0.007389162561576401
21300463,2013-12-31 20:00:00,,Arbitrage,Moneyline,105.0,100.0,true,0.012195121951219523,0.012195121951219523
21300463,2013-12-31 20:00:00,,Arbitrage,Moneyline,105.0,100.0,true,0.012195121951219523,0.012195121951219523
40900161,2010-04-18 22:30:00,,Arbitrage,Moneyline,-355.0,370.0,true,0.007014262333411292,0.007014262333411292
41000151,2011-04-17 15:30:00,,Arbitrage,Moneyline,720.0,-700.0,true,0.0030487804878048808,0.0030487804878048808
41000151,2011-04-17 15:30:00,,Arbitrage,Moneyline,750.0,-700.0,true,0.007352941176470562,0.007352941176470562
41000151,2011-04-17 15:30:00,,Arbitrage,Moneyline,710.0,-700.0,true,0.0015432098765432167,0.0015432098765432167
41000151,2011-04-17 15:30:00,,Arbitrage,Moneyline,-700.0,710.0,true,0.0015432098765432167,0.0015432098765432167
40900163,2010-04-22 22:00:00,,Arbitrage,Moneyline,104.0,100.0,true,0.009803921568627416,0.009803921568627416
40900163,2010-04-22 22:00:00,,Arbitrage,Moneyline,108.0,100.0,true,0.019230769230769273,0.019230769230769273
40900163,2010-04-22 22:00:00,,Arbitrage,Moneyline,105.0,100.0,true,0.012195121951219523,0.012195121951219523
40900163,2010-04-22 22:00:00,,Arbitrage,Moneyline,100.0,105.0,true,0.012195121951219523,0.012195121951219523
40900162,2010-04-20 22:00:00,,Arbitrage,Moneyline,483.0,-475.0,true,0.002386456857334629,0.002386456857334629
20600373,2007-02-05 21:00:00,,Arbitrage,Moneyline,398.0,-335.0,true,0.029081844619858743,0.029081844619858743
20600373,2007-02-05 21:00:00,,Arbitrage,Moneyline,375.0,-335.0,true,0.019358741681790637,0.019358741681790637
20600373,2007-02-05 21:00:00,,Arbitrage,Moneyline,-335.0,350.0,true,0.007662835249042099,0.007662835249042099
40900146,2010-04-30 21:30:00,,Arbitrage,Moneyline,-110.0,115.0,true,0.011074197120708673,0.011074197120708673
40900146,2010-04-30 21:30:00,,Arbitrage,Moneyline,-110.0,115.0,true,0.011074197120708673,0.011074197120708673
40900146,2010-04-30 21:30:00,,Arbitrage,Moneyline,115.0,-105.0,true,0.022688598979013097,0.022688598979013097
40900146,2010-04-30 21:30:00,,Arbitrage,Moneyline,-105.0,115.0,true,0.022688598979013097,0.022688598979013097
40900144,2010-04-24 21:30:00,,Arbitrage,Moneyline,-104.0,110.0,true,0.01400560224089642,0.01400560224089642
40900144,2010-04-24 21:30:00,,Arbitrage,Moneyline,-104.0,110.0,true,0.01400560224089642,0.01400560224089642
21000333,2010-12-10 20:00:00,,Arbitrage,Moneyline,-113.0,115.0,true,0.004367289005349884,0.004367289005349884
21000333,2010-12-10 20:00:00,,Arbitrage,Moneyline,-113.0,115.0,true,0.004367289005349884,0.004367289005349884
21000333,2010-12-10 20:00:00,,Arbitrage,Moneyline,-113.0,115.0,true,0.004367289005349884,0.004367289005349884
21000333,2010-12-10 20:00:00,,Arbitrage,Moneyline,-113.0,115.0,true,0.004367289005349884,0.004367289005349884
21000333,2010-12-10 20:00:00,,Arbitrage,Moneyline,-113.0,115.0,true,0.004367289005349884,0.004367289005349884
21000333,2010-12-10 20:00:00,,Arbitrage,Moneyline,-113.0,115.0,true,0.004367289005349884,0.004367289005349884
21000331,2010-12-10 19:00:00,,Arbitrage,Moneyline,102.0,110.0,true,0.02876001885902879,0.02876001885902879
21000331,2010-12-10 19:00:00,,Arbitrage,Moneyline,102.0,109.0,true,0.0264815955279738,0.0264815955279738
21000331,2010-12-10 19:00:00,,Arbitrage,Moneyline,102.0,110.0,true,0.02876001885902879,0.02876001885902879
21000331,2010-12-10 19:00:00,,Arbitrage,Moneyline,-103.0,110.0,true,0.016420361247947435,0.016420361247947435
21000331,2010-12-10 19:00:00,,Arbitrage,Moneyline,-103.0,109.0,true,0.014141937916892444,0.014141937916892444
21000331,2010-12-10 19:00:00,,Arbitrage,Moneyline,-103.0,110.0,true,0.016420361247947435,0.016420361247947435
21000331,2010-12-10 19:00:00,,Arbitrage,Moneyline,-105.0,110.0,true,0.011614401858304313,0.011614401858304313
21000331,2010-12-10 19:00:00,,Arbitrage,Moneyline,-105.0,109.0,true,0.009335978527249322,0.009335978527249322
21000331,2010-12-10 19:00:00,,Arbitrage,Moneyline,-105.0,110.0,true,0.011614401858304313,0.011614401858304313
21000331,2010-12-10 19:00:00,,Arbitrage,Moneyline,110.0,105.0,true,0.03600464576074325,0.03600464576074325
21000331,2010-12-10 19:00:00,,Arbitrage,Moneyline,110.0,100.0,true,0.023809523809523836,0.023809523809523836
21000331,2010-12-10 19:00:00,,Arbitrage,Moneyline,109.0,105.0,true,0.03372622242968837,0.03372622242968837
21000331,2010-12-10 19:00:00,,Arbitrage,Moneyline,109.0,100.0,true,0.021531100478468845,0.021531100478468845
21000331,2010-12-10 19:00:00,,Arbitrage,Moneyline,105.0,110.0,true,0.03600464576074325,0.03600464576074325
21000331,2010-12-10 19:00:00,,Arbitrage,Moneyline,100.0,110.0,true,0.023809523809523836,0.023809523809523836
21300406,2013-12-22 21:30:00,,Arbitrage,Moneyline,-183.0,190.0,true,0.008529304252467451,0.008529304252467451
21300406,2013-12-22 21:30:00,,Arbitrage,Moneyline,-183.0,185.0,true,0.002479697476907905,0.002479697476907905
21300406,2013-12-22 21:30:00,,Arbitrage,Moneyline,-185.0,190.0,true,0.006049606775559546,0.006049606775559546
21000324,2010-12-08 21:00:00,,Arbitrage,Moneyline,103.0,100.0,true,0.007389162561576401,0.007389162561576401
20900465,2009-12-30 20:00:00,,Arbitrage,Moneyline,-101.0,110.0,true,0.021321961620469065,0.021321961620469065
20900465,2009-12-30 20:00:00,,Arbitrage,Moneyline,-101.0,115.0,true,0.03239615874117785,0.03239615874117785
20900465,2009-12-30 20:00:00,,Arbitrage,Moneyline,-101.0,110.0,true,0.021321961620469065,0.021321961620469065
20900465,2009-12-30 20:00:00,,Arbitrage,Moneyline,-105.0,110.0,true,0.011614401858304313,0.011614401858304313
20900465,2009-12-30 20:00:00,,Arbitrage,Moneyline,-105.0,115.0,true,0.022688598979013097,0.022688598979013097
20900465,2009-12-30 20:00:00,,Arbitrage,Moneyline,-105.0,110.0,true,0.011614401858304313,0.011614401858304313
20900465,2009-12-30 20:00:00,,Arbitrage,Moneyline,100.0,110.0,true,0.023809523809523836,0.023809523809523836
20900465,2009-12-30 20:00:00,,Arbitrage,Moneyline,100.0,115.0,true,0.03488372093023262,0.03488372093023262
20900465,2009-12-30 20:00:00,,Arbitrage,Moneyline,100.0,110.0,true,0.023809523809523836,0.023809523809523836
20900465,2009-12-30 20:00:00,,Arbitrage,Moneyline,110.0,-108.0,true,0.0045787545787546735,0.0045787545787546735
20900465,2009-12-30 20:00:00,,Arbitrage,Moneyline,115.0,-108.0,true,0.015652951699463458,0.015652951699463458
20900465,2009-12-30 20:00:00,,Arbitrage,Moneyline,-108.0,110.0,true,0.0045787545787546735,0.0045787545787546735
21000362,2010-12-14 19:00:00,,Arbitrage,Moneyline,605.0,-600.0,true,0.0010131712259372483,0.0010131712259372483
21000362,2010-12-14 19:00:00,,Arbitrage,Moneyline,605.0,-600.0,true,0.0010131712259372483,0.0010131712259372483
41600163,2017-04-21 21:30:00,,Arbitrage,Moneyline,135.0,-130.0,true,0.009250693802035137,0.009250693802035137
41600163,2017-04-21 21:30:00,,Arbitrage,Moneyline,-130.0,135.0,true,0.009250693802035137,0.009250693802035137
21000349,2010-12-12 12:00:00,,Arbitrage,Moneyline,136.0,-135.0,true,0.0018031013342949542,0.0018031013342949542
21000352,2010-12-12 19:00:00,,Arbitrage,Moneyline,1250.0,-1200.0,true,0.002849002849002802,0.002849002849002802
41600104,2017-04-23 18:30:00,,Arbitrage,Moneyline,-118.0,120.0,true,0.00417014178482078,0.00417014178482078
41300173,2014-04-25 22:30:00,,Arbitrage,Moneyline,-128.0,130.0,true,0.0038138825324179892,0.0038138825324179892
41300173,2014-04-25 22:30:00,,Arbitrage,Moneyline,-126.0,130.0,true,0.0076952674105423835,0.0076952674105423835
41300127,2014-05-04 13:00:00,,Arbitrage,Moneyline,133.0,-130.0,true,0.005598059339428918,0.005598059339428918
41300144,2014-04-28 21:30:00,,Arbitrage,Moneyline,185.0,-182.0,true,0.0037327360955581312,0.0037327360955581312
41300144,2014-04-28 21:30:00,,Arbitrage,Moneyline,185.0,-180.0,true,0.006265664160401085,0.006265664160401085
41300154,2014-04-26 21:30:00,,Arbitrage,Moneyline,-155.0,160.0,true,0.007541478129713397,0.007541478129713397
20900400,2009-12-21 19:00:00,,Arbitrage,Moneyline,-111.0,115.0,true,0.008817370219332155,0.008817370219332155
20900400,2009-12-21 19:00:00,,Arbitrage,Moneyline,-111.0,115.0,true,0.008817370219332155,0.008817370219332155
21000380,2010-12-16 22:30:00,,Arbitrage,Moneyline,111.0,104.0,true,0.03587027227952799,0.03587027227952799
21000380,2010-12-16 22:30:00,,Arbitrage,Moneyline,105.0,104.0,true,0.02199904351984694,0.02199904351984694
21000380,2010-12-16 22:30:00,,Arbitrage,Moneyline,100.0,104.0,true,0.009803921568627416,0.009803921568627416
21000380,2010-12-16 22:30:00,,Arbitrage,Moneyline,105.0,104.0,true,0.02199904351984694,0.02199904351984694
21000380,2010-12-16 22:30:00,,Arbitrage,Moneyline,104.0,100.0,true,0.009803921568627416,0.009803921568627416
21000380,2010-12-16 22:30:00,,Arbitrage,Moneyline,104.0,105.0,true,0.02199904351984694,0.02199904351984694
21000380,2010-12-16 22:30:00,,Arbitrage,Moneyline,104.0,105.0,true,0.02199904351984694,0.02199904351984694
20900420,2009-12-23 20:30:00,,Arbitrage,Moneyline,768.0,-500.0,true,0.051459293394777283,0.051459293394777283
20900420,2009-12-23 20:30:00,,Arbitrage,Moneyline,768.0,-500.0,true,0.051459293394777283,0.051459293394777283
20900420,2009-12-23 20:30:00,,Arbitrage,Moneyline,775.0,-500.0,true,0.052380952380952306,0.052380952380952306
20900420,2009-12-23 20:30:00,,Arbitrage,Moneyline,775.0,-500.0,true,0.052380952380952306,0.052380952380952306
20900420,2009-12-23 20:30:00,,Arbitrage,Moneyline,800.0,-500.0,true,0.05555555555555558,0.05555555555555558
20900420,2009-12-23 20:30:00,,Arbitrage,Moneyline,800.0,-500.0,true,0.05555555555555558,0.05555555555555558
20900420,2009-12-23 20:30:00,,Arbitrage,Moneyline,-500.0,700.0,true,0.04166666666666663,0.04166666666666663
20900420,2009-12-23 20:30:00,,Arbitrage,Moneyline,-500.0,750.0,true,0.04901960784313719,0.04901960784313719
20900420,2009-12-23 20:30:00,,Arbitrage,Moneyline,700.0,-500.0,true,0.04166666666666663,0.04166666666666663
20900420,2009-12-23 20:30:00,,Arbitrage,Moneyline,750.0,-500.0,true,0.04901960784313719,0.04901960784313719
41600177,2017-04-30 15:30:00,,Arbitrage,Moneyline,-154.0,155.0,true,0.0015439246564766806,0.0015439246564766806
21000397,2010-12-18 20:30:00,,Arbitrage,Moneyline,645.0,-600.0,true,0.00862895493767979,0.00862895493767979
21000397,2010-12-18 20:30:00,,Arbitrage,Moneyline,645.0,-600.0,true,0.00862895493767979,0.00862895493767979
21000397,2010-12-18 20:30:00,,Arbitrage,Moneyline,635.0,-600.0,true,0.006802721088435382,0.006802721088435382
21000397,2010-12-18 20:30:00,,Arbitrage,Moneyline,635.0,-600.0,true,0.006802721088435382,0.006802721088435382
21000397,2010-12-18 20:30:00,,Arbitrage,Moneyline,625.0,-600.0,true,0.0049261083743843415,0.0049261083743843415
21000397,2010-12-18 20:30:00,,Arbitrage,Moneyline,625.0,-600.0,true,0.0049261083743843415,0.0049261083743843415
20900453,2009-12-29 19:00:00,,Arbitrage,Moneyline,103.0,110.0,true,0.031198686371100237,0.031198686371100237
20900453,2009-12-29 19:00:00,,Arbitrage,Moneyline,103.0,110.0,true,0.031198686371100237,0.031198686371100237
20900453,2009-12-29 19:00:00,,Arbitrage,Moneyline,-103.0,110.0,true,0.016420361247947435,0.016420361247947435
20900453,2009-12-29 19:00:00,,Arbitrage,Moneyline,-103.0,110.0,true,0.016420361247947435,0.016420361247947435
20900453,2009-12-29 19:00:00,,Arbitrage,Moneyline,100.0,110.0,true,0.023809523809523836,0.023809523809523836
20900453,2009-12-29 19:00:00,,Arbitrage,Moneyline,100.0,110.0,true,0.023809523809523836,0.023809523809523836
20900453,2009-12-29 19:00:00,,Arbitrage,Moneyline,110.0,-105.0,true,0.011614401858304313,0.011614401858304313
20900453,2009-12-29 19:00:00,,Arbitrage,Moneyline,-105.0,110.0,true,0.011614401858304313,0.011614401858304313
21000393,2010-12-18 19:00:00,,Arbitrage,Moneyline,1440.0,-1250.0,true,0.009139009139009224,0.009139009139009224
21000393,2010-12-18 19:00:00,,Arbitrage,Moneyline,1440.0,-1000.0,true,0.025974025974025983,0.025974025974025983
21000393,2010-12-18 19:00:00,,Arbitrage,Moneyline,1025.0,-1000.0,true,0.002020202020202033,0.002020202020202033
21000393,2010-12-18 19:00:00,,Arbitrage,Moneyline,1050.0,-1000.0,true,0.0039525691699604515,0.0039525691699604515
20600610,2007-01-22 19:30:00,,Arbitrage,Moneyline,107.0,135.0,true,0.09137629766676958,0.09137629766676958
20600610,2007-01-22 19:30:00,,Arbitrage,Moneyline,100.0,135.0,true,0.07446808510638303,0.07446808510638303
20600610,2007-01-22 19:30:00,,Arbitrage,Moneyline,105.0,135.0,true,0.08666320705760244,0.08666320705760244
20600616,2007-01-23 19:00:00,,Arbitrage,Moneyline,-176.0,180.0,true,0.005175983436852993,0.005175983436852993
41300301,2014-05-18 15:30:00,,Arbitrage,Moneyline,-120.0,130.0,true,0.01976284584980237,0.01976284584980237
41300301,2014-05-18 15:30:00,,Arbitrage,Moneyline,-128.0,130.0,true,0.0038138825324179892,0.0038138825324179892
41300302,2014-05-20 20:30:00,,Arbitrage,Moneyline,-137.0,145.0,true,0.01377766296391969,0.01377766296391969
41300302,2014-05-20 20:30:00,,Arbitrage,Moneyline,-140.0,145.0,true,0.008503401360544283,0.008503401360544283
41300302,2014-05-20 20:30:00,,Arbitrage,Moneyline,-140.0,145.0,true,0.008503401360544283,0.008503401360544283
41300302,2014-05-20 20:30:00,,Arbitrage,Moneyline,145.0,-140.0,true,0.008503401360544283,0.008503401360544283
41300302,2014-05-20 20:30:00,,Arbitrage,Moneyline,145.0,-140.0,true,0.008503401360544283,0.008503401360544283
20600643,2007-01-26 21:00:00,,Arbitrage,Moneyline,-138.0,140.0,true,0.003501400560224077,0.003501400560224077
20600643,2007-01-26 21:00:00,,Arbitrage,Moneyline,-135.0,140.0,true,0.008865248226950229,0.008865248226950229
20600687,2007-02-01 20:00:00,,Arbitrage,Moneyline,-230.0,235.0,true,0.0045228403437358455,0.0045228403437358455
20900071,2009-11-05 22:30:00,,Arbitrage,Moneyline,102.0,110.0,true,0.02876001885902879,0.02876001885902879
20900071,2009-11-05 22:30:00,,Arbitrage,Moneyline,102.0,110.0,true,0.02876001885902879,0.02876001885902879
20900071,2009-11-05 22:30:00,,Arbitrage,Moneyline,-103.0,110.0,true,0.016420361247947435,0.016420361247947435
20900071,2009-11-05 22:30:00,,Arbitrage,Moneyline,-103.0,110.0,true,0.016420361247947435,0.016420361247947435
20900071,2009-11-05 22:30:00,,Arbitrage,Moneyline,110.0,-105.0,true,0.011614401858304313,0.011614401858304313
20900071,2009-11-05 22:30:00,,Arbitrage,Moneyline,-105.0,110.0,true,0.011614401858304313,0.011614401858304313
20600699,2007-02-03 19:00:00,,Arbitrage,Moneyline,-143.0,145.0,true,0.003359368438733412,0.003359368438733412
20600696,2007-02-02 20:00:00,,Arbitrage,Moneyline,-113.0,115.0,true,0.004367289005349884,0.004367289005349884
20900065,2009-11-04 20:00:00,,Arbitrage,Moneyline,825.0,-600.0,true,0.03474903474903479,0.03474903474903479
20900065,2009-11-04 20:00:00,,Arbitrage,Moneyline,825.0,-600.0,true,0.03474903474903479,0.03474903474903479
20900065,2009-11-04 20:00:00,,Arbitrage,Moneyline,700.0,-600.0,true,0.017857142857142905,0.017857142857142905
20900065,2009-11-04 20:00:00,,Arbitrage,Moneyline,700.0,-600.0,true,0.017857142857142905,0.017857142857142905
20900065,2009-11-04 20:00:00,,Arbitrage,Moneyline,800.0,-600.0,true,0.031746031746031855,0.031746031746031855
20900065,2009-11-04 20:00:00,,Arbitrage,Moneyline,800.0,-600.0,true,0.031746031746031855,0.031746031746031855
20900065,2009-11-04 20:00:00,,Arbitrage,Moneyline,-600.0,650.0,true,0.009523809523809601,0.009523809523809601
20900065,2009-11-04 20:00:00,,Arbitrage,Moneyline,-600.0,750.0,true,0.025210084033613467,0.025210084033613467
20900065,2009-11-04 20:00:00,,Arbitrage,Moneyline,650.0,-600.0,true,0.009523809523809601,0.009523809523809601
20900065,2009-11-04 20:00:00,,Arbitrage,Moneyline,750.0,-600.0,true,0.025210084033613467,0.025210084033613467
21600090,2016-11-06 19:00:00,,Arbitrage,Moneyline,131.0,-130.0,true,0.0018821757952192097,0.0018821757952192097
21600090,2016-11-06 19:00:00,,Arbitrage,Moneyline,140.0,-130.0,true,0.018115942028985366,0.018115942028985366
21600090,2016-11-06 19:00:00,,Arbitrage,Moneyline,-130.0,140.0,true,0.018115942028985366,0.018115942028985366
21600086,2016-11-05 20:30:00,,Arbitrage,Moneyline,-182.0,185.0,true,0.0037327360955581312,0.0037327360955581312
21600076,2016-11-04 20:30:00,,Arbitrage,Moneyline,-127.0,130.0,true,0.005746025665581245,0.005746025665581245
21600076,2016-11-04 20:30:00,,Arbitrage,Moneyline,-127.0,135.0,true,0.014996719467616382,0.014996719467616382
21600076,2016-11-04 20:30:00,,Arbitrage,Moneyline,-127.0,130.0,true,0.005746025665581245,0.005746025665581245
21600076,2016-11-04 20:30:00,,Arbitrage,Moneyline,-127.0,135.0,true,0.014996719467616382,0.014996719467616382
21600055,2016-11-02 19:00:00,,Arbitrage,Moneyline,105.0,100.0,true,0.012195121951219523,0.012195121951219523
21600055,2016-11-02 19:00:00,,Arbitrage,Moneyline,105.0,100.0,true,0.012195121951219523,0.012195121951219523
40600304,2007-05-29 20:00:00,,Arbitrage,Moneyline,110.0,400.0,true,0.32380952380952377,0.32380952380952377
40600304,2007-05-29 20:00:00,,Arbitrage,Moneyline,110.0,400.0,true,0.32380952380952377,0.32380952380952377
40600304,2007-05-29 20:00:00,,Arbitrage,Moneyline,115.0,400.0,true,0.33488372093023255,0.33488372093023255
40600304,2007-05-29 20:00:00,,Arbitrage,Moneyline,115.0,400.0,true,0.33488372093023255,0.33488372093023255
40600304,2007-05-29 20:00:00,,Arbitrage,Moneyline,110.0,400.0,true,0.32380952380952377,0.32380952380952377
40600304,2007-05-29 20:00:00,,Arbitrage,Moneyline,110.0,400.0,true,0.32380952380952377,0.32380952380952377
40600304,2007-05-29 20:00:00,,Arbitrage,Moneyline,400.0,111.0,true,0.3260663507109005,0.3260663507109005
40600304,2007-05-29 20:00:00,,Arbitrage,Moneyline,111.0,400.0,true,0.3260663507109005,0.3260663507109005
21600052,2016-11-01 20:00:00,,Arbitrage,Moneyline,-180.0,295.0,true,0.10397830018083187,0.10397830018083187
21600052,2016-11-01 20:00:00,,Arbitrage,Moneyline,-180.0,285.0,true,0.09740259740259749,0.09740259740259749
21600052,2016-11-01 20:00:00,,Arbitrage,Moneyline,-180.0,280.0,true,0.09398496240601517,0.09398496240601517
21600052,2016-11-01 20:00:00,,Arbitrage,Moneyline,-180.0,275.0,true,0.0904761904761906,0.0904761904761906
21600052,2016-11-01 20:00:00,,Arbitrage,Moneyline,-180.0,270.0,true,0.08687258687258703,0.08687258687258703
21600052,2016-11-01 20:00:00,,Arbitrage,Moneyline,-180.0,275.0,true,0.0904761904761906,0.0904761904761906
21600052,2016-11-01 20:00:00,,Arbitrage,Moneyline,-180.0,280.0,true,0.09398496240601517,0.09398496240601517
21600052,2016-11-01 20:00:00,,Arbitrage,Moneyline,-180.0,285.0,true,0.09740259740259749,0.09740259740259749
21600052,2016-11-01 20:00:00,,Arbitrage,Moneyline,-180.0,280.0,true,0.09398496240601517,0.09398496240601517
21000240,2010-11-27 21:00:00,,Arbitrage,Moneyline,-140.0,145.0,true,0.008503401360544283,0.008503401360544283
21000240,2010-11-27 21:00:00,,Arbitrage,Moneyline,-135.0,145.0,true,0.01736864958749451,0.01736864958749451
21000240,2010-11-27 21:00:00,,Arbitrage,Moneyline,-130.0,145.0,true,0.02661934338952965,0.02661934338952965
21000240,2010-11-27 21:00:00,,Arbitrage,Moneyline,-140.0,145.0,true,0.008503401360544283,0.008503401360544283
21000240,2010-11-27 21:00:00,,Arbitrage,Moneyline,145.0,-139.0,true,0.010246776534881707,0.010246776534881707
21000240,2010-11-27 21:00:00,,Arbitrage,Moneyline,145.0,-130.0,true,0.02661934338952965,0.02661934338952965
21000240,2010-11-27 21:00:00,,Arbitrage,Moneyline,145.0,-130.0,true,0.02661934338952965,0.02661934338952965
21000240,2010-11-27 21:00:00,,Arbitrage,Moneyline,145.0,-140.0,true,0.008503401360544283,0.008503401360544283
20900133,2009-11-14 19:00:00,,Arbitrage,Moneyline,736.0,-600.0,true,0.02323991797676017,0.02323991797676017
20900133,2009-11-14 19:00:00,,Arbitrage,Moneyline,736.0,-600.0,true,0.02323991797676017,0.02323991797676017
20900133,2009-11-14 19:00:00,,Arbitrage,Moneyline,700.0,-600.0,true,0.017857142857142905,0.017857142857142905
20900133,2009-11-14 19:00:00,,Arbitrage,Moneyline,700.0,-600.0,true,0.017857142857142905,0.017857142857142905
20900133,2009-11-14 19:00:00,,Arbitrage,Moneyline,700.0,-600.0,true,0.017857142857142905,0.017857142857142905
20900133,2009-11-14 19:00:00,,Arbitrage,Moneyline,700.0,-600.0,true,0.017857142857142905,0.017857142857142905
20900133,2009-11-14 19:00:00,,Arbitrage,Moneyline,-600.0,700.0,true,0.017857142857142905,0.017857142857142905
20900133,2009-11-14 19:00:00,,Arbitrage,Moneyline,-600.0,700.0,true,0.017857142857142905,0.017857142857142905
20900133,2009-11-14 19:00:00,,Arbitrage,Moneyline,700.0,-600.0,true,0.017857142857142905,0.017857142857142905
20900133,2009-11-14 19:00:00,,Arbitrage,Moneyline,700.0,-600.0,true,0.017857142857142905,0.017857142857142905
21000231,2010-11-26 21:00:00,,Arbitrage,Moneyline,100.0,110.0,true,0.023809523809523836,0.023809523809523836
21000231,2010-11-26 21:00:00,,Arbitrage,Moneyline,100.0,110.0,true,0.023809523809523836,0.023809523809523836
21000231,2010-11-26 21:00:00,,Arbitrage,Moneyline,100.0,110.0,true,0.023809523809523836,0.023809523809523836
20900122,2009-11-12 20:00:00,,Arbitrage,Moneyline,100.0,110.0,true,0.023809523809523836,0.023809523809523836
20900122,2009-11-12 20:00:00,,Arbitrage,Moneyline,100.0,110.0,true,0.023809523809523836,0.023809523809523836
20900122,2009-11-12 20:00:00,,Arbitrage,Moneyline,-105.0,110.0,true,0.011614401858304313,0.011614401858304313
20900122,2009-11-12 20:00:00,,Arbitrage,Moneyline,-105.0,110.0,true,0.011614401858304313,0.011614401858304313
20900122,2009-11-12 20:00:00,,Arbitrage,Moneyline,-105.0,110.0,true,0.011614401858304313,0.011614401858304313
20900122,2009-11-12 20:00:00,,Arbitrage,Moneyline,-105.0,110.0,true,0.011614401858304313,0.011614401858304313
20900122,2009-11-12 20:00:00,,Arbitrage,Moneyline,110.0,100.0,true,0.023809523809523836,0.023809523809523836
20900122,2009-11-12 20:00:00,,Arbitrage,Moneyline,110.0,-105.0,true,0.011614401858304313,0.011614401858304313
20900122,2009-11-12 20:00:00,,Arbitrage,Moneyline,100.0,110.0,true,0.023809523809523836,0.023809523809523836
20900122,2009-11-12 20:00:00,,Arbitrage,Moneyline,-105.0,110.0,true,0.011614401858304313,0.011614401858304313
20900156,2009-11-17 22:00:00,,Arbitrage,Moneyline,-134.0,135.0,true,0.0018185124568101951,0.0018185124568101951
21000289,2010-12-04 19:30:00,,Arbitrage,Moneyline,-151.0,155.0,true,0.006249511756893922,0.006249511756893922
21000289,2010-12-04 19:30:00,,Arbitrage,Moneyline,-150.0,155.0,true,0.007843137254901822,0.007843137254901822
21000292,2010-12-04 20:30:00,,Arbitrage,Moneyline,184.0,-180.0,true,0.005030181086519203,0.005030181086519203
21000292,2010-12-04 20:30:00,,Arbitrage,Moneyline,184.0,-180.0,true,0.005030181086519203,0.005030181086519203
41300214,2014-05-12 20:00:00,,Arbitrage,Moneyline,-125.0,130.0,true,0.009661835748792202,0.009661835748792202
41300214,2014-05-12 20:00:00,,Arbitrage,Moneyline,-125.0,130.0,true,0.009661835748792202,0.009661835748792202
41300206,2014-05-15 20:00:00,,Arbitrage,Moneyline,166.0,-165.0,true,0.0014186409419775226,0.0014186409419775226
41300206,2014-05-15 20:00:00,,Arbitrage,Moneyline,167.0,-165.0,true,0.002826655360045116,0.002826655360045116
41300206,2014-05-15 20:00:00,,Arbitrage,Moneyline,169.0,-165.0,true,0.005611278670126785,0.005611278670126785
41300206,2014-05-15 20:00:00,,Arbitrage,Moneyline,-165.0,170.0,true,0.006988120195667302,0.006988120195667302
20600700,2007-02-03 19:00:00,,Arbitrage,Moneyline,-153.0,155.0,true,0.00310005425094928,0.00310005425094928
21000285,2010-12-03 21:00:00,,Arbitrage,Moneyline,-107.0,110.0,true,0.0069013112491373985,0.0069013112491373985
21000285,2010-12-03 21:00:00,,Arbitrage,Moneyline,-107.0,110.0,true,0.0069013112491373985,0.0069013112491373985
20600716,2007-02-05 19:30:00,,Arbitrage,Moneyline,495.0,-480.0,true,0.004346566212691916,0.004346566212691916
20600715,2007-02-05 19:00:00,,Arbitrage,Moneyline,320.0,-250.0,true,0.04761904761904767,0.04761904761904767
20600715,2007-02-05 19:00:00,,Arbitrage,Moneyline,285.0,-250.0,true,0.025974025974025983,0.025974025974025983
20600715,2007-02-05 19:00:00,,Arbitrage,Moneyline,-250.0,280.0,true,0.022556390977443552,0.022556390977443552
41300233,2014-05-09 22:30:00,,Arbitrage,Moneyline,175.0,-170.0,true,0.006734006734006814,0.006734006734006814
41300233,2014-05-09 22:30:00,,Arbitrage,Moneyline,-170.0,175.0,true,0.006734006734006814,0.006734006734006814
20600722,2007-02-06 20:00:00,,Arbitrage,Moneyline,108.0,100.0,true,0.019230769230769273,0.019230769230769273
21600139,2016-11-12 21:00:00,,Arbitrage,Moneyline,191.0,-190.0,true,0.001184974523047666,0.001184974523047666
21600147,2016-11-14 19:30:00,,Arbitrage,Moneyline,-106.0,110.0,true,0.009246417013407338,0.009246417013407338
21600142,2016-11-13 19:00:00,,Arbitrage,Moneyline,-115.0,125.0,true,0.02067183462532296,0.02067183462532296
21600142,2016-11-13 19:00:00,,Arbitrage,Moneyline,-115.0,125.0,true,0.02067183462532296,0.02067183462532296
21600142,2016-11-13 19:00:00,,Arbitrage,Moneyline,-105.0,125.0,true,0.04336043360433606,0.04336043360433606
21600142,2016-11-13 19:00:00,,Arbitrage,Moneyline,-105.0,125.0,true,0.04336043360433606,0.04336043360433606
21600142,2016-11-13 19:00:00,,Arbitrage,Moneyline,-105.0,125.0,true,0.04336043360433606,0.04336043360433606
21600142,2016-11-13 19:00:00,,Arbitrage,Moneyline,-105.0,125.0,true,0.04336043360433606,0.04336043360433606
21600142,2016-11-13 19:00:00,,Arbitrage,Moneyline,125.0,-110.0,true,0.031746031746031744,0.031746031746031744
21600142,2016-11-13 19:00:00,,Arbitrage,Moneyline,125.0,-115.0,true,0.02067183462532296,0.02067183462532296
21600142,2016-11-13 19:00:00,,Arbitrage,Moneyline,125.0,-115.0,true,0.02067183462532296,0.02067183462532296
21600142,2016-11-13 19:00:00,,Arbitrage,Moneyline,125.0,-105.0,true,0.04336043360433606,0.04336043360433606
21600142,2016-11-13 19:00:00,,Arbitrage,Moneyline,-110.0,125.0,true,0.031746031746031744,0.031746031746031744
21600142,2016-11-13 19:00:00,,Arbitrage,Moneyline,-115.0,125.0,true,0.02067183462532296,0.02067183462532296
21600142,2016-11-13 19:00:00,,Arbitrage,Moneyline,-115.0,125.0,true,0.02067183462532296,0.02067183462532296
21600142,2016-11-13 19:00:00,,Arbitrage,Moneyline,-105.0,125.0,true,0.04336043360433606,0.04336043360433606
21600128,2016-11-11 22:00:00,,Arbitrage,Moneyline,-300.0,315.0,true,0.009036144578313254,0.009036144578313254
41300402,2014-06-08 20:00:00,,Arbitrage,Moneyline,151.0,-150.0,true,0.001593625498007789,0.001593625498007789
41300402,2014-06-08 20:00:00,,Arbitrage,Moneyline,165.0,-150.0,true,0.022641509433962148,0.022641509433962148
41300405,2014-06-15 20:00:00,,Arbitrage,Moneyline,200.0,-190.0,true,0.011494252873563093,0.011494252873563093
21600125,2016-11-11 19:30:00,,Arbitrage,Moneyline,185.0,-180.0,true,0.006265664160401085,0.006265664160401085
21600125,2016-11-11 19:30:00,,Arbitrage,Moneyline,-185.0,190.0,true,0.006049606775559546,0.006049606775559546
21600125,2016-11-11 19:30:00,,Arbitrage,Moneyline,-180.0,190.0,true,0.012315270935960632,0.012315270935960632
21600125,2016-11-11 19:30:00,,Arbitrage,Moneyline,190.0,-185.0,true,0.006049606775559546,0.006049606775559546
20600512,2007-01-09 20:00:00,,Arbitrage,Moneyline,1100.0,-1000.0,true,0.007575757575757569,0.007575757575757569
21600107,2016-11-09 19:00:00,,Arbitrage,Moneyline,110.0,-105.0,true,0.011614401858304313,0.011614401858304313
21600112,2016-11-09 20:00:00,,Arbitrage,Moneyline,-150.0,155.0,true,0.007843137254901822,0.007843137254901822
21600112,2016-11-09 20:00:00,,Arbitrage,Moneyline,-150.0,155.0,true,0.007843137254901822,0.007843137254901822
20900194,2009-11-22 17:00:00,,Arbitrage,Moneyline,-114.0,120.0,true,0.01274426508071369,0.01274426508071369
21300699,2014-02-01 19:30:00,,Arbitrage,Moneyline,-130.0,135.0,true,0.009250693802035137,0.009250693802035137
21300699,2014-02-01 19:30:00,,Arbitrage,Moneyline,-130.0,135.0,true,0.009250693802035137,0.009250693802035137
20600593,2007-01-20 19:00:00,,Arbitrage,Moneyline,-103.0,105.0,true,0.004805959389643011,0.004805959389643011
21600198,2016-11-20 21:30:00,,Arbitrage,Moneyline,-124.0,125.0,true,0.001984126984126977,0.001984126984126977
21600186,2016-11-19 19:00:00,,Arbitrage,Moneyline,186.0,-185.0,true,0.001226843332106542,0.001226843332106542
21300696,2014-01-31 22:30:00,,Arbitrage,Moneyline,-230.0,235.0,true,0.0045228403437358455,0.0045228403437358455
21300696,2014-01-31 22:30:00,,Arbitrage,Moneyline,-220.0,235.0,true,0.013992537313432862,0.013992537313432862
21600173,2016-11-17 22:30:00,,Arbitrage,Moneyline,131.0,-130.0,true,0.0018821757952192097,0.0018821757952192097
21300667,2014-01-27 21:00:00,,Arbitrage,Moneyline,325.0,-310.0,true,0.008608321377331363,0.008608321377331363
21300667,2014-01-27 21:00:00,,Arbitrage,Moneyline,325.0,-320.0,true,0.0028011204481792618,0.0028011204481792618
21300667,2014-01-27 21:00:00,,Arbitrage,Moneyline,-310.0,340.0,true,0.016629711751662946,0.016629711751662946
21300667,2014-01-27 21:00:00,,Arbitrage,Moneyline,-310.0,340.0,true,0.016629711751662946,0.016629711751662946
21300667,2014-01-27 21:00:00,,Arbitrage,Moneyline,340.0,-330.0,true,0.005285412262156397,0.005285412262156397
21300667,2014-01-27 21:00:00,,Arbitrage,Moneyline,340.0,-330.0,true,0.005285412262156397,0.005285412262156397
21300667,2014-01-27 21:00:00,,Arbitrage,Moneyline,340.0,-320.0,true,0.010822510822510845,0.010822510822510845
21300667,2014-01-27 21:00:00,,Arbitrage,Moneyline,340.0,-330.0,true,0.005285412262156397,0.005285412262156397
21300667,2014-01-27 21:00:00,,Arbitrage,Moneyline,-330.0,340.0,true,0.005285412262156397,0.005285412262156397
21300667,2014-01-27 21:00:00,,Arbitrage,Moneyline,-330.0,340.0,true,0.005285412262156397,0.005285412262156397
21300667,2014-01-27 21:00:00,,Arbitrage,Moneyline,-320.0,340.0,true,0.010822510822510845,0.010822510822510845
21300667,2014-01-27 21:00:00,,Arbitrage,Moneyline,340.0,-330.0,true,0.005285412262156397,0.005285412262156397
40600402,2007-06-10 21:00:00,,Arbitrage,Moneyline,405.0,-400.0,true,0.001980198019801982,0.001980198019801982
21600155,2016-11-15 20:00:00,,Arbitrage,Moneyline,-102.0,105.0,true,0.007244626901714568,0.007244626901714568
21600155,2016-11-15 20:00:00,,Arbitrage,Moneyline,-102.0,105.0,true,0.007244626901714568,0.007244626901714568
21600155,2016-11-15 20:00:00,,Arbitrage,Moneyline,102.0,105.0,true,0.017145617000724478,0.017145617000724478
21600155,2016-11-15 20:00:00,,Arbitrage,Moneyline,102.0,105.0,true,0.017145617000724478,0.017145617000724478
21600155,2016-11-15 20:00:00,,Arbitrage,Moneyline,100.0,105.0,true,0.012195121951219523,0.012195121951219523
21600155,2016-11-15 20:00:00,,Arbitrage,Moneyline,100.0,105.0,true,0.012195121951219523,0.012195121951219523
21600155,2016-11-15 20:00:00,,Arbitrage,Moneyline,105.0,100.0,true,0.012195121951219523,0.012195121951219523
21600155,2016-11-15 20:00:00,,Arbitrage,Moneyline,105.0,100.0,true,0.012195121951219523,0.012195121951219523
21600155,2016-11-15 20:00:00,,Arbitrage,Moneyline,105.0,100.0,true,0.012195121951219523,0.012195121951219523
21600155,2016-11-15 20:00:00,,Arbitrage,Moneyline,100.0,105.0,true,0.012195121951219523,0.012195121951219523
21600155,2016-11-15 20:00:00,,Arbitrage,Moneyline,100.0,105.0,true,0.012195121951219523,0.012195121951219523
21600155,2016-11-15 20:00:00,,Arbitrage,Moneyline,100.0,105.0,true,0.012195121951219523,0.012195121951219523
20900238,2009-11-28 22:30:00,,Arbitrage,Moneyline,-345.0,355.0,true,0.004938881343375723,0.004938881343375723
20900238,2009-11-28 22:30:00,,Arbitrage,Moneyline,-345.0,350.0,true,0.0024968789013732895,0.0024968789013732895
21300650,2014-01-25 20:30:00,,Arbitrage,Moneyline,-123.0,125.0,true,0.003986048829098143,0.003986048829098143
21300650,2014-01-25 20:30:00,,Arbitrage,Moneyline,-123.0,125.0,true,0.003986048829098143,0.003986048829098143
21300620,2014-01-21 21:00:00,,Arbitrage,Moneyline,-175.0,177.0,true,0.002625533311453876,0.002625533311453876
21300620,2014-01-21 21:00:00,,Arbitrage,Moneyline,-175.0,180.0,true,0.006493506493506551,0.006493506493506551
20900271,2009-12-03 22:30:00,,Arbitrage,Moneyline,-135.0,140.0,true,0.008865248226950229,0.008865248226950229
20900271,2009-12-03 22:30:00,,Arbitrage,Moneyline,-135.0,145.0,true,0.01736864958749451,0.01736864958749451
20900271,2009-12-03 22:30:00,,Arbitrage,Moneyline,-135.0,145.0,true,0.01736864958749451,0.01736864958749451
20900271,2009-12-03 22:30:00,,Arbitrage,Moneyline,-135.0,145.0,true,0.01736864958749451,0.01736864958749451
20900271,2009-12-03 22:30:00,,Arbitrage,Moneyline,-140.0,145.0,true,0.008503401360544283,0.008503401360544283
20900271,2009-12-03 22:30:00,,Arbitrage,Moneyline,-140.0,145.0,true,0.008503401360544283,0.008503401360544283
20900271,2009-12-03 22:30:00,,Arbitrage,Moneyline,-140.0,145.0,true,0.008503401360544283,0.008503401360544283
20900271,2009-12-03 22:30:00,,Arbitrage,Moneyline,145.0,-144.0,true,0.0016728002676480447,0.0016728002676480447
20900271,2009-12-03 22:30:00,,Arbitrage,Moneyline,145.0,-140.0,true,0.008503401360544283,0.008503401360544283
20900271,2009-12-03 22:30:00,,Arbitrage,Moneyline,145.0,-144.0,true,0.0016728002676480447,0.0016728002676480447
20900271,2009-12-03 22:30:00,,Arbitrage,Moneyline,145.0,-140.0,true,0.008503401360544283,0.008503401360544283
20900271,2009-12-03 22:30:00,,Arbitrage,Moneyline,-144.0,145.0,true,0.0016728002676480447,0.0016728002676480447
20900271,2009-12-03 22:30:00,,Arbitrage,Moneyline,-140.0,145.0,true,0.008503401360544283,0.008503401360544283
20900260,2009-12-02 19:00:00,,Arbitrage,Moneyline,309.0,-245.0,true,0.045356294957655585,0.045356294957655585
20900260,2009-12-02 19:00:00,,Arbitrage,Moneyline,285.0,-245.0,true,0.030114812723508355,0.030114812723508355
20900260,2009-12-02 19:00:00,,Arbitrage,Moneyline,290.0,-245.0,true,0.03344481605351168,0.03344481605351168
20900260,2009-12-02 19:00:00,,Arbitrage,Moneyline,280.0,-245.0,true,0.026697177726926036,0.026697177726926036
20900260,2009-12-02 19:00:00,,Arbitrage,Moneyline,285.0,-245.0,true,0.030114812723508355,0.030114812723508355
20900260,2009-12-02 19:00:00,,Arbitrage,Moneyline,280.0,-245.0,true,0.026697177726926036,0.026697177726926036
20900260,2009-12-02 19:00:00,,Arbitrage,Moneyline,-245.0,280.0,true,0.026697177726926036,0.026697177726926036
20900269,2009-12-03 20:00:00,,Arbitrage,Moneyline,-103.0,110.0,true,0.016420361247947435,0.016420361247947435
20900269,2009-12-03 20:00:00,,Arbitrage,Moneyline,-103.0,110.0,true,0.016420361247947435,0.016420361247947435
21000175,2010-11-19 19:30:00,,Arbitrage,Moneyline,950.0,-900.0,true,0.004761904761904856,0.004761904761904856
21000198,2010-11-22 20:30:00,,Arbitrage,Moneyline,-128.0,130.0,true,0.0038138825324179892,0.0038138825324179892
21000198,2010-11-22 20:30:00,,Arbitrage,Moneyline,-125.0,130.0,true,0.009661835748792202,0.009661835748792202
21000194,2010-11-21 21:30:00,,Arbitrage,Moneyline,666.0,-650.0,true,0.0027850304612706545,0.0027850304612706545
21000194,2010-11-21 21:30:00,,Arbitrage,Moneyline,666.0,-650.0,true,0.0027850304612706545,0.0027850304612706545
21000194,2010-11-21 21:30:00,,Arbitrage,Moneyline,668.0,-650.0,true,0.0031249999999999334,0.0031249999999999334
21000194,2010-11-21 21:30:00,,Arbitrage,Moneyline,668.0,-650.0,true,0.0031249999999999334,0.0031249999999999334
21000192,2010-11-21 18:00:00,,Arbitrage,Moneyline,-165.0,170.0,true,0.006988120195667302,0.006988120195667302
21000190,2010-11-20 22:30:00,,Arbitrage,Moneyline,115.0,-113.0,true,0.004367289005349884,0.004367289005349884
21000136,2010-11-13 20:00:00,,Arbitrage,Moneyline,171.0,-170.0,true,0.0013666803334700939,0.0013666803334700939
41300315,2014-05-29 21:00:00,,Arbitrage,Moneyline,205.0,-200.0,true,0.005464480874316946,0.005464480874316946
41300315,2014-05-29 21:00:00,,Arbitrage,Moneyline,-200.0,210.0,true,0.010752688172043001,0.010752688172043001
21000155,2010-11-16 20:00:00,,Arbitrage,Moneyline,-161.0,165.0,true,0.005783271886069419,0.005783271886069419
21000162,2010-11-17 20:00:00,,Arbitrage,Moneyline,-159.0,160.0,true,0.0014850014850014137,0.0014850014850014137
21000154,2010-11-16 20:00:00,,Arbitrage,Moneyline,-102.0,110.0,true,0.01885902876001888,0.01885902876001888
21000154,2010-11-16 20:00:00,,Arbitrage,Moneyline,-102.0,109.0,true,0.01658060542896389,0.01658060542896389
21000154,2010-11-16 20:00:00,,Arbitrage,Moneyline,-102.0,110.0,true,0.01885902876001888,0.01885902876001888
21000154,2010-11-16 20:00:00,,Arbitrage,Moneyline,103.0,110.0,true,0.031198686371100237,0.031198686371100237
21000154,2010-11-16 20:00:00,,Arbitrage,Moneyline,103.0,109.0,true,0.028920263040045247,0.028920263040045247
21000154,2010-11-16 20:00:00,,Arbitrage,Moneyline,103.0,100.0,true,0.007389162561576401,0.007389162561576401
21000154,2010-11-16 20:00:00,,Arbitrage,Moneyline,103.0,110.0,true,0.031198686371100237,0.031198686371100237
21000154,2010-11-16 20:00:00,,Arbitrage,Moneyline,-105.0,110.0,true,0.011614401858304313,0.011614401858304313
21000154,2010-11-16 20:00:00,,Arbitrage,Moneyline,-105.0,109.0,true,0.009335978527249322,0.009335978527249322
21000154,2010-11-16 20:00:00,,Arbitrage,Moneyline,-105.0,110.0,true,0.011614401858304313,0.011614401858304313
21000154,2010-11-16 20:00:00,,Arbitrage,Moneyline,110.0,-105.0,true,0.011614401858304313,0.011614401858304313
21000154,2010-11-16 20:00:00,,Arbitrage,Moneyline,109.0,-105.0,true,0.009335978527249322,0.009335978527249322
21000154,2010-11-16 20:00:00,,Arbitrage,Moneyline,-105.0,110.0,true,0.011614401858304313,0.011614401858304313
20600601,2007-01-20 22:30:00,,Arbitrage,Moneyline,-102.0,105.0,true,0.007244626901714568,0.007244626901714568
21201031,2013-03-22 22:00:00,,Arbitrage,Moneyline,-114.0,125.0,true,0.022845275181723856,0.022845275181723856
21201031,2013-03-22 22:00:00,,Arbitrage,Moneyline,-120.0,125.0,true,0.010101010101010166,0.010101010101010166
21201031,2013-03-22 22:00:00,,Arbitrage,Moneyline,125.0,-120.0,true,0.010101010101010166,0.010101010101010166
21201031,2013-03-22 22:00:00,,Arbitrage,Moneyline,125.0,-120.0,true,0.010101010101010166,0.010101010101010166
21201036,2013-03-23 20:00:00,,Arbitrage,Moneyline,-285.0,290.0,true,0.0033300033300032172,0.0033300033300032172
21201035,2013-03-23 20:00:00,,Arbitrage,Moneyline,-123.0,125.0,true,0.003986048829098143,0.003986048829098143
21600676,2017-01-24 19:00:00,,Arbitrage,Moneyline,106.0,-104.0,true,0.004759185227489082,0.004759185227489082
21600676,2017-01-24 19:00:00,,Arbitrage,Moneyline,106.0,-105.0,true,0.0023679848448969754,0.0023679848448969754
21600676,2017-01-24 19:00:00,,Arbitrage,Moneyline,106.0,-104.0,true,0.004759185227489082,0.004759185227489082
21600676,2017-01-24 19:00:00,,Arbitrage,Moneyline,-104.0,106.0,true,0.004759185227489082,0.004759185227489082
21600676,2017-01-24 19:00:00,,Arbitrage,Moneyline,-105.0,106.0,true,0.0023679848448969754,0.0023679848448969754
21600676,2017-01-24 19:00:00,,Arbitrage,Moneyline,106.0,-104.0,true,0.004759185227489082,0.004759185227489082
20901178,2010-04-09 19:30:00,,Arbitrage,Moneyline,-104.0,120.0,true,0.035650623885918,0.035650623885918
20901178,2010-04-09 19:30:00,,Arbitrage,Moneyline,-104.0,140.0,true,0.07352941176470584,0.07352941176470584
20901178,2010-04-09 19:30:00,,Arbitrage,Moneyline,-104.0,115.0,true,0.025079799361605204,0.025079799361605204
20901178,2010-04-09 19:30:00,,Arbitrage,Moneyline,-104.0,120.0,true,0.035650623885918,0.035650623885918
20901178,2010-04-09 19:30:00,,Arbitrage,Moneyline,-102.0,120.0,true,0.04050405040504046,0.04050405040504046
20901178,2010-04-09 19:30:00,,Arbitrage,Moneyline,-102.0,140.0,true,0.0783828382838283,0.0783828382838283
20901178,2010-04-09 19:30:00,,Arbitrage,Moneyline,-102.0,115.0,true,0.029933225880727665,0.029933225880727665
20901178,2010-04-09 19:30:00,,Arbitrage,Moneyline,-102.0,120.0,true,0.04050405040504046,0.04050405040504046
20901178,2010-04-09 19:30:00,,Arbitrage,Moneyline,-110.0,120.0,true,0.02164502164502169,0.02164502164502169
20901178,2010-04-09 19:30:00,,Arbitrage,Moneyline,-110.0,140.0,true,0.059523809523809534,0.059523809523809534
20901178,2010-04-09 19:30:00,,Arbitrage,Moneyline,-110.0,115.0,true,0.011074197120708673,0.011074197120708673
20901178,2010-04-09 19:30:00,,Arbitrage,Moneyline,-110.0,120.0,true,0.02164502164502169,0.02164502164502169
20901178,2010-04-09 19:30:00,,Arbitrage,Moneyline,120.0,-116.0,true,0.008417508417508435,0.008417508417508435
20901178,2010-04-09 19:30:00,,Arbitrage,Moneyline,140.0,-135.0,true,0.008865248226950229,0.008865248226950229
20901178,2010-04-09 19:30:00,,Arbitrage,Moneyline,140.0,-116.0,true,0.04629629629629628,0.04629629629629628
20901178,2010-04-09 19:30:00,,Arbitrage,Moneyline,-116.0,120.0,true,0.008417508417508435,0.008417508417508435
21300779,2014-02-12 19:00:00,,Arbitrage,Moneyline,-255.0,260.0,true,0.00391236306729259,0.00391236306729259
20600042,2006-11-05 14:00:00,,Arbitrage,Moneyline,-150.0,155.0,true,0.007843137254901822,0.007843137254901822
21300758,2014-02-09 18:00:00,,Arbitrage,Moneyline,-167.0,170.0,true,0.004161464835622075,0.004161464835622075
21300758,2014-02-09 18:00:00,,Arbitrage,Moneyline,-165.0,170.0,true,0.006988120195667302,0.006988120195667302
21300752,2014-02-08 20:00:00,,Arbitrage,Moneyline,-172.0,182.0,true,0.013037129745515297,0.013037129745515297
21300752,2014-02-08 20:00:00,,Arbitrage,Moneyline,-170.0,182.0,true,0.01576044129235632,0.01576044129235632
21300752,2014-02-08 20:00:00,,Arbitrage,Moneyline,182.0,-180.0,true,0.002532928064843065,0.002532928064843065
21300752,2014-02-08 20:00:00,,Arbitrage,Moneyline,182.0,-180.0,true,0.002532928064843065,0.002532928064843065
21300752,2014-02-08 20:00:00,,Arbitrage,Moneyline,182.0,-180.0,true,0.002532928064843065,0.002532928064843065
21300752,2014-02-08 20:00:00,,Arbitrage,Moneyline,182.0,-180.0,true,0.002532928064843065,0.002532928064843065
20600059,2006-11-08 19:00:00,,Arbitrage,Moneyline,-210.0,230.0,true,0.019550342130987275,0.019550342130987275
20600059,2006-11-08 19:00:00,,Arbitrage,Moneyline,230.0,-220.0,true,0.009469696969697017,0.009469696969697017
20600067,2006-11-08 22:30:00,,Arbitrage,Moneyline,-126.0,130.0,true,0.0076952674105423835,0.0076952674105423835
21300732,2014-02-05 20:00:00,,Arbitrage,Moneyline,915.0,-650.0,true,0.034811165845648584,0.034811165845648584
21300732,2014-02-05 20:00:00,,Arbitrage,Moneyline,800.0,-650.0,true,0.022222222222222143,0.022222222222222143
21300732,2014-02-05 20:00:00,,Arbitrage,Moneyline,790.0,-650.0,true,0.0209737827715355,0.0209737827715355
21300732,2014-02-05 20:00:00,,Arbitrage,Moneyline,850.0,-650.0,true,0.028070175438596467,0.028070175438596467
21300732,2014-02-05 20:00:00,,Arbitrage,Moneyline,-650.0,805.0,true,0.02283609576427259,0.02283609576427259
21300732,2014-02-05 20:00:00,,Arbitrage,Moneyline,-650.0,725.0,true,0.012121212121212088,0.012121212121212088
21300732,2014-02-05 20:00:00,,Arbitrage,Moneyline,-650.0,860.0,true,0.029166666666666674,0.029166666666666674
21300732,2014-02-05 20:00:00,,Arbitrage,Moneyline,-650.0,790.0,true,0.0209737827715355,0.0209737827715355
21300732,2014-02-05 20:00:00,,Arbitrage,Moneyline,-650.0,850.0,true,0.028070175438596467,0.028070175438596467
20901212,2010-04-12 22:30:00,,Arbitrage,Moneyline,688.0,-600.0,true,0.015953589557650583,0.015953589557650583
20901212,2010-04-12 22:30:00,,Arbitrage,Moneyline,688.0,-600.0,true,0.015953589557650583,0.015953589557650583
20901212,2010-04-12 22:30:00,,Arbitrage,Moneyline,700.0,-600.0,true,0.017857142857142905,0.017857142857142905
20901212,2010-04-12 22:30:00,,Arbitrage,Moneyline,700.0,-600.0,true,0.017857142857142905,0.017857142857142905
20901212,2010-04-12 22:30:00,,Arbitrage,Moneyline,-600.0,650.0,true,0.009523809523809601,0.009523809523809601
20901212,2010-04-12 22:30:00,,Arbitrage,Moneyline,-600.0,650.0,true,0.009523809523809601,0.009523809523809601
20901212,2010-04-12 22:30:00,,Arbitrage,Moneyline,650.0,-600.0,true,0.009523809523809601,0.009523809523809601
20901212,2010-04-12 22:30:00,,Arbitrage,Moneyline,650.0,-600.0,true,0.009523809523809601,0.009523809523809601
20600080,2006-11-10 22:00:00,,Arbitrage,Moneyline,-124.0,125.0,true,0.001984126984126977,0.001984126984126977
20901217,2010-04-14 20:00:00,,Arbitrage,Moneyline,-135.0,180.0,true,0.06838905775075976,0.06838905775075976
20901217,2010-04-14 20:00:00,,Arbitrage,Moneyline,-130.0,180.0,true,0.0776397515527949,0.0776397515527949
20901217,2010-04-14 20:00:00,,Arbitrage,Moneyline,-130.0,180.0,true,0.0776397515527949,0.0776397515527949
20901217,2010-04-14 20:00:00,,Arbitrage,Moneyline,180.0,-135.0,true,0.06838905775075976,0.06838905775075976
20901217,2010-04-14 20:00:00,,Arbitrage,Moneyline,180.0,-130.0,true,0.0776397515527949,0.0776397515527949
21300726,2014-02-05 19:00:00,,Arbitrage,Moneyline,-145.0,155.0,true,0.01600640256102437,0.01600640256102437
21300726,2014-02-05 19:00:00,,Arbitrage,Moneyline,-150.0,155.0,true,0.007843137254901822,0.007843137254901822
21300703,2014-02-01 20:00:00,,Arbitrage,Moneyline,102.0,100.0,true,0.004950495049504955,0.004950495049504955
21000060,2010-11-03 21:00:00,,Arbitrage,Moneyline,150.0,-144.0,true,0.00983606557377048,0.00983606557377048
21000060,2010-11-03 21:00:00,,Arbitrage,Moneyline,-144.0,150.0,true,0.00983606557377048,0.00983606557377048
21000060,2010-11-03 21:00:00,,Arbitrage,Moneyline,-144.0,145.0,true,0.0016728002676480447,0.0016728002676480447
21000060,2010-11-03 21:00:00,,Arbitrage,Moneyline,-144.0,145.0,true,0.0016728002676480447,0.0016728002676480447
21000046,2010-11-01 22:30:00,,Arbitrage,Moneyline,310.0,-300.0,true,0.0060975609756097615,0.0060975609756097615
21000046,2010-11-01 22:30:00,,Arbitrage,Moneyline,310.0,-300.0,true,0.0060975609756097615,0.0060975609756097615
21000046,2010-11-01 22:30:00,,Arbitrage,Moneyline,325.0,-300.0,true,0.014705882352941124,0.014705882352941124
21000046,2010-11-01 22:30:00,,Arbitrage,Moneyline,325.0,-300.0,true,0.014705882352941124,0.014705882352941124
21000046,2010-11-01 22:30:00,,Arbitrage,Moneyline,315.0,-300.0,true,0.009036144578313254,0.009036144578313254
21000046,2010-11-01 22:30:00,,Arbitrage,Moneyline,315.0,-300.0,true,0.009036144578313254,0.009036144578313254
21000046,2010-11-01 22:30:00,,Arbitrage,Moneyline,-300.0,305.0,true,0.0030864197530864335,0.0030864197530864335
21000046,2010-11-01 22:30:00,,Arbitrage,Moneyline,305.0,-300.0,true,0.0030864197530864335,0.0030864197530864335
21000055,2010-11-03 19:00:00,,Arbitrage,Moneyline,-104.0,110.0,true,0.01400560224089642,0.01400560224089642
21000055,2010-11-03 19:00:00,,Arbitrage,Moneyline,-104.0,110.0,true,0.01400560224089642,0.01400560224089642
21000055,2010-11-03 19:00:00,,Arbitrage,Moneyline,101.0,110.0,true,0.026297085998578495,0.026297085998578495
21000055,2010-11-03 19:00:00,,Arbitrage,Moneyline,101.0,110.0,true,0.026297085998578495,0.026297085998578495
21000055,2010-11-03 19:00:00,,Arbitrage,Moneyline,110.0,100.0,true,0.023809523809523836,0.023809523809523836
21000055,2010-11-03 19:00:00,,Arbitrage,Moneyline,110.0,-105.0,true,0.011614401858304313,0.011614401858304313
21000055,2010-11-03 19:00:00,,Arbitrage,Moneyline,100.0,110.0,true,0.023809523809523836,0.023809523809523836
21000055,2010-11-03 19:00:00,,Arbitrage,Moneyline,-105.0,110.0,true,0.011614401858304313,0.011614401858304313
21000078,2010-11-05 22:30:00,,Arbitrage,Moneyline,-112.0,115.0,true,0.006581834137779685,0.006581834137779685
21000078,2010-11-05 22:30:00,,Arbitrage,Moneyline,-112.0,115.0,true,0.006581834137779685,0.006581834137779685
21600764,2017-02-04 22:30:00,,Arbitrage,Moneyline,337.0,1150.0,true,0.6911670480549199,0.6911670480549199
21600764,2017-02-04 22:30:00,,Arbitrage,Moneyline,337.0,1041.0,true,0.6835246291241575,0.6835246291241575
21600764,2017-02-04 22:30:00,,Arbitrage,Moneyline,337.0,1350.0,true,0.7022015308135406,0.7022015308135406
21600764,2017-02-04 22:30:00,,Arbitrage,Moneyline,337.0,1000.0,true,0.680257957145829,0.680257957145829
21600764,2017-02-04 22:30:00,,Arbitrage,Moneyline,337.0,1110.0,true,0.6885224199557464,0.6885224199557464
21600764,2017-02-04 22:30:00,,Arbitrage,Moneyline,337.0,1000.0,true,0.680257957145829,0.680257957145829
21600764,2017-02-04 22:30:00,,Arbitrage,Moneyline,337.0,1325.0,true,0.7009916094584288,0.7009916094584288
21600764,2017-02-04 22:30:00,,Arbitrage,Moneyline,337.0,1041.0,true,0.6835246291241575,0.6835246291241575
21600764,2017-02-04 22:30:00,,Arbitrage,Moneyline,337.0,1350.0,true,0.7022015308135406,0.7022015308135406
21600752,2017-02-03 21:00:00,,Arbitrage,Moneyline,-144.0,145.0,true,0.0016728002676480447,0.0016728002676480447
21600752,2017-02-03 21:00:00,,Arbitrage,Moneyline,-144.0,145.0,true,0.0016728002676480447,0.0016728002676480447
21600723,2017-01-30 22:30:00,,Arbitrage,Moneyline,154.0,-149.0,true,0.007905638301236473,0.007905638301236473
21600723,2017-01-30 22:30:00,,Arbitrage,Moneyline,154.0,-149.0,true,0.007905638301236473,0.007905638301236473
21600723,2017-01-30 22:30:00,,Arbitrage,Moneyline,155.0,-149.0,true,0.009449562957713153,0.009449562957713153
21600723,2017-01-30 22:30:00,,Arbitrage,Moneyline,155.0,-149.0,true,0.009449562957713153,0.009449562957713153
21600723,2017-01-30 22:30:00,,Arbitrage,Moneyline,150.0,-149.0,true,0.0016064257028112205,0.0016064257028112205
21600723,2017-01-30 22:30:00,,Arbitrage,Moneyline,150.0,-149.0,true,0.0016064257028112205,0.0016064257028112205
21600723,2017-01-30 22:30:00,,Arbitrage,Moneyline,-149.0,150.0,true,0.0016064257028112205,0.0016064257028112205
21600723,2017-01-30 22:30:00,,Arbitrage,Moneyline,-149.0,155.0,true,0.009449562957713153,0.009449562957713153
21600723,2017-01-30 22:30:00,,Arbitrage,Moneyline,-149.0,150.0,true,0.0016064257028112205,0.0016064257028112205
21600723,2017-01-30 22:30:00,,Arbitrage,Moneyline,-149.0,155.0,true,0.009449562957713153,0.009449562957713153
21600723,2017-01-30 22:30:00,,Arbitrage,Moneyline,-149.0,150.0,true,0.0016064257028112205,0.0016064257028112205
21600723,2017-01-30 22:30:00,,Arbitrage,Moneyline,150.0,-149.0,true,0.0016064257028112205,0.0016064257028112205
21600723,2017-01-30 22:30:00,,Arbitrage,Moneyline,155.0,-149.0,true,0.009449562957713153,0.009449562957713153
21600723,2017-01-30 22:30:00,,Arbitrage,Moneyline,150.0,-149.0,true,0.0016064257028112205,0.0016064257028112205
21600723,2017-01-30 22:30:00,,Arbitrage,Moneyline,155.0,-149.0,true,0.009449562957713153,0.009449562957713153
21600723,2017-01-30 22:30:00,,Arbitrage,Moneyline,150.0,-149.0,true,0.0016064257028112205,0.0016064257028112205
21000044,2010-11-01 20:00:00,,Arbitrage,Moneyline,102.0,100.0,true,0.004950495049504955,0.004950495049504955
21600703,2017-01-27 22:00:00,,Arbitrage,Moneyline,111.0,100.0,true,0.026066350710900466,0.026066350710900466
21600703,2017-01-27 22:00:00,,Arbitrage,Moneyline,105.0,100.0,true,0.012195121951219523,0.012195121951219523
21600703,2017-01-27 22:00:00,,Arbitrage,Moneyline,110.0,100.0,true,0.023809523809523836,0.023809523809523836
21600703,2017-01-27 22:00:00,,Arbitrage,Moneyline,105.0,100.0,true,0.012195121951219523,0.012195121951219523
21600703,2017-01-27 22:00:00,,Arbitrage,Moneyline,100.0,110.0,true,0.023809523809523836,0.023809523809523836
21600703,2017-01-27 22:00:00,,Arbitrage,Moneyline,100.0,105.0,true,0.012195121951219523,0.012195121951219523
21201111,2013-04-03 19:00:00,,Arbitrage,Moneyline,-175.0,180.0,true,0.006493506493506551,0.006493506493506551
21201115,2013-04-03 19:30:00,,Arbitrage,Moneyline,252.0,-250.0,true,0.0016233766233766378,0.0016233766233766378
21201115,2013-04-03 19:30:00,,Arbitrage,Moneyline,255.0,-250.0,true,0.004024144869215318,0.004024144869215318
21201144,2013-04-06 21:00:00,,Arbitrage,Moneyline,-205.0,210.0,true,0.005288207297726055,0.005288207297726055
21201144,2013-04-06 21:00:00,,Arbitrage,Moneyline,-205.0,210.0,true,0.005288207297726055,0.005288207297726055
21201144,2013-04-06 21:00:00,,Arbitrage,Moneyline,-200.0,210.0,true,0.010752688172043001,0.010752688172043001
21201144,2013-04-06 21:00:00,,Arbitrage,Moneyline,-200.0,210.0,true,0.010752688172043001,0.010752688172043001
21201143,2013-04-06 20:30:00,,Arbitrage,Moneyline,516.0,-500.0,true,0.0043290043290042934,0.0043290043290042934
21201143,2013-04-06 20:30:00,,Arbitrage,Moneyline,535.0,-500.0,true,0.009186351706036655,0.009186351706036655
21201143,2013-04-06 20:30:00,,Arbitrage,Moneyline,540.0,-500.0,true,0.01041666666666663,0.01041666666666663
21201143,2013-04-06 20:30:00,,Arbitrage,Moneyline,-500.0,535.0,true,0.009186351706036655,0.009186351706036655
21201143,2013-04-06 20:30:00,,Arbitrage,Moneyline,-500.0,540.0,true,0.01041666666666663,0.01041666666666663
21600798,2017-02-09 22:30:00,,Arbitrage,Moneyline,143.0,-130.0,true,0.023259974950796014,0.023259974950796014
21600798,2017-02-09 22:30:00,,Arbitrage,Moneyline,135.0,-130.0,true,0.009250693802035137,0.009250693802035137
21600798,2017-02-09 22:30:00,,Arbitrage,Moneyline,135.0,-130.0,true,0.009250693802035137,0.009250693802035137
21600798,2017-02-09 22:30:00,,Arbitrage,Moneyline,-130.0,135.0,true,0.009250693802035137,0.009250693802035137
21600798,2017-02-09 22:30:00,,Arbitrage,Moneyline,-130.0,135.0,true,0.009250693802035137,0.009250693802035137
21600798,2017-02-09 22:30:00,,Arbitrage,Moneyline,-130.0,135.0,true,0.009250693802035137,0.009250693802035137
21600791,2017-02-08 20:00:00,,Arbitrage,Moneyline,-108.0,110.0,true,0.0045787545787546735,0.0045787545787546735
21600791,2017-02-08 20:00:00,,Arbitrage,Moneyline,-108.0,110.0,true,0.0045787545787546735,0.0045787545787546735
21600790,2017-02-08 20:00:00,,Arbitrage,Moneyline,-150.0,155.0,true,0.007843137254901822,0.007843137254901822
21600790,2017-02-08 20:00:00,,Arbitrage,Moneyline,-150.0,155.0,true,0.007843137254901822,0.007843137254901822
21600790,2017-02-08 20:00:00,,Arbitrage,Moneyline,155.0,-150.0,true,0.007843137254901822,0.007843137254901822
20700968,2008-03-14 19:30:00,,Arbitrage,Moneyline,1500.0,-1100.0,true,0.02083333333333326,0.02083333333333326
20700968,2008-03-14 19:30:00,,Arbitrage,Moneyline,1500.0,-1300.0,true,0.008928571428571397,0.008928571428571397
20700968,2008-03-14 19:30:00,,Arbitrage,Moneyline,1500.0,-1300.0,true,0.008928571428571397,0.008928571428571397
20700960,2008-03-12 20:30:00,,Arbitrage,Moneyline,628.0,-600.0,true,0.005494505494505586,0.005494505494505586
20700960,2008-03-12 20:30:00,,Arbitrage,Moneyline,628.0,-600.0,true,0.005494505494505586,0.005494505494505586
20700960,2008-03-12 20:30:00,,Arbitrage,Moneyline,625.0,-600.0,true,0.0049261083743843415,0.0049261083743843415
20700960,2008-03-12 20:30:00,,Arbitrage,Moneyline,625.0,-600.0,true,0.0049261083743843415,0.0049261083743843415
20700955,2008-03-12 19:30:00,,Arbitrage,Moneyline,-155.0,160.0,true,0.007541478129713397,0.007541478129713397
20700955,2008-03-12 19:30:00,,Arbitrage,Moneyline,-155.0,160.0,true,0.007541478129713397,0.007541478129713397
20700955,2008-03-12 19:30:00,,Arbitrage,Moneyline,-155.0,158.0,true,0.004559963520291754,0.004559963520291754
20700959,2008-03-12 20:00:00,,Arbitrage,Moneyline,-102.0,104.0,true,0.004853426519122461,0.004853426519122461
20700959,2008-03-12 20:00:00,,Arbitrage,Moneyline,-108.0,110.0,true,0.0045787545787546735,0.0045787545787546735
20700959,2008-03-12 20:00:00,,Arbitrage,Moneyline,-108.0,110.0,true,0.0045787545787546735,0.0045787545787546735
20700959,2008-03-12 20:00:00,,Arbitrage,Moneyline,104.0,110.0,true,0.03361344537815136,0.03361344537815136
20700959,2008-03-12 20:00:00,,Arbitrage,Moneyline,104.0,110.0,true,0.03361344537815136,0.03361344537815136
20700959,2008-03-12 20:00:00,,Arbitrage,Moneyline,110.0,100.0,true,0.023809523809523836,0.023809523809523836
20700959,2008-03-12 20:00:00,,Arbitrage,Moneyline,100.0,110.0,true,0.023809523809523836,0.023809523809523836
20700988,2008-03-16 15:30:00,,Arbitrage,Moneyline,-150.0,153.0,true,0.004743083003952542,0.004743083003952542
20700981,2008-03-15 22:00:00,,Arbitrage,Moneyline,-335.0,370.0,true,0.017119100024455824,0.017119100024455824
20700981,2008-03-15 22:00:00,,Arbitrage,Moneyline,-325.0,370.0,true,0.02252816020025039,0.02252816020025039
20700981,2008-03-15 22:00:00,,Arbitrage,Moneyline,-350.0,370.0,true,0.009456264775413614,0.009456264775413614
20700981,2008-03-15 22:00:00,,Arbitrage,Moneyline,370.0,-350.0,true,0.009456264775413614,0.009456264775413614
20700985,2008-03-16 18:00:00,,Arbitrage,Moneyline,-107.0,115.0,true,0.01797550836984607,0.01797550836984607
20700985,2008-03-16 18:00:00,,Arbitrage,Moneyline,-107.0,115.0,true,0.01797550836984607,0.01797550836984607
20700985,2008-03-16 18:00:00,,Arbitrage,Moneyline,-113.0,115.0,true,0.004367289005349884,0.004367289005349884
20700985,2008-03-16 18:00:00,,Arbitrage,Moneyline,-113.0,115.0,true,0.004367289005349884,0.004367289005349884
21201192,2013-04-13 20:00:00,,Arbitrage,Moneyline,-128.0,135.0,true,0.013064576334453237,0.013064576334453237
21201192,2013-04-13 20:00:00,,Arbitrage,Moneyline,-130.0,135.0,true,0.009250693802035137,0.009250693802035137
21201192,2013-04-13 20:00:00,,Arbitrage,Moneyline,-130.0,135.0,true,0.009250693802035137,0.009250693802035137
21201192,2013-04-13 20:00:00,,Arbitrage,Moneyline,135.0,-130.0,true,0.009250693802035137,0.009250693802035137
20601216,2007-04-17 22:30:00,,Arbitrage,Moneyline,540.0,-450.0,true,0.02556818181818188,0.02556818181818188
20601216,2007-04-17 22:30:00,,Arbitrage,Moneyline,475.0,-450.0,true,0.007905138339921014,0.007905138339921014
20601216,2007-04-17 22:30:00,,Arbitrage,Moneyline,-450.0,475.0,true,0.007905138339921014,0.007905138339921014
20700979,2008-03-15 19:30:00,,Arbitrage,Moneyline,183.0,-170.0,true,0.017013479911006435,0.017013479911006435
20700979,2008-03-15 19:30:00,,Arbitrage,Moneyline,180.0,-170.0,true,0.013227513227513255,0.013227513227513255
20700979,2008-03-15 19:30:00,,Arbitrage,Moneyline,180.0,-170.0,true,0.013227513227513255,0.013227513227513255
20700979,2008-03-15 19:30:00,,Arbitrage,Moneyline,180.0,-170.0,true,0.013227513227513255,0.013227513227513255
20700921,2008-03-07 22:00:00,,Arbitrage,Moneyline,325.0,-290.0,true,0.02111613876319751,0.02111613876319751
20700921,2008-03-07 22:00:00,,Arbitrage,Moneyline,295.0,-290.0,true,0.003245699448231054,0.003245699448231054
20700919,2008-03-07 20:30:00,,Arbitrage,Moneyline,101.0,110.0,true,0.026297085998578495,0.026297085998578495
20700919,2008-03-07 20:30:00,,Arbitrage,Moneyline,101.0,110.0,true,0.026297085998578495,0.026297085998578495
20700919,2008-03-07 20:30:00,,Arbitrage,Moneyline,104.0,110.0,true,0.03361344537815136,0.03361344537815136
20700919,2008-03-07 20:30:00,,Arbitrage,Moneyline,104.0,110.0,true,0.03361344537815136,0.03361344537815136
20700919,2008-03-07 20:30:00,,Arbitrage,Moneyline,110.0,100.0,true,0.023809523809523836,0.023809523809523836
20700919,2008-03-07 20:30:00,,Arbitrage,Moneyline,100.0,110.0,true,0.023809523809523836,0.023809523809523836
20700914,2008-03-07 19:00:00,,Arbitrage,Moneyline,110.0,103.0,true,0.031198686371100237,0.031198686371100237
20700914,2008-03-07 19:00:00,,Arbitrage,Moneyline,110.0,100.0,true,0.023809523809523836,0.023809523809523836
20700914,2008-03-07 19:00:00,,Arbitrage,Moneyline,110.0,100.0,true,0.023809523809523836,0.023809523809523836
20700916,2008-03-07 19:30:00,,Arbitrage,Moneyline,360.0,-230.0,true,0.08563899868247682,0.08563899868247682
20700916,2008-03-07 19:30:00,,Arbitrage,Moneyline,325.0,-230.0,true,0.06773618538324411,0.06773618538324411
20700916,2008-03-07 19:30:00,,Arbitrage,Moneyline,-230.0,300.0,true,0.05303030303030298,0.05303030303030298
20700916,2008-03-07 19:30:00,,Arbitrage,Moneyline,-230.0,310.0,true,0.059127864005912745,0.059127864005912745
20700916,2008-03-07 19:30:00,,Arbitrage,Moneyline,-230.0,310.0,true,0.059127864005912745,0.059127864005912745
20700916,2008-03-07 19:30:00,,Arbitrage,Moneyline,-230.0,300.0,true,0.05303030303030298,0.05303030303030298
20700942,2008-03-10 19:30:00,,Arbitrage,Moneyline,-117.0,120.0,true,0.006284038542103021,0.006284038542103021
20700936,2008-03-09 15:30:00,,Arbitrage,Moneyline,-108.0,110.0,true,0.0045787545787546735,0.0045787545787546735
20700936,2008-03-09 15:30:00,,Arbitrage,Moneyline,-108.0,110.0,true,0.0045787545787546735,0.0045787545787546735
20700936,2008-03-09 15:30:00,,Arbitrage,Moneyline,-108.0,110.0,true,0.0045787545787546735,0.0045787545787546735
20700939,2008-03-10 19:00:00,,Arbitrage,Moneyline,-215.0,225.0,true,0.009768009768009733,0.009768009768009733
20700937,2008-03-09 20:00:00,,Arbitrage,Moneyline,425.0,-400.0,true,0.00952380952380949,0.00952380952380949
20700937,2008-03-09 20:00:00,,Arbitrage,Moneyline,425.0,-400.0,true,0.00952380952380949,0.00952380952380949
21600810,2017-02-11 19:30:00,,Arbitrage,Moneyline,-128.0,130.0,true,0.0038138825324179892,0.0038138825324179892
21600810,2017-02-11 19:30:00,,Arbitrage,Moneyline,-128.0,135.0,true,0.013064576334453237,0.013064576334453237
21600810,2017-02-11 19:30:00,,Arbitrage,Moneyline,-130.0,135.0,true,0.009250693802035137,0.009250693802035137
21600810,2017-02-11 19:30:00,,Arbitrage,Moneyline,135.0,-130.0,true,0.009250693802035137,0.009250693802035137
21300884,2014-03-02 16:00:00,,Arbitrage,Moneyline,-134.0,135.0,true,0.0018185124568101951,0.0018185124568101951
21300860,2014-02-26 21:00:00,,Arbitrage,Moneyline,119.0,-115.0,true,0.00849527450355736,0.00849527450355736
21300860,2014-02-26 21:00:00,,Arbitrage,Moneyline,130.0,-115.0,true,0.030333670374115163,0.030333670374115163
21300860,2014-02-26 21:00:00,,Arbitrage,Moneyline,120.0,-115.0,true,0.010570824524312794,0.010570824524312794
21300860,2014-02-26 21:00:00,,Arbitrage,Moneyline,-115.0,120.0,true,0.010570824524312794,0.010570824524312794
21300860,2014-02-26 21:00:00,,Arbitrage,Moneyline,-115.0,120.0,true,0.010570824524312794,0.010570824524312794
21001200,2011-04-10 21:00:00,,Arbitrage,Moneyline,-222.0,225.0,true,0.002866698518872446,0.002866698518872446
21001205,2011-04-11 19:00:00,,Arbitrage,Moneyline,277.0,-115.0,true,0.19986428967984693,0.19986428967984693
21001205,2011-04-11 19:00:00,,Arbitrage,Moneyline,277.0,-120.0,true,0.18929346515553414,0.18929346515553414
21001205,2011-04-11 19:00:00,,Arbitrage,Moneyline,277.0,-115.0,true,0.19986428967984693,0.19986428967984693
21001205,2011-04-11 19:00:00,,Arbitrage,Moneyline,277.0,-125.0,true,0.17919245505452397,0.17919245505452397
21001205,2011-04-11 19:00:00,,Arbitrage,Moneyline,277.0,-120.0,true,0.18929346515553414,0.18929346515553414
21001205,2011-04-11 19:00:00,,Arbitrage,Moneyline,277.0,-120.0,true,0.18929346515553414,0.18929346515553414
21001205,2011-04-11 19:00:00,,Arbitrage,Moneyline,277.0,-115.0,true,0.19986428967984693,0.19986428967984693
21001205,2011-04-11 19:00:00,,Arbitrage,Moneyline,-115.0,250.0,true,0.17940199335548168,0.17940199335548168
21001205,2011-04-11 19:00:00,,Arbitrage,Moneyline,-120.0,250.0,true,0.1688311688311689,0.1688311688311689
21001205,2011-04-11 19:00:00,,Arbitrage,Moneyline,-115.0,250.0,true,0.17940199335548168,0.17940199335548168
21001205,2011-04-11 19:00:00,,Arbitrage,Moneyline,250.0,-125.0,true,0.15873015873015872,0.15873015873015872
21001205,2011-04-11 19:00:00,,Arbitrage,Moneyline,250.0,-120.0,true,0.1688311688311689,0.1688311688311689
21001205,2011-04-11 19:00:00,,Arbitrage,Moneyline,250.0,-120.0,true,0.1688311688311689,0.1688311688311689
21001205,2011-04-11 19:00:00,,Arbitrage,Moneyline,250.0,-115.0,true,0.17940199335548168,0.17940199335548168
21300872,2014-02-28 22:30:00,,Arbitrage,Moneyline,131.0,-130.0,true,0.0018821757952192097,0.0018821757952192097
21300800,2014-02-18 22:30:00,,Arbitrage,Moneyline,240.0,-230.0,true,0.008912655971479388,0.008912655971479388
21300800,2014-02-18 22:30:00,,Arbitrage,Moneyline,235.0,-230.0,true,0.0045228403437358455,0.0045228403437358455
21300800,2014-02-18 22:30:00,,Arbitrage,Moneyline,-230.0,241.0,true,0.009775171065493637,0.009775171065493637
21600887,2017-02-27 20:30:00,,Arbitrage,Moneyline,-100.0,102.0,true,0.004950495049504955,0.004950495049504955
21600887,2017-02-27 20:30:00,,Arbitrage,Moneyline,-100.0,105.0,true,0.012195121951219523,0.012195121951219523
21600887,2017-02-27 20:30:00,,Arbitrage,Moneyline,-100.0,105.0,true,0.012195121951219523,0.012195121951219523
21600879,2017-02-26 18:00:00,,Arbitrage,Moneyline,-115.0,120.0,true,0.010570824524312794,0.010570824524312794
21600880,2017-02-26 19:00:00,,Arbitrage,Moneyline,-231.0,245.0,true,0.0122597311616095,0.0122597311616095
21600880,2017-02-26 19:00:00,,Arbitrage,Moneyline,-231.0,245.0,true,0.0122597311616095,0.0122597311616095
21600880,2017-02-26 19:00:00,,Arbitrage,Moneyline,-240.0,245.0,true,0.004262574595055524,0.004262574595055524
21600880,2017-02-26 19:00:00,,Arbitrage,Moneyline,-240.0,245.0,true,0.004262574595055524,0.004262574595055524
21600880,2017-02-26 19:00:00,,Arbitrage,Moneyline,245.0,-240.0,true,0.004262574595055524,0.004262574595055524
21600880,2017-02-26 19:00:00,,Arbitrage,Moneyline,-240.0,245.0,true,0.004262574595055524,0.004262574595055524
21600868,2017-02-25 19:30:00,,Arbitrage,Moneyline,252.0,-235.0,true,0.014416553595657966,0.014416553595657966
21600868,2017-02-25 19:30:00,,Arbitrage,Moneyline,255.0,-235.0,true,0.016817321841496646,0.016817321841496646
21600868,2017-02-25 19:30:00,,Arbitrage,Moneyline,-235.0,240.0,true,0.004389815627743543,0.004389815627743543
21600856,2017-02-24 19:00:00,,Arbitrage,Moneyline,430.0,-400.0,true,0.01132075471698113,0.01132075471698113
21600856,2017-02-24 19:00:00,,Arbitrage,Moneyline,410.0,-400.0,true,0.0039215686274509665,0.0039215686274509665
21600856,2017-02-24 19:00:00,,Arbitrage,Moneyline,-400.0,430.0,true,0.01132075471698113,0.01132075471698113
21001227,2011-04-13 22:30:00,,Arbitrage,Moneyline,-185.0,190.0,true,0.006049606775559546,0.006049606775559546
21001227,2011-04-13 22:30:00,,Arbitrage,Moneyline,-185.0,195.0,true,0.011894142134998509,0.011894142134998509
21001227,2011-04-13 22:30:00,,Arbitrage,Moneyline,-185.0,195.0,true,0.011894142134998509,0.011894142134998509
21600849,2017-02-16 20:00:00,,Arbitrage,Moneyline,-107.0,110.0,true,0.0069013112491373985,0.0069013112491373985
21001215,2011-04-12 22:30:00,,Arbitrage,Moneyline,-330.0,775.0,true,0.11827242524916937,0.11827242524916937
21001215,2011-04-12 22:30:00,,Arbitrage,Moneyline,-330.0,750.0,true,0.11491108071135425,0.11491108071135425
21001215,2011-04-12 22:30:00,,Arbitrage,Moneyline,-330.0,760.0,true,0.11627906976744184,0.11627906976744184
21001215,2011-04-12 22:30:00,,Arbitrage,Moneyline,-330.0,700.0,true,0.10755813953488369,0.10755813953488369
21001215,2011-04-12 22:30:00,,Arbitrage,Moneyline,-330.0,750.0,true,0.11491108071135425,0.11491108071135425
21001215,2011-04-12 22:30:00,,Arbitrage,Moneyline,-330.0,750.0,true,0.11491108071135425,0.11491108071135425
21001215,2011-04-12 22:30:00,,Arbitrage,Moneyline,-330.0,760.0,true,0.11627906976744184,0.11627906976744184
21001215,2011-04-12 22:30:00,,Arbitrage,Moneyline,775.0,-340.0,true,0.11298701298701297,0.11298701298701297
21001215,2011-04-12 22:30:00,,Arbitrage,Moneyline,750.0,-340.0,true,0.10962566844919786,0.10962566844919786
21001215,2011-04-12 22:30:00,,Arbitrage,Moneyline,760.0,-340.0,true,0.11099365750528545,0.11099365750528545
21001215,2011-04-12 22:30:00,,Arbitrage,Moneyline,-340.0,700.0,true,0.10227272727272729,0.10227272727272729
21001215,2011-04-12 22:30:00,,Arbitrage,Moneyline,-340.0,750.0,true,0.10962566844919786,0.10962566844919786
21001215,2011-04-12 22:30:00,,Arbitrage,Moneyline,-340.0,750.0,true,0.10962566844919786,0.10962566844919786
21001215,2011-04-12 22:30:00,,Arbitrage,Moneyline,-340.0,760.0,true,0.11099365750528545,0.11099365750528545
21600833,2017-02-14 22:30:00,,Arbitrage,Moneyline,128.0,-125.0,true,0.005847953216374213,0.005847953216374213
21600473,2016-12-27 19:30:00,,Arbitrage,Moneyline,-179.0,185.0,true,0.007545746085644289,0.007545746085644289
21600473,2016-12-27 19:30:00,,Arbitrage,Moneyline,-179.0,185.0,true,0.007545746085644289,0.007545746085644289
21600473,2016-12-27 19:30:00,,Arbitrage,Moneyline,-180.0,185.0,true,0.006265664160401085,0.006265664160401085
21600473,2016-12-27 19:30:00,,Arbitrage,Moneyline,-180.0,185.0,true,0.006265664160401085,0.006265664160401085
21600473,2016-12-27 19:30:00,,Arbitrage,Moneyline,185.0,-180.0,true,0.006265664160401085,0.006265664160401085
21600473,2016-12-27 19:30:00,,Arbitrage,Moneyline,185.0,-180.0,true,0.006265664160401085,0.006265664160401085
21600473,2016-12-27 19:30:00,,Arbitrage,Moneyline,185.0,-180.0,true,0.006265664160401085,0.006265664160401085
21600473,2016-12-27 19:30:00,,Arbitrage,Moneyline,-180.0,185.0,true,0.006265664160401085,0.006265664160401085
21600473,2016-12-27 19:30:00,,Arbitrage,Moneyline,-180.0,185.0,true,0.006265664160401085,0.006265664160401085
21600473,2016-12-27 19:30:00,,Arbitrage,Moneyline,-180.0,185.0,true,0.006265664160401085,0.006265664160401085
41700403,2018-06-06 21:00:00,,Arbitrage,Moneyline,-147.0,1475.0,true,0.34136623610307815,0.34136623610307815
41700403,2018-06-06 21:00:00,,Arbitrage,Moneyline,1475.0,-150.0,true,0.3365079365079364,0.3365079365079364
41700403,2018-06-06 21:00:00,,Arbitrage,Moneyline,1475.0,-140.0,true,0.35317460317460325,0.35317460317460325
41700403,2018-06-06 21:00:00,,Arbitrage,Moneyline,1475.0,-140.0,true,0.35317460317460325,0.35317460317460325
41700403,2018-06-06 21:00:00,,Arbitrage,Moneyline,1475.0,-140.0,true,0.35317460317460325,0.35317460317460325
41700403,2018-06-06 21:00:00,,Arbitrage,Moneyline,1475.0,-150.0,true,0.3365079365079364,0.3365079365079364
41700403,2018-06-06 21:00:00,,Arbitrage,Moneyline,1475.0,-140.0,true,0.35317460317460325,0.35317460317460325
41700403,2018-06-06 21:00:00,,Arbitrage,Moneyline,1475.0,-150.0,true,0.3365079365079364,0.3365079365079364
41700403,2018-06-06 21:00:00,,Arbitrage,Moneyline,1475.0,-140.0,true,0.35317460317460325,0.35317460317460325
41700404,2018-06-08 21:00:00,,Arbitrage,Moneyline,-166.0,6725.0,true,0.36128783497204553,0.36128783497204553
41700404,2018-06-08 21:00:00,,Arbitrage,Moneyline,6725.0,-180.0,true,0.3424908424908426,0.3424908424908426
41700404,2018-06-08 21:00:00,,Arbitrage,Moneyline,6725.0,-167.0,true,0.3598798205539778,0.3598798205539778
41700404,2018-06-08 21:00:00,,Arbitrage,Moneyline,6725.0,-170.0,true,0.35571835571835586,0.35571835571835586
41700404,2018-06-08 21:00:00,,Arbitrage,Moneyline,6725.0,-170.0,true,0.35571835571835586,0.35571835571835586
41700404,2018-06-08 21:00:00,,Arbitrage,Moneyline,6725.0,-165.0,true,0.36270647591402305,0.36270647591402305
41700404,2018-06-08 21:00:00,,Arbitrage,Moneyline,6725.0,-165.0,true,0.36270647591402305,0.36270647591402305
41700404,2018-06-08 21:00:00,,Arbitrage,Moneyline,6725.0,-180.0,true,0.3424908424908426,0.3424908424908426
41700404,2018-06-08 21:00:00,,Arbitrage,Moneyline,6725.0,-167.0,true,0.3598798205539778,0.3598798205539778
21201229,2013-04-17 22:30:00,,Arbitrage,Moneyline,-250.0,260.0,true,0.007936507936507908,0.007936507936507908
21201229,2013-04-17 22:30:00,,Arbitrage,Moneyline,-250.0,255.0,true,0.004024144869215318,0.004024144869215318
21201228,2013-04-17 22:30:00,,Arbitrage,Moneyline,115.0,110.0,true,0.058693244739756345,0.058693244739756345
21201228,2013-04-17 22:30:00,,Arbitrage,Moneyline,115.0,100.0,true,0.03488372093023262,0.03488372093023262
21201228,2013-04-17 22:30:00,,Arbitrage,Moneyline,-127.0,130.0,true,0.005746025665581245,0.005746025665581245
21201228,2013-04-17 22:30:00,,Arbitrage,Moneyline,115.0,105.0,true,0.04707884288145203,0.04707884288145203
21201228,2013-04-17 22:30:00,,Arbitrage,Moneyline,115.0,105.0,true,0.04707884288145203,0.04707884288145203
21201228,2013-04-17 22:30:00,,Arbitrage,Moneyline,115.0,110.0,true,0.058693244739756345,0.058693244739756345
21201228,2013-04-17 22:30:00,,Arbitrage,Moneyline,115.0,-107.0,true,0.01797550836984607,0.01797550836984607
21201228,2013-04-17 22:30:00,,Arbitrage,Moneyline,-127.0,130.0,true,0.005746025665581245,0.005746025665581245
21201228,2013-04-17 22:30:00,,Arbitrage,Moneyline,110.0,130.0,true,0.08902691511387162,0.08902691511387162
21201228,2013-04-17 22:30:00,,Arbitrage,Moneyline,110.0,130.0,true,0.08902691511387162,0.08902691511387162
21201228,2013-04-17 22:30:00,,Arbitrage,Moneyline,100.0,130.0,true,0.06521739130434778,0.06521739130434778
21201228,2013-04-17 22:30:00,,Arbitrage,Moneyline,100.0,130.0,true,0.06521739130434778,0.06521739130434778
21201228,2013-04-17 22:30:00,,Arbitrage,Moneyline,130.0,105.0,true,0.0774125132555672,0.0774125132555672
21201228,2013-04-17 22:30:00,,Arbitrage,Moneyline,130.0,105.0,true,0.0774125132555672,0.0774125132555672
21201228,2013-04-17 22:30:00,,Arbitrage,Moneyline,130.0,110.0,true,0.08902691511387162,0.08902691511387162
21201228,2013-04-17 22:30:00,,Arbitrage,Moneyline,130.0,-107.0,true,0.048309178743961345,0.048309178743961345
21201228,2013-04-17 22:30:00,,Arbitrage,Moneyline,105.0,130.0,true,0.0774125132555672,0.0774125132555672
21201228,2013-04-17 22:30:00,,Arbitrage,Moneyline,105.0,130.0,true,0.0774125132555672,0.0774125132555672
21201228,2013-04-17 22:30:00,,Arbitrage,Moneyline,110.0,130.0,true,0.08902691511387162,0.08902691511387162
21201228,2013-04-17 22:30:00,,Arbitrage,Moneyline,-107.0,130.0,true,0.048309178743961345,0.048309178743961345
21001190,2011-04-09 20:30:00,,Arbitrage,Moneyline,-360.0,415.0,true,0.02321654706627263,0.02321654706627263
21001190,2011-04-09 20:30:00,,Arbitrage,Moneyline,-360.0,375.0,true,0.006864988558352381,0.006864988558352381
21001190,2011-04-09 20:30:00,,Arbitrage,Moneyline,-360.0,375.0,true,0.006864988558352381,0.006864988558352381
21001190,2011-04-09 20:30:00,,Arbitrage,Moneyline,415.0,-375.0,true,0.01635155850792025,0.01635155850792025
21001193,2011-04-10 13:00:00,,Arbitrage,Moneyline,222.0,-210.0,true,0.012021638950110214,0.012021638950110214
21001193,2011-04-10 13:00:00,,Arbitrage,Moneyline,-210.0,225.0,true,0.01488833746898266,0.01488833746898266
21001193,2011-04-10 13:00:00,,Arbitrage,Moneyline,-210.0,220.0,true,0.01008064516129037,0.01008064516129037
21001193,2011-04-10 13:00:00,,Arbitrage,Moneyline,-210.0,230.0,true,0.019550342130987275,0.019550342130987275
21001193,2011-04-10 13:00:00,,Arbitrage,Moneyline,-210.0,220.0,true,0.01008064516129037,0.01008064516129037
21001193,2011-04-10 13:00:00,,Arbitrage,Moneyline,-210.0,235.0,true,0.02407318247472323,0.02407318247472323
21001193,2011-04-10 13:00:00,,Arbitrage,Moneyline,-210.0,220.0,true,0.01008064516129037,0.01008064516129037
21001189,2011-04-09 20:30:00,,Arbitrage,Moneyline,361.0,-300.0,true,0.0330802603036876,0.0330802603036876
21001189,2011-04-09 20:30:00,,Arbitrage,Moneyline,-355.0,400.0,true,0.01978021978021971,0.01978021978021971
21001189,2011-04-09 20:30:00,,Arbitrage,Moneyline,361.0,-355.0,true,0.0028604800839073796,0.0028604800839073796
21001189,2011-04-09 20:30:00,,Arbitrage,Moneyline,361.0,-359.0,true,9.451840509643317E-4,9.451840509643317E-4
21001189,2011-04-09 20:30:00,,Arbitrage,Moneyline,361.0,-350.0,true,0.005302482525909702,0.005302482525909702
21001189,2011-04-09 20:30:00,,Arbitrage,Moneyline,400.0,-355.0,true,0.01978021978021971,0.01978021978021971
21001189,2011-04-09 20:30:00,,Arbitrage,Moneyline,400.0,-375.0,true,0.010526315789473717,0.010526315789473717
21001189,2011-04-09 20:30:00,,Arbitrage,Moneyline,-300.0,315.0,true,0.009036144578313254,0.009036144578313254
21001189,2011-04-09 20:30:00,,Arbitrage,Moneyline,400.0,-359.0,true,0.017864923747276773,0.017864923747276773
21001189,2011-04-09 20:30:00,,Arbitrage,Moneyline,400.0,-380.0,true,0.008333333333333304,0.008333333333333304
21001189,2011-04-09 20:30:00,,Arbitrage,Moneyline,400.0,-350.0,true,0.022222222222222143,0.022222222222222143
21001189,2011-04-09 20:30:00,,Arbitrage,Moneyline,400.0,-375.0,true,0.010526315789473717,0.010526315789473717
21001189,2011-04-09 20:30:00,,Arbitrage,Moneyline,-300.0,315.0,true,0.009036144578313254,0.009036144578313254
21600464,2016-12-26 19:30:00,,Arbitrage,Moneyline,191.0,-190.0,true,0.001184974523047666,0.001184974523047666
21600441,2016-12-22 22:30:00,,Arbitrage,Moneyline,-123.0,125.0,true,0.003986048829098143,0.003986048829098143
21600429,2016-12-21 19:00:00,,Arbitrage,Moneyline,-235.0,245.0,true,0.008652390222799067,0.008652390222799067
21600429,2016-12-21 19:00:00,,Arbitrage,Moneyline,-235.0,255.0,true,0.016817321841496646,0.016817321841496646
21600429,2016-12-21 19:00:00,,Arbitrage,Moneyline,-235.0,245.0,true,0.008652390222799067,0.008652390222799067
21600429,2016-12-21 19:00:00,,Arbitrage,Moneyline,-235.0,245.0,true,0.008652390222799067,0.008652390222799067
21600429,2016-12-21 19:00:00,,Arbitrage,Moneyline,-235.0,240.0,true,0.004389815627743543,0.004389815627743543
21600429,2016-12-21 19:00:00,,Arbitrage,Moneyline,-235.0,255.0,true,0.016817321841496646,0.016817321841496646
21600433,2016-12-21 20:00:00,,Arbitrage,Moneyline,-118.0,120.0,true,0.00417014178482078,0.00417014178482078
20600217,2006-11-29 21:00:00,,Arbitrage,Moneyline,100.0,105.0,true,0.012195121951219523,0.012195121951219523
20600253,2006-12-04 22:00:00,,Arbitrage,Moneyline,-193.0,200.0,true,0.007963594994311762,0.007963594994311762
20600253,2006-12-04 22:00:00,,Arbitrage,Moneyline,-185.0,200.0,true,0.01754385964912286,0.01754385964912286
20600269,2006-12-06 21:00:00,,Arbitrage,Moneyline,760.0,-750.0,true,0.001367989056087593,0.001367989056087593
20600284,2006-12-08 22:30:00,,Arbitrage,Moneyline,370.0,-340.0,true,0.014506769825918808,0.014506769825918808
21300996,2014-03-17 19:00:00,,Arbitrage,Moneyline,-138.0,140.0,true,0.003501400560224077,0.003501400560224077
21501088,2016-03-26 20:00:00,,Arbitrage,Moneyline,-900.0,910.0,true,9.90099009901102E-4,9.90099009901102E-4
21300982,2014-03-15 19:00:00,,Arbitrage,Moneyline,-134.0,135.0,true,0.0018185124568101951,0.0018185124568101951
21300982,2014-03-15 19:00:00,,Arbitrage,Moneyline,-134.0,135.0,true,0.0018185124568101951,0.0018185124568101951
21501076,2016-03-25 20:00:00,,Arbitrage,Moneyline,-470.0,475.0,true,0.0015255530129673067,0.0015255530129673067
21501076,2016-03-25 20:00:00,,Arbitrage,Moneyline,-470.0,475.0,true,0.0015255530129673067,0.0015255530129673067
21501076,2016-03-25 20:00:00,,Arbitrage,Moneyline,-430.0,475.0,true,0.014766201804757961,0.014766201804757961
21501076,2016-03-25 20:00:00,,Arbitrage,Moneyline,-430.0,475.0,true,0.014766201804757961,0.014766201804757961
21501076,2016-03-25 20:00:00,,Arbitrage,Moneyline,475.0,-450.0,true,0.007905138339921014,0.007905138339921014
21501076,2016-03-25 20:00:00,,Arbitrage,Moneyline,-450.0,475.0,true,0.007905138339921014,0.007905138339921014
21501078,2016-03-25 20:30:00,,Arbitrage,Moneyline,1175.0,-1150.0,true,0.0015686274509802978,0.0015686274509802978
20901001,2010-03-16 20:00:00,,Arbitrage,Moneyline,671.0,-600.0,true,0.013155456735223336,0.013155456735223336
20901001,2010-03-16 20:00:00,,Arbitrage,Moneyline,671.0,-600.0,true,0.013155456735223336,0.013155456735223336
20901001,2010-03-16 20:00:00,,Arbitrage,Moneyline,650.0,-600.0,true,0.009523809523809601,0.009523809523809601
20901001,2010-03-16 20:00:00,,Arbitrage,Moneyline,650.0,-600.0,true,0.009523809523809601,0.009523809523809601
20901001,2010-03-16 20:00:00,,Arbitrage,Moneyline,-600.0,625.0,true,0.0049261083743843415,0.0049261083743843415
20901001,2010-03-16 20:00:00,,Arbitrage,Moneyline,625.0,-600.0,true,0.0049261083743843415,0.0049261083743843415
21300968,2014-03-13 19:00:00,,Arbitrage,Moneyline,-155.0,160.0,true,0.007541478129713397,0.007541478129713397
21300968,2014-03-13 19:00:00,,Arbitrage,Moneyline,-155.0,160.0,true,0.007541478129713397,0.007541478129713397
21300968,2014-03-13 19:00:00,,Arbitrage,Moneyline,-155.0,160.0,true,0.007541478129713397,0.007541478129713397
21300968,2014-03-13 19:00:00,,Arbitrage,Moneyline,160.0,-155.0,true,0.007541478129713397,0.007541478129713397
20901022,2010-03-19 20:00:00,,Arbitrage,Moneyline,607.0,-600.0,true,0.0014144271570014633,0.0014144271570014633
20901022,2010-03-19 20:00:00,,Arbitrage,Moneyline,607.0,-600.0,true,0.0014144271570014633,0.0014144271570014633
20901019,2010-03-19 19:00:00,,Arbitrage,Moneyline,-105.0,110.0,true,0.011614401858304313,0.011614401858304313
20901019,2010-03-19 19:00:00,,Arbitrage,Moneyline,-105.0,110.0,true,0.011614401858304313,0.011614401858304313
21300914,2014-03-06 20:00:00,,Arbitrage,Moneyline,141.0,195.0,true,0.24607918981644283,0.24607918981644283
21300914,2014-03-06 20:00:00,,Arbitrage,Moneyline,145.0,195.0,true,0.25285368384641993,0.25285368384641993
21300914,2014-03-06 20:00:00,,Arbitrage,Moneyline,140.0,195.0,true,0.24435028248587565,0.24435028248587565
21300914,2014-03-06 20:00:00,,Arbitrage,Moneyline,140.0,195.0,true,0.24435028248587565,0.24435028248587565
21300914,2014-03-06 20:00:00,,Arbitrage,Moneyline,195.0,140.0,true,0.24435028248587565,0.24435028248587565
21300914,2014-03-06 20:00:00,,Arbitrage,Moneyline,195.0,135.0,true,0.23548503425892542,0.23548503425892542
21300914,2014-03-06 20:00:00,,Arbitrage,Moneyline,195.0,140.0,true,0.24435028248587565,0.24435028248587565
21300915,2014-03-06 21:00:00,,Arbitrage,Moneyline,210.0,110.0,true,0.20122887864823347,0.20122887864823347
21300915,2014-03-06 21:00:00,,Arbitrage,Moneyline,210.0,110.0,true,0.20122887864823347,0.20122887864823347
21300915,2014-03-06 21:00:00,,Arbitrage,Moneyline,210.0,110.0,true,0.20122887864823347,0.20122887864823347
21300915,2014-03-06 21:00:00,,Arbitrage,Moneyline,210.0,110.0,true,0.20122887864823347,0.20122887864823347
21300915,2014-03-06 21:00:00,,Arbitrage,Moneyline,215.0,110.0,true,0.2063492063492064,0.2063492063492064
21300915,2014-03-06 21:00:00,,Arbitrage,Moneyline,110.0,200.0,true,0.19047619047619047,0.19047619047619047
21300915,2014-03-06 21:00:00,,Arbitrage,Moneyline,110.0,205.0,true,0.1959406713505074,0.1959406713505074
21300915,2014-03-06 21:00:00,,Arbitrage,Moneyline,110.0,210.0,true,0.20122887864823347,0.20122887864823347
21001150,2011-04-05 19:00:00,,Arbitrage,Moneyline,-105.0,120.0,true,0.03325942350332589,0.03325942350332589
21001150,2011-04-05 19:00:00,,Arbitrage,Moneyline,120.0,-115.0,true,0.010570824524312794,0.010570824524312794
21001150,2011-04-05 19:00:00,,Arbitrage,Moneyline,120.0,-115.0,true,0.010570824524312794,0.010570824524312794
21001150,2011-04-05 19:00:00,,Arbitrage,Moneyline,120.0,-109.0,true,0.02392344497607657,0.02392344497607657
21001150,2011-04-05 19:00:00,,Arbitrage,Moneyline,120.0,-117.0,true,0.006284038542103021,0.006284038542103021
21001150,2011-04-05 19:00:00,,Arbitrage,Moneyline,120.0,-115.0,true,0.010570824524312794,0.010570824524312794
21001148,2011-04-03 21:00:00,,Arbitrage,Moneyline,180.0,-179.0,true,0.0012800819252432039,0.0012800819252432039
21300927,2014-03-07 22:30:00,,Arbitrage,Moneyline,425.0,-410.0,true,0.0056022408963585235,0.0056022408963585235
21300927,2014-03-07 22:30:00,,Arbitrage,Moneyline,-410.0,420.0,true,0.0037707390648566985,0.0037707390648566985
21600524,2017-01-03 20:30:00,,Arbitrage,Moneyline,106.0,-105.0,true,0.0023679848448969754,0.0023679848448969754
21501000,2016-03-15 20:00:00,,Arbitrage,Moneyline,110.0,-105.0,true,0.011614401858304313,0.011614401858304313
21501000,2016-03-15 20:00:00,,Arbitrage,Moneyline,110.0,105.0,true,0.03600464576074325,0.03600464576074325
21501000,2016-03-15 20:00:00,,Arbitrage,Moneyline,110.0,105.0,true,0.03600464576074325,0.03600464576074325
21501000,2016-03-15 20:00:00,,Arbitrage,Moneyline,100.0,105.0,true,0.012195121951219523,0.012195121951219523
21501000,2016-03-15 20:00:00,,Arbitrage,Moneyline,100.0,105.0,true,0.012195121951219523,0.012195121951219523
21501000,2016-03-15 20:00:00,,Arbitrage,Moneyline,105.0,100.0,true,0.012195121951219523,0.012195121951219523
21501000,2016-03-15 20:00:00,,Arbitrage,Moneyline,105.0,105.0,true,0.024390243902438935,0.024390243902438935
21501000,2016-03-15 20:00:00,,Arbitrage,Moneyline,105.0,105.0,true,0.024390243902438935,0.024390243902438935
21501000,2016-03-15 20:00:00,,Arbitrage,Moneyline,105.0,100.0,true,0.012195121951219523,0.012195121951219523
21501000,2016-03-15 20:00:00,,Arbitrage,Moneyline,100.0,105.0,true,0.012195121951219523,0.012195121951219523
21501000,2016-03-15 20:00:00,,Arbitrage,Moneyline,105.0,105.0,true,0.024390243902438935,0.024390243902438935
21501000,2016-03-15 20:00:00,,Arbitrage,Moneyline,105.0,105.0,true,0.024390243902438935,0.024390243902438935
21501000,2016-03-15 20:00:00,,Arbitrage,Moneyline,100.0,105.0,true,0.012195121951219523,0.012195121951219523
21501006,2016-03-16 19:00:00,,Arbitrage,Moneyline,-190.0,195.0,true,0.005844535359438852,0.005844535359438852
21001172,2011-04-06 20:30:00,,Arbitrage,Moneyline,177.0,-175.0,true,0.002625533311453876,0.002625533311453876
21001172,2011-04-06 20:30:00,,Arbitrage,Moneyline,177.0,-175.0,true,0.002625533311453876,0.002625533311453876
21001172,2011-04-06 20:30:00,,Arbitrage,Moneyline,177.0,-175.0,true,0.002625533311453876,0.002625533311453876
21001172,2011-04-06 20:30:00,,Arbitrage,Moneyline,177.0,-175.0,true,0.002625533311453876,0.002625533311453876
21001172,2011-04-06 20:30:00,,Arbitrage,Moneyline,177.0,-175.0,true,0.002625533311453876,0.002625533311453876
21001172,2011-04-06 20:30:00,,Arbitrage,Moneyline,177.0,-175.0,true,0.002625533311453876,0.002625533311453876
21600523,2017-01-03 19:30:00,,Arbitrage,Moneyline,195.0,-190.0,true,0.005844535359438852,0.005844535359438852
21600523,2017-01-03 19:30:00,,Arbitrage,Moneyline,-190.0,195.0,true,0.005844535359438852,0.005844535359438852
21300908,2014-03-05 19:30:00,,Arbitrage,Moneyline,102.0,110.0,true,0.02876001885902879,0.02876001885902879
21300908,2014-03-05 19:30:00,,Arbitrage,Moneyline,102.0,110.0,true,0.02876001885902879,0.02876001885902879
21300908,2014-03-05 19:30:00,,Arbitrage,Moneyline,-103.0,110.0,true,0.016420361247947435,0.016420361247947435
21300908,2014-03-05 19:30:00,,Arbitrage,Moneyline,-103.0,110.0,true,0.016420361247947435,0.016420361247947435
21300908,2014-03-05 19:30:00,,Arbitrage,Moneyline,-101.0,110.0,true,0.021321961620469065,0.021321961620469065
21300908,2014-03-05 19:30:00,,Arbitrage,Moneyline,-101.0,110.0,true,0.021321961620469065,0.021321961620469065
21300908,2014-03-05 19:30:00,,Arbitrage,Moneyline,110.0,-105.0,true,0.011614401858304313,0.011614401858304313
21300908,2014-03-05 19:30:00,,Arbitrage,Moneyline,110.0,-105.0,true,0.011614401858304313,0.011614401858304313
21300908,2014-03-05 19:30:00,,Arbitrage,Moneyline,-105.0,110.0,true,0.011614401858304313,0.011614401858304313
21300908,2014-03-05 19:30:00,,Arbitrage,Moneyline,-105.0,110.0,true,0.011614401858304313,0.011614401858304313
21600503,2016-12-31 19:00:00,,Arbitrage,Moneyline,147.0,-145.0,true,0.003304965710980712,0.003304965710980712
21501028,2016-03-19 18:00:00,,Arbitrage,Moneyline,-444.0,450.0,true,0.00200534759358284,0.00200534759358284
21501010,2016-03-16 22:00:00,,Arbitrage,Moneyline,-153.0,160.0,true,0.010641532380662788,0.010641532380662788
21501010,2016-03-16 22:00:00,,Arbitrage,Moneyline,-150.0,160.0,true,0.01538461538461533,0.01538461538461533
21501010,2016-03-16 22:00:00,,Arbitrage,Moneyline,160.0,-150.0,true,0.01538461538461533,0.01538461538461533
21001132,2011-04-01 22:30:00,,Arbitrage,Moneyline,423.0,-400.0,true,0.008795411089866145,0.008795411089866145
21501041,2016-03-20 19:00:00,,Arbitrage,Moneyline,108.0,100.0,true,0.019230769230769273,0.019230769230769273
21501041,2016-03-20 19:00:00,,Arbitrage,Moneyline,105.0,100.0,true,0.012195121951219523,0.012195121951219523
21501041,2016-03-20 19:00:00,,Arbitrage,Moneyline,105.0,100.0,true,0.012195121951219523,0.012195121951219523
21501042,2016-03-20 19:30:00,,Arbitrage,Moneyline,176.0,-170.0,true,0.008051529790660261,0.008051529790660261
21501042,2016-03-20 19:30:00,,Arbitrage,Moneyline,180.0,-170.0,true,0.013227513227513255,0.013227513227513255
21501042,2016-03-20 19:30:00,,Arbitrage,Moneyline,180.0,-170.0,true,0.013227513227513255,0.013227513227513255
21501042,2016-03-20 19:30:00,,Arbitrage,Moneyline,-170.0,175.0,true,0.006734006734006814,0.006734006734006814
21501042,2016-03-20 19:30:00,,Arbitrage,Moneyline,-170.0,180.0,true,0.013227513227513255,0.013227513227513255
21501042,2016-03-20 19:30:00,,Arbitrage,Moneyline,-170.0,180.0,true,0.013227513227513255,0.013227513227513255
21501042,2016-03-20 19:30:00,,Arbitrage,Moneyline,-170.0,180.0,true,0.013227513227513255,0.013227513227513255
21501030,2016-03-19 19:00:00,,Arbitrage,Moneyline,442.0,-355.0,true,0.03527837476176954,0.03527837476176954
21501030,2016-03-19 19:00:00,,Arbitrage,Moneyline,442.0,-375.0,true,0.026024470771023545,0.026024470771023545
21501030,2016-03-19 19:00:00,,Arbitrage,Moneyline,442.0,-400.0,true,0.015498154981549828,0.015498154981549828
21501030,2016-03-19 19:00:00,,Arbitrage,Moneyline,442.0,-390.0,true,0.0195797876346111,0.0195797876346111
21501030,2016-03-19 19:00:00,,Arbitrage,Moneyline,442.0,-430.0,true,0.004177400264568698,0.004177400264568698
21501030,2016-03-19 19:00:00,,Arbitrage,Moneyline,442.0,-360.0,true,0.032889459329375814,0.032889459329375814
21501030,2016-03-19 19:00:00,,Arbitrage,Moneyline,442.0,-375.0,true,0.026024470771023545,0.026024470771023545
21501030,2016-03-19 19:00:00,,Arbitrage,Moneyline,-355.0,400.0,true,0.01978021978021971,0.01978021978021971
21501030,2016-03-19 19:00:00,,Arbitrage,Moneyline,-355.0,400.0,true,0.01978021978021971,0.01978021978021971
21501030,2016-03-19 19:00:00,,Arbitrage,Moneyline,400.0,-375.0,true,0.010526315789473717,0.010526315789473717
21501030,2016-03-19 19:00:00,,Arbitrage,Moneyline,400.0,-390.0,true,0.004081632653061273,0.004081632653061273
21501030,2016-03-19 19:00:00,,Arbitrage,Moneyline,400.0,-360.0,true,0.017391304347825987,0.017391304347825987
21501030,2016-03-19 19:00:00,,Arbitrage,Moneyline,400.0,-375.0,true,0.010526315789473717,0.010526315789473717
21501030,2016-03-19 19:00:00,,Arbitrage,Moneyline,-375.0,400.0,true,0.010526315789473717,0.010526315789473717
21501030,2016-03-19 19:00:00,,Arbitrage,Moneyline,-390.0,400.0,true,0.004081632653061273,0.004081632653061273
21501030,2016-03-19 19:00:00,,Arbitrage,Moneyline,-360.0,400.0,true,0.017391304347825987,0.017391304347825987
21501030,2016-03-19 19:00:00,,Arbitrage,Moneyline,400.0,-375.0,true,0.010526315789473717,0.010526315789473717
21001122,2011-04-01 19:00:00,,Arbitrage,Moneyline,-500.0,505.0,true,0.0013774104683195176,0.0013774104683195176
21001122,2011-04-01 19:00:00,,Arbitrage,Moneyline,-500.0,505.0,true,0.0013774104683195176,0.0013774104683195176
21501031,2016-03-19 19:00:00,,Arbitrage,Moneyline,-147.0,155.0,true,0.012701436850043546,0.012701436850043546
21501031,2016-03-19 19:00:00,,Arbitrage,Moneyline,-150.0,155.0,true,0.007843137254901822,0.007843137254901822
21501031,2016-03-19 19:00:00,,Arbitrage,Moneyline,-150.0,155.0,true,0.007843137254901822,0.007843137254901822
21501031,2016-03-19 19:00:00,,Arbitrage,Moneyline,155.0,-150.0,true,0.007843137254901822,0.007843137254901822
21501031,2016-03-19 19:00:00,,Arbitrage,Moneyline,155.0,-150.0,true,0.007843137254901822,0.007843137254901822
41000312,2011-05-19 21:00:00,,Arbitrage,Moneyline,-233.0,255.0,true,0.018610159455229924,0.018610159455229924
41000312,2011-05-19 21:00:00,,Arbitrage,Moneyline,255.0,-245.0,true,0.00816493161869758,0.00816493161869758
41000312,2011-05-19 21:00:00,,Arbitrage,Moneyline,255.0,-245.0,true,0.00816493161869758,0.00816493161869758
41000312,2011-05-19 21:00:00,,Arbitrage,Moneyline,255.0,-235.0,true,0.016817321841496646,0.016817321841496646
41000312,2011-05-19 21:00:00,,Arbitrage,Moneyline,255.0,-240.0,true,0.012427506213753103,0.012427506213753103
41000312,2011-05-19 21:00:00,,Arbitrage,Moneyline,255.0,-235.0,true,0.016817321841496646,0.016817321841496646
41000312,2011-05-19 21:00:00,,Arbitrage,Moneyline,255.0,-240.0,true,0.012427506213753103,0.012427506213753103
41000312,2011-05-19 21:00:00,,Arbitrage,Moneyline,255.0,-245.0,true,0.00816493161869758,0.00816493161869758
41000315,2011-05-25 21:00:00,,Arbitrage,Moneyline,-285.0,1025.0,true,0.1708513708513708,0.1708513708513708
41000315,2011-05-25 21:00:00,,Arbitrage,Moneyline,1025.0,-305.0,true,0.15802469135802466,0.15802469135802466
41000315,2011-05-25 21:00:00,,Arbitrage,Moneyline,1025.0,-290.0,true,0.16752136752136748,0.16752136752136748
41000315,2011-05-25 21:00:00,,Arbitrage,Moneyline,1025.0,-300.0,true,0.1611111111111111,0.1611111111111111
41000315,2011-05-25 21:00:00,,Arbitrage,Moneyline,1025.0,-310.0,true,0.15501355013550133,0.15501355013550133
41000315,2011-05-25 21:00:00,,Arbitrage,Moneyline,1025.0,-300.0,true,0.1611111111111111,0.1611111111111111
41000315,2011-05-25 21:00:00,,Arbitrage,Moneyline,1025.0,-290.0,true,0.16752136752136748,0.16752136752136748
41000315,2011-05-25 21:00:00,,Arbitrage,Moneyline,1025.0,-290.0,true,0.16752136752136748,0.16752136752136748
41000302,2011-05-18 20:30:00,,Arbitrage,Moneyline,122.0,-120.0,true,0.004095004095004073,0.004095004095004073
41000302,2011-05-18 20:30:00,,Arbitrage,Moneyline,-120.0,125.0,true,0.010101010101010166,0.010101010101010166
41000302,2011-05-18 20:30:00,,Arbitrage,Moneyline,-120.0,125.0,true,0.010101010101010166,0.010101010101010166
21600597,2017-01-13 20:00:00,,Arbitrage,Moneyline,-140.0,144.0,true,0.006830601092896238,0.006830601092896238
21600597,2017-01-13 20:00:00,,Arbitrage,Moneyline,-140.0,144.0,true,0.006830601092896238,0.006830601092896238
21600593,2017-01-13 19:00:00,,Arbitrage,Moneyline,191.0,-185.0,true,0.007234581298607323,0.007234581298607323
21600593,2017-01-13 19:00:00,,Arbitrage,Moneyline,-185.0,186.0,true,0.001226843332106542,0.001226843332106542
21600593,2017-01-13 19:00:00,,Arbitrage,Moneyline,-185.0,186.0,true,0.001226843332106542,0.001226843332106542
21600594,2017-01-13 20:00:00,,Arbitrage,Moneyline,-295.0,300.0,true,0.0031645569620253333,0.0031645569620253333
21600589,2017-01-12 15:00:00,,Arbitrage,Moneyline,-167.0,170.0,true,0.004161464835622075,0.004161464835622075
21600589,2017-01-12 15:00:00,,Arbitrage,Moneyline,-167.0,170.0,true,0.004161464835622075,0.004161464835622075
21600589,2017-01-12 15:00:00,,Arbitrage,Moneyline,-167.0,170.0,true,0.004161464835622075,0.004161464835622075
40900313,2010-05-23 20:30:00,,Arbitrage,Moneyline,-116.0,140.0,true,0.04629629629629628,0.04629629629629628
40900313,2010-05-23 20:30:00,,Arbitrage,Moneyline,-120.0,140.0,true,0.037878787878787845,0.037878787878787845
40900313,2010-05-23 20:30:00,,Arbitrage,Moneyline,-121.0,140.0,true,0.035822021116138636,0.035822021116138636
40900313,2010-05-23 20:30:00,,Arbitrage,Moneyline,-125.0,140.0,true,0.02777777777777768,0.02777777777777768
40900313,2010-05-23 20:30:00,,Arbitrage,Moneyline,140.0,-120.0,true,0.037878787878787845,0.037878787878787845
40900313,2010-05-23 20:30:00,,Arbitrage,Moneyline,140.0,-125.0,true,0.02777777777777768,0.02777777777777768
21600568,2017-01-09 19:30:00,,Arbitrage,Moneyline,-145.0,150.0,true,0.008163265306122436,0.008163265306122436
21600568,2017-01-09 19:30:00,,Arbitrage,Moneyline,-145.0,150.0,true,0.008163265306122436,0.008163265306122436
21600568,2017-01-09 19:30:00,,Arbitrage,Moneyline,150.0,-145.0,true,0.008163265306122436,0.008163265306122436
21600569,2017-01-09 20:00:00,,Arbitrage,Moneyline,107.0,-105.0,true,0.0047130906091670255,0.0047130906091670255
21600576,2017-01-10 21:00:00,,Arbitrage,Moneyline,-105.0,107.0,true,0.0047130906091670255,0.0047130906091670255
21600576,2017-01-10 21:00:00,,Arbitrage,Moneyline,-105.0,115.0,true,0.022688598979013097,0.022688598979013097
21600576,2017-01-10 21:00:00,,Arbitrage,Moneyline,107.0,-105.0,true,0.0047130906091670255,0.0047130906091670255
21600576,2017-01-10 21:00:00,,Arbitrage,Moneyline,107.0,-105.0,true,0.0047130906091670255,0.0047130906091670255
21600576,2017-01-10 21:00:00,,Arbitrage,Moneyline,-105.0,115.0,true,0.022688598979013097,0.022688598979013097
21600576,2017-01-10 21:00:00,,Arbitrage,Moneyline,115.0,-105.0,true,0.022688598979013097,0.022688598979013097
21001099,2011-03-28 20:30:00,,Arbitrage,Moneyline,120.0,130.0,true,0.11067193675889331,0.11067193675889331
21001099,2011-03-28 20:30:00,,Arbitrage,Moneyline,115.0,130.0,true,0.10010111223458029,0.10010111223458029
21001099,2011-03-28 20:30:00,,Arbitrage,Moneyline,110.0,130.0,true,0.08902691511387162,0.08902691511387162
21001099,2011-03-28 20:30:00,,Arbitrage,Moneyline,115.0,130.0,true,0.10010111223458029,0.10010111223458029
21001099,2011-03-28 20:30:00,,Arbitrage,Moneyline,130.0,114.0,true,0.0979276716781795,0.0979276716781795
21001099,2011-03-28 20:30:00,,Arbitrage,Moneyline,130.0,110.0,true,0.08902691511387162,0.08902691511387162
21001099,2011-03-28 20:30:00,,Arbitrage,Moneyline,130.0,115.0,true,0.10010111223458029,0.10010111223458029
21001099,2011-03-28 20:30:00,,Arbitrage,Moneyline,130.0,115.0,true,0.10010111223458029,0.10010111223458029
21200064,2012-11-07 22:30:00,,Arbitrage,Moneyline,-108.0,109.0,true,0.002300331247699683,0.002300331247699683
21200067,2012-11-08 22:30:00,,Arbitrage,Moneyline,102.0,100.0,true,0.004950495049504955,0.004950495049504955
21001082,2011-03-26 19:00:00,,Arbitrage,Moneyline,173.0,-170.0,true,0.0040700040700041296,0.0040700040700041296
21001082,2011-03-26 19:00:00,,Arbitrage,Moneyline,175.0,-170.0,true,0.006734006734006814,0.006734006734006814
21001082,2011-03-26 19:00:00,,Arbitrage,Moneyline,-170.0,175.0,true,0.006734006734006814,0.006734006734006814
21001082,2011-03-26 19:00:00,,Arbitrage,Moneyline,-170.0,175.0,true,0.006734006734006814,0.006734006734006814
21001084,2011-03-26 20:30:00,,Arbitrage,Moneyline,192.0,174.0,true,0.2925707429257074,0.2925707429257074
21001084,2011-03-26 20:30:00,,Arbitrage,Moneyline,174.0,200.0,true,0.3017031630170317,0.3017031630170317
21001084,2011-03-26 20:30:00,,Arbitrage,Moneyline,174.0,195.0,true,0.29605344550290735,0.29605344550290735
21001084,2011-03-26 20:30:00,,Arbitrage,Moneyline,174.0,210.0,true,0.3124558511890747,0.3124558511890747
21001084,2011-03-26 20:30:00,,Arbitrage,Moneyline,174.0,179.0,true,0.27661355728226455,0.27661355728226455
21001084,2011-03-26 20:30:00,,Arbitrage,Moneyline,174.0,190.0,true,0.2902089101434684,0.2902089101434684
21001084,2011-03-26 20:30:00,,Arbitrage,Moneyline,174.0,180.0,true,0.27789363920750776,0.27789363920750776
21001084,2011-03-26 20:30:00,,Arbitrage,Moneyline,174.0,195.0,true,0.29605344550290735,0.29605344550290735
21600555,2017-01-07 20:00:00,,Arbitrage,Moneyline,350.0,-330.0,true,0.01033591731266148,0.01033591731266148
21600555,2017-01-07 20:00:00,,Arbitrage,Moneyline,340.0,-330.0,true,0.005285412262156397,0.005285412262156397
21600555,2017-01-07 20:00:00,,Arbitrage,Moneyline,335.0,-330.0,true,0.00267308206361927,0.00267308206361927
21600555,2017-01-07 20:00:00,,Arbitrage,Moneyline,-330.0,335.0,true,0.00267308206361927,0.00267308206361927
20901044,2010-03-22 19:30:00,,Arbitrage,Moneyline,-245.0,260.0,true,0.01207729468599028,0.01207729468599028
20901044,2010-03-22 19:30:00,,Arbitrage,Moneyline,-245.0,270.0,true,0.019584802193497897,0.019584802193497897
20901044,2010-03-22 19:30:00,,Arbitrage,Moneyline,-245.0,265.0,true,0.01588246972404206,0.01588246972404206
20901044,2010-03-22 19:30:00,,Arbitrage,Moneyline,-245.0,255.0,true,0.00816493161869758,0.00816493161869758
20901044,2010-03-22 19:30:00,,Arbitrage,Moneyline,-245.0,255.0,true,0.00816493161869758,0.00816493161869758
21200086,2012-11-10 20:30:00,,Arbitrage,Moneyline,102.0,101.0,true,0.007438057238559614,0.007438057238559614
21200086,2012-11-10 20:30:00,,Arbitrage,Moneyline,101.0,100.0,true,0.0024875621890546595,0.0024875621890546595
20901061,2010-03-24 19:00:00,,Arbitrage,Moneyline,-145.0,150.0,true,0.008163265306122436,0.008163265306122436
20901061,2010-03-24 19:00:00,,Arbitrage,Moneyline,-145.0,150.0,true,0.008163265306122436,0.008163265306122436
20901061,2010-03-24 19:00:00,,Arbitrage,Moneyline,-145.0,150.0,true,0.008163265306122436,0.008163265306122436
20901061,2010-03-24 19:00:00,,Arbitrage,Moneyline,-145.0,150.0,true,0.008163265306122436,0.008163265306122436
20901052,2010-03-22 22:30:00,,Arbitrage,Moneyline,-195.0,200.0,true,0.005649717514124353,0.005649717514124353
20901052,2010-03-22 22:30:00,,Arbitrage,Moneyline,-195.0,200.0,true,0.005649717514124353,0.005649717514124353
20901080,2010-03-26 20:30:00,,Arbitrage,Moneyline,102.0,100.0,true,0.004950495049504955,0.004950495049504955
20600134,2006-11-18 19:30:00,,Arbitrage,Moneyline,106.0,100.0,true,0.014563106796116498,0.014563106796116498
20600132,2006-11-18 19:30:00,,Arbitrage,Moneyline,-410.0,425.0,true,0.0056022408963585235,0.0056022408963585235
20901078,2010-03-26 20:00:00,,Arbitrage,Moneyline,-101.0,105.0,true,0.009707559762164752,0.009707559762164752
20600146,2006-11-20 20:00:00,,Arbitrage,Moneyline,-143.0,145.0,true,0.003359368438733412,0.003359368438733412
20600150,2006-11-20 22:30:00,,Arbitrage,Moneyline,161.0,-140.0,true,0.03352490421455956,0.03352490421455956
20600150,2006-11-20 22:30:00,,Arbitrage,Moneyline,155.0,-140.0,true,0.02450980392156865,0.02450980392156865
20600150,2006-11-20 22:30:00,,Arbitrage,Moneyline,-140.0,150.0,true,0.01666666666666672,0.01666666666666672
20600158,2006-11-22 19:00:00,,Arbitrage,Moneyline,-117.0,120.0,true,0.006284038542103021,0.006284038542103021
20600189,2006-11-25 20:00:00,,Arbitrage,Moneyline,-126.0,130.0,true,0.0076952674105423835,0.0076952674105423835
20901118,2010-03-31 22:00:00,,Arbitrage,Moneyline,638.0,-600.0,true,0.007355787843592809,0.007355787843592809
20901118,2010-03-31 22:00:00,,Arbitrage,Moneyline,638.0,-600.0,true,0.007355787843592809,0.007355787843592809
20901118,2010-03-31 22:00:00,,Arbitrage,Moneyline,605.0,-600.0,true,0.0010131712259372483,0.0010131712259372483
20901118,2010-03-31 22:00:00,,Arbitrage,Moneyline,605.0,-600.0,true,0.0010131712259372483,0.0010131712259372483
20901114,2010-03-31 20:00:00,,Arbitrage,Moneyline,-109.0,110.0,true,0.0022784233310549906,0.0022784233310549906
20901114,2010-03-31 20:00:00,,Arbitrage,Moneyline,-109.0,110.0,true,0.0022784233310549906,0.0022784233310549906
21001024,2011-03-18 20:30:00,,Arbitrage,Moneyline,-119.0,120.0,true,0.0020755500207556565,0.0020755500207556565
21600661,2017-01-22 12:00:00,,Arbitrage,Moneyline,-1370.0,1400.0,true,0.0013605442176870541,0.0013605442176870541
21001021,2011-03-18 19:30:00,,Arbitrage,Moneyline,-149.0,155.0,true,0.009449562957713153,0.009449562957713153
21001021,2011-03-18 19:30:00,,Arbitrage,Moneyline,-149.0,155.0,true,0.009449562957713153,0.009449562957713153
21001021,2011-03-18 19:30:00,,Arbitrage,Moneyline,-149.0,155.0,true,0.009449562957713153,0.009449562957713153
21600613,2017-01-16 13:00:00,,Arbitrage,Moneyline,-124.0,125.0,true,0.001984126984126977,0.001984126984126977
21600613,2017-01-16 13:00:00,,Arbitrage,Moneyline,-124.0,125.0,true,0.001984126984126977,0.001984126984126977
20800062,2008-11-05 22:30:00,,Arbitrage,Moneyline,-148.0,150.0,true,0.003225806451612856,0.003225806451612856
20800062,2008-11-05 22:30:00,,Arbitrage,Moneyline,-148.0,150.0,true,0.003225806451612856,0.003225806451612856
21200107,2012-11-13 22:00:00,,Arbitrage,Moneyline,-118.0,120.0,true,0.00417014178482078,0.00417014178482078
20800056,2008-11-05 20:00:00,,Arbitrage,Moneyline,105.0,100.0,true,0.012195121951219523,0.012195121951219523
20800056,2008-11-05 20:00:00,,Arbitrage,Moneyline,103.0,100.0,true,0.007389162561576401,0.007389162561576401
21200119,2012-11-15 20:00:00,,Arbitrage,Moneyline,211.0,-210.0,true,0.001037236801161745,0.001037236801161745
21200119,2012-11-15 20:00:00,,Arbitrage,Moneyline,211.0,-210.0,true,0.001037236801161745,0.001037236801161745
21200119,2012-11-15 20:00:00,,Arbitrage,Moneyline,211.0,-190.0,true,0.02328417784676784,0.02328417784676784
21200119,2012-11-15 20:00:00,,Arbitrage,Moneyline,211.0,-210.0,true,0.001037236801161745,0.001037236801161745
21200119,2012-11-15 20:00:00,,Arbitrage,Moneyline,211.0,-210.0,true,0.001037236801161745,0.001037236801161745
21200119,2012-11-15 20:00:00,,Arbitrage,Moneyline,211.0,-210.0,true,0.001037236801161745,0.001037236801161745
21200119,2012-11-15 20:00:00,,Arbitrage,Moneyline,210.0,-190.0,true,0.022246941045606095,0.022246941045606095
21200119,2012-11-15 20:00:00,,Arbitrage,Moneyline,200.0,-190.0,true,0.011494252873563093,0.011494252873563093
20800040,2008-11-02 18:00:00,,Arbitrage,Moneyline,200.0,-195.0,true,0.005649717514124353,0.005649717514124353
20800041,2008-11-02 19:00:00,,Arbitrage,Moneyline,-106.0,110.0,true,0.009246417013407338,0.009246417013407338
20800041,2008-11-02 19:00:00,,Arbitrage,Moneyline,-106.0,110.0,true,0.009246417013407338,0.009246417013407338
21200132,2012-11-17 21:00:00,,Arbitrage,Moneyline,231.0,175.0,true,0.33424883273825867,0.33424883273825867
21200132,2012-11-17 21:00:00,,Arbitrage,Moneyline,215.0,175.0,true,0.3189033189033189,0.3189033189033189
21200132,2012-11-17 21:00:00,,Arbitrage,Moneyline,235.0,175.0,true,0.3378561736770692,0.3378561736770692
21200132,2012-11-17 21:00:00,,Arbitrage,Moneyline,220.0,175.0,true,0.32386363636363635,0.32386363636363635
21200132,2012-11-17 21:00:00,,Arbitrage,Moneyline,230.0,175.0,true,0.33333333333333326,0.33333333333333326
21200132,2012-11-17 21:00:00,,Arbitrage,Moneyline,175.0,220.0,true,0.32386363636363635,0.32386363636363635
21200132,2012-11-17 21:00:00,,Arbitrage,Moneyline,175.0,215.0,true,0.3189033189033189,0.3189033189033189
21200132,2012-11-17 21:00:00,,Arbitrage,Moneyline,175.0,220.0,true,0.32386363636363635,0.32386363636363635
21200132,2012-11-17 21:00:00,,Arbitrage,Moneyline,175.0,220.0,true,0.32386363636363635,0.32386363636363635
20800043,2008-11-03 19:00:00,,Arbitrage,Moneyline,360.0,-350.0,true,0.004830917874395935,0.004830917874395935
20800043,2008-11-03 19:00:00,,Arbitrage,Moneyline,360.0,-359.0,true,4.736193994505644E-4,4.736193994505644E-4
20800043,2008-11-03 19:00:00,,Arbitrage,Moneyline,360.0,-355.0,true,0.0023889154323937234,0.0023889154323937234
21200134,2012-11-17 19:30:00,,Arbitrage,Moneyline,222.0,280.0,true,0.4262830990519778,0.4262830990519778
21200134,2012-11-17 19:30:00,,Arbitrage,Moneyline,225.0,280.0,true,0.42914979757085026,0.42914979757085026
21200134,2012-11-17 19:30:00,,Arbitrage,Moneyline,230.0,280.0,true,0.43381180223285487,0.43381180223285487
21200134,2012-11-17 19:30:00,,Arbitrage,Moneyline,215.0,280.0,true,0.4193817878028405,0.4193817878028405
21200134,2012-11-17 19:30:00,,Arbitrage,Moneyline,235.0,280.0,true,0.4383346425765908,0.4383346425765908
21200134,2012-11-17 19:30:00,,Arbitrage,Moneyline,280.0,215.0,true,0.4193817878028405,0.4193817878028405
21200134,2012-11-17 19:30:00,,Arbitrage,Moneyline,280.0,215.0,true,0.4193817878028405,0.4193817878028405
21200134,2012-11-17 19:30:00,,Arbitrage,Moneyline,280.0,220.0,true,0.42434210526315796,0.42434210526315796
21200134,2012-11-17 19:30:00,,Arbitrage,Moneyline,280.0,215.0,true,0.4193817878028405,0.4193817878028405
21200133,2012-11-17 19:00:00,,Arbitrage,Moneyline,144.0,440.0,true,0.4049787492410444,0.4049787492410444
21200133,2012-11-17 19:00:00,,Arbitrage,Moneyline,140.0,440.0,true,0.39814814814814814,0.39814814814814814
21200133,2012-11-17 19:00:00,,Arbitrage,Moneyline,140.0,440.0,true,0.39814814814814814,0.39814814814814814
21200133,2012-11-17 19:00:00,,Arbitrage,Moneyline,135.0,440.0,true,0.3892828999211978,0.3892828999211978
21200133,2012-11-17 19:00:00,,Arbitrage,Moneyline,145.0,440.0,true,0.4066515495086924,0.4066515495086924
21200133,2012-11-17 19:00:00,,Arbitrage,Moneyline,440.0,140.0,true,0.39814814814814814,0.39814814814814814
21200133,2012-11-17 19:00:00,,Arbitrage,Moneyline,440.0,145.0,true,0.4066515495086924,0.4066515495086924
21200133,2012-11-17 19:00:00,,Arbitrage,Moneyline,440.0,140.0,true,0.39814814814814814,0.39814814814814814
21200133,2012-11-17 19:00:00,,Arbitrage,Moneyline,440.0,135.0,true,0.3892828999211978,0.3892828999211978
20800047,2008-11-03 22:30:00,,Arbitrage,Moneyline,195.0,-190.0,true,0.005844535359438852,0.005844535359438852
20800047,2008-11-03 22:30:00,,Arbitrage,Moneyline,195.0,-190.0,true,0.005844535359438852,0.005844535359438852
21200136,2012-11-17 20:30:00,,Arbitrage,Moneyline,334.0,-185.0,true,0.12046244643867732,0.12046244643867732
21200136,2012-11-17 20:30:00,,Arbitrage,Moneyline,315.0,-185.0,true,0.10991333756076938,0.10991333756076938
21200136,2012-11-17 20:30:00,,Arbitrage,Moneyline,325.0,-185.0,true,0.11558307533539725,0.11558307533539725
21200136,2012-11-17 20:30:00,,Arbitrage,Moneyline,320.0,-185.0,true,0.11278195488721798,0.11278195488721798
21200136,2012-11-17 20:30:00,,Arbitrage,Moneyline,290.0,-185.0,true,0.09446693657219973,0.09446693657219973
21200136,2012-11-17 20:30:00,,Arbitrage,Moneyline,-185.0,300.0,true,0.10087719298245612,0.10087719298245612
21200136,2012-11-17 20:30:00,,Arbitrage,Moneyline,-185.0,300.0,true,0.10087719298245612,0.10087719298245612
21200136,2012-11-17 20:30:00,,Arbitrage,Moneyline,-185.0,300.0,true,0.10087719298245612,0.10087719298245612
21200136,2012-11-17 20:30:00,,Arbitrage,Moneyline,-185.0,320.0,true,0.11278195488721798,0.11278195488721798
21200135,2012-11-17 19:30:00,,Arbitrage,Moneyline,-140.0,210.0,true,0.09408602150537648,0.09408602150537648
21200135,2012-11-17 19:30:00,,Arbitrage,Moneyline,-135.0,210.0,true,0.10295126973232671,0.10295126973232671
21200135,2012-11-17 19:30:00,,Arbitrage,Moneyline,-140.0,210.0,true,0.09408602150537648,0.09408602150537648
21200135,2012-11-17 19:30:00,,Arbitrage,Moneyline,-140.0,210.0,true,0.09408602150537648,0.09408602150537648
21200135,2012-11-17 19:30:00,,Arbitrage,Moneyline,210.0,-145.0,true,0.0855826201448322,0.0855826201448322
21200135,2012-11-17 19:30:00,,Arbitrage,Moneyline,210.0,-140.0,true,0.09408602150537648,0.09408602150537648
21200135,2012-11-17 19:30:00,,Arbitrage,Moneyline,210.0,-140.0,true,0.09408602150537648,0.09408602150537648
21200135,2012-11-17 19:30:00,,Arbitrage,Moneyline,210.0,-140.0,true,0.09408602150537648,0.09408602150537648
21200137,2012-11-17 20:30:00,,Arbitrage,Moneyline,-260.0,315.0,true,0.036813922356091044,0.036813922356091044
21200137,2012-11-17 20:30:00,,Arbitrage,Moneyline,-255.0,315.0,true,0.040726285423383635,0.040726285423383635
21200137,2012-11-17 20:30:00,,Arbitrage,Moneyline,-260.0,315.0,true,0.036813922356091044,0.036813922356091044
21200137,2012-11-17 20:30:00,,Arbitrage,Moneyline,-260.0,315.0,true,0.036813922356091044,0.036813922356091044
21200137,2012-11-17 20:30:00,,Arbitrage,Moneyline,-265.0,315.0,true,0.03300874731803927,0.03300874731803927
21200137,2012-11-17 20:30:00,,Arbitrage,Moneyline,315.0,-255.0,true,0.040726285423383635,0.040726285423383635
21200137,2012-11-17 20:30:00,,Arbitrage,Moneyline,315.0,-260.0,true,0.036813922356091044,0.036813922356091044
21200137,2012-11-17 20:30:00,,Arbitrage,Moneyline,315.0,-255.0,true,0.040726285423383635,0.040726285423383635
21200137,2012-11-17 20:30:00,,Arbitrage,Moneyline,315.0,-260.0,true,0.036813922356091044,0.036813922356091044
21200164,2012-11-21 19:30:00,,Arbitrage,Moneyline,-155.0,160.0,true,0.007541478129713397,0.007541478129713397
21200164,2012-11-21 19:30:00,,Arbitrage,Moneyline,-155.0,160.0,true,0.007541478129713397,0.007541478129713397
21200164,2012-11-21 19:30:00,,Arbitrage,Moneyline,160.0,-155.0,true,0.007541478129713397,0.007541478129713397
20800098,2008-11-11 19:00:00,,Arbitrage,Moneyline,-125.0,130.0,true,0.009661835748792202,0.009661835748792202
20800076,2008-11-07 22:30:00,,Arbitrage,Moneyline,101.0,104.0,true,0.012291483757682187,0.012291483757682187
20800076,2008-11-07 22:30:00,,Arbitrage,Moneyline,101.0,100.0,true,0.0024875621890546595,0.0024875621890546595
20800026,2008-11-01 19:00:00,,Arbitrage,Moneyline,-129.0,135.0,true,0.01114930781380652,0.01114930781380652
20800026,2008-11-01 19:00:00,,Arbitrage,Moneyline,-130.0,135.0,true,0.009250693802035137,0.009250693802035137
20800027,2008-11-01 19:00:00,,Arbitrage,Moneyline,-127.0,130.0,true,0.005746025665581245,0.005746025665581245
20800029,2008-11-01 19:00:00,,Arbitrage,Moneyline,625.0,-600.0,true,0.0049261083743843415,0.0049261083743843415
20800029,2008-11-01 19:00:00,,Arbitrage,Moneyline,625.0,-600.0,true,0.0049261083743843415,0.0049261083743843415
20800029,2008-11-01 19:00:00,,Arbitrage,Moneyline,615.0,-600.0,true,0.0029970029970030065,0.0029970029970030065
20800029,2008-11-01 19:00:00,,Arbitrage,Moneyline,615.0,-600.0,true,0.0029970029970030065,0.0029970029970030065
21501226,2016-04-13 20:00:00,,Arbitrage,Moneyline,516.0,-500.0,true,0.0043290043290042934,0.0043290043290042934
21501213,2016-04-12 19:30:00,,Arbitrage,Moneyline,111.0,110.0,true,0.04987587452042441,0.04987587452042441
21501213,2016-04-12 19:30:00,,Arbitrage,Moneyline,111.0,105.0,true,0.03826147266211999,0.03826147266211999
21501213,2016-04-12 19:30:00,,Arbitrage,Moneyline,111.0,110.0,true,0.04987587452042441,0.04987587452042441
21501213,2016-04-12 19:30:00,,Arbitrage,Moneyline,111.0,105.0,true,0.03826147266211999,0.03826147266211999
21501213,2016-04-12 19:30:00,,Arbitrage,Moneyline,111.0,110.0,true,0.04987587452042441,0.04987587452042441
21501213,2016-04-12 19:30:00,,Arbitrage,Moneyline,111.0,105.0,true,0.03826147266211999,0.03826147266211999
21501213,2016-04-12 19:30:00,,Arbitrage,Moneyline,111.0,105.0,true,0.03826147266211999,0.03826147266211999
21501213,2016-04-12 19:30:00,,Arbitrage,Moneyline,111.0,110.0,true,0.04987587452042441,0.04987587452042441
21501230,2016-04-13 22:30:00,,Arbitrage,Moneyline,450.0,-420.0,true,0.010489510489510412,0.010489510489510412
21501230,2016-04-13 22:30:00,,Arbitrage,Moneyline,450.0,-420.0,true,0.010489510489510412,0.010489510489510412
21501230,2016-04-13 22:30:00,,Arbitrage,Moneyline,-420.0,450.0,true,0.010489510489510412,0.010489510489510412
21501230,2016-04-13 22:30:00,,Arbitrage,Moneyline,450.0,-420.0,true,0.010489510489510412,0.010489510489510412
21501229,2016-04-13 22:30:00,,Arbitrage,Moneyline,-180.0,185.0,true,0.006265664160401085,0.006265664160401085
21501229,2016-04-13 22:30:00,,Arbitrage,Moneyline,185.0,-180.0,true,0.006265664160401085,0.006265664160401085
21200231,2012-11-30 22:00:00,,Arbitrage,Moneyline,-103.0,105.0,true,0.004805959389643011,0.004805959389643011
21200231,2012-11-30 22:00:00,,Arbitrage,Moneyline,-103.0,105.0,true,0.004805959389643011,0.004805959389643011
21200253,2012-12-04 19:30:00,,Arbitrage,Moneyline,-165.0,170.0,true,0.006988120195667302,0.006988120195667302
21200256,2012-12-04 20:00:00,,Arbitrage,Moneyline,102.0,100.0,true,0.004950495049504955,0.004950495049504955
21200256,2012-12-04 20:00:00,,Arbitrage,Moneyline,102.0,100.0,true,0.004950495049504955,0.004950495049504955
21200256,2012-12-04 20:00:00,,Arbitrage,Moneyline,105.0,100.0,true,0.012195121951219523,0.012195121951219523
21200256,2012-12-04 20:00:00,,Arbitrage,Moneyline,105.0,100.0,true,0.012195121951219523,0.012195121951219523
21200268,2012-12-06 20:00:00,,Arbitrage,Moneyline,454.0,-390.0,true,0.023576217490606344,0.023576217490606344
21200268,2012-12-06 20:00:00,,Arbitrage,Moneyline,450.0,-390.0,true,0.02226345083487935,0.02226345083487935
21200268,2012-12-06 20:00:00,,Arbitrage,Moneyline,475.0,-390.0,true,0.030168589174800364,0.030168589174800364
21200268,2012-12-06 20:00:00,,Arbitrage,Moneyline,445.0,-390.0,true,0.020595394120951127,0.020595394120951127
21200268,2012-12-06 20:00:00,,Arbitrage,Moneyline,400.0,-390.0,true,0.004081632653061273,0.004081632653061273
21200268,2012-12-06 20:00:00,,Arbitrage,Moneyline,455.0,-390.0,true,0.023901452472881002,0.023901452472881002
21200268,2012-12-06 20:00:00,,Arbitrage,Moneyline,-390.0,450.0,true,0.02226345083487935,0.02226345083487935
21200268,2012-12-06 20:00:00,,Arbitrage,Moneyline,-390.0,450.0,true,0.02226345083487935,0.02226345083487935
21200268,2012-12-06 20:00:00,,Arbitrage,Moneyline,-390.0,445.0,true,0.020595394120951127,0.020595394120951127
20801230,2009-04-15 22:30:00,,Arbitrage,Moneyline,410.0,-400.0,true,0.0039215686274509665,0.0039215686274509665
20801230,2009-04-15 22:30:00,,Arbitrage,Moneyline,410.0,-360.0,true,0.021312872975276953,0.021312872975276953
20801230,2009-04-15 22:30:00,,Arbitrage,Moneyline,410.0,-350.0,true,0.02614379084967311,0.02614379084967311
20801230,2009-04-15 22:30:00,,Arbitrage,Moneyline,390.0,-360.0,true,0.013309671694764824,0.013309671694764824
20801230,2009-04-15 22:30:00,,Arbitrage,Moneyline,390.0,-350.0,true,0.01814058956916087,0.01814058956916087
20801230,2009-04-15 22:30:00,,Arbitrage,Moneyline,355.0,-350.0,true,0.0024420024420023223,0.0024420024420023223
20801219,2009-04-15 20:00:00,,Arbitrage,Moneyline,140.0,-135.0,true,0.008865248226950229,0.008865248226950229
20801219,2009-04-15 20:00:00,,Arbitrage,Moneyline,140.0,-135.0,true,0.008865248226950229,0.008865248226950229
20801219,2009-04-15 20:00:00,,Arbitrage,Moneyline,-135.0,140.0,true,0.008865248226950229,0.008865248226950229
20801219,2009-04-15 20:00:00,,Arbitrage,Moneyline,140.0,-135.0,true,0.008865248226950229,0.008865248226950229
21501183,2016-04-08 19:30:00,,Arbitrage,Moneyline,-179.0,180.0,true,0.0012800819252432039,0.0012800819252432039
21501172,2016-04-06 22:30:00,,Arbitrage,Moneyline,590.0,-450.0,true,0.03689064558629784,0.03689064558629784
21501172,2016-04-06 22:30:00,,Arbitrage,Moneyline,515.0,-450.0,true,0.01921655580192172,0.01921655580192172
21501172,2016-04-06 22:30:00,,Arbitrage,Moneyline,575.0,-450.0,true,0.03367003367003374,0.03367003367003374
21501172,2016-04-06 22:30:00,,Arbitrage,Moneyline,575.0,-450.0,true,0.03367003367003374,0.03367003367003374
21501172,2016-04-06 22:30:00,,Arbitrage,Moneyline,-450.0,510.0,true,0.017883755588673722,0.017883755588673722
21501172,2016-04-06 22:30:00,,Arbitrage,Moneyline,-450.0,515.0,true,0.01921655580192172,0.01921655580192172
21501172,2016-04-06 22:30:00,,Arbitrage,Moneyline,-450.0,550.0,true,0.027972027972028024,0.027972027972028024
21501172,2016-04-06 22:30:00,,Arbitrage,Moneyline,-450.0,575.0,true,0.03367003367003374,0.03367003367003374
21501172,2016-04-06 22:30:00,,Arbitrage,Moneyline,-450.0,575.0,true,0.03367003367003374,0.03367003367003374
21501122,2016-03-31 19:00:00,,Arbitrage,Moneyline,2173.0,-1800.0,true,0.008636858313844531,0.008636858313844531
21501122,2016-03-31 19:00:00,,Arbitrage,Moneyline,1860.0,-1800.0,true,0.001611170784103222,0.001611170784103222
21501124,2016-03-31 19:00:00,,Arbitrage,Moneyline,-240.0,248.0,true,0.006761325219743153,0.006761325219743153
21501124,2016-03-31 19:00:00,,Arbitrage,Moneyline,248.0,-240.0,true,0.006761325219743153,0.006761325219743153
21501124,2016-03-31 19:00:00,,Arbitrage,Moneyline,248.0,-240.0,true,0.006761325219743153,0.006761325219743153
21501110,2016-03-29 19:30:00,,Arbitrage,Moneyline,110.0,160.0,true,0.13919413919413925,0.13919413919413925
21501110,2016-03-29 19:30:00,,Arbitrage,Moneyline,110.0,160.0,true,0.13919413919413925,0.13919413919413925
21501110,2016-03-29 19:30:00,,Arbitrage,Moneyline,111.0,160.0,true,0.14145096609551588,0.14145096609551588
21501110,2016-03-29 19:30:00,,Arbitrage,Moneyline,110.0,160.0,true,0.13919413919413925,0.13919413919413925
21501110,2016-03-29 19:30:00,,Arbitrage,Moneyline,160.0,110.0,true,0.13919413919413925,0.13919413919413925
21501110,2016-03-29 19:30:00,,Arbitrage,Moneyline,160.0,110.0,true,0.13919413919413925,0.13919413919413925
21501110,2016-03-29 19:30:00,,Arbitrage,Moneyline,160.0,110.0,true,0.13919413919413925,0.13919413919413925
21501110,2016-03-29 19:30:00,,Arbitrage,Moneyline,160.0,111.0,true,0.14145096609551588,0.14145096609551588
21501110,2016-03-29 19:30:00,,Arbitrage,Moneyline,160.0,110.0,true,0.13919413919413925,0.13919413919413925
21501143,2016-04-03 13:00:00,,Arbitrage,Moneyline,-136.0,225.0,true,0.1160365058670143,0.1160365058670143
21501143,2016-04-03 13:00:00,,Arbitrage,Moneyline,-140.0,225.0,true,0.10897435897435903,0.10897435897435903
21501143,2016-04-03 13:00:00,,Arbitrage,Moneyline,-140.0,225.0,true,0.10897435897435903,0.10897435897435903
21501143,2016-04-03 13:00:00,,Arbitrage,Moneyline,-145.0,225.0,true,0.10047095761381475,0.10047095761381475
21501143,2016-04-03 13:00:00,,Arbitrage,Moneyline,225.0,-145.0,true,0.10047095761381475,0.10047095761381475
21501143,2016-04-03 13:00:00,,Arbitrage,Moneyline,225.0,-140.0,true,0.10897435897435903,0.10897435897435903
21501143,2016-04-03 13:00:00,,Arbitrage,Moneyline,225.0,-140.0,true,0.10897435897435903,0.10897435897435903
21501143,2016-04-03 13:00:00,,Arbitrage,Moneyline,225.0,-140.0,true,0.10897435897435903,0.10897435897435903
21501143,2016-04-03 13:00:00,,Arbitrage,Moneyline,225.0,-145.0,true,0.10047095761381475,0.10047095761381475
21200220,2012-11-29 20:00:00,,Arbitrage,Moneyline,-330.0,800.0,true,0.12144702842377253,0.12144702842377253
21200220,2012-11-29 20:00:00,,Arbitrage,Moneyline,-330.0,700.0,true,0.10755813953488369,0.10755813953488369
21200220,2012-11-29 20:00:00,,Arbitrage,Moneyline,-330.0,780.0,true,0.11892177589852004,0.11892177589852004
21200220,2012-11-29 20:00:00,,Arbitrage,Moneyline,-330.0,695.0,true,0.10677197601287114,0.10677197601287114
21200220,2012-11-29 20:00:00,,Arbitrage,Moneyline,-330.0,700.0,true,0.10755813953488369,0.10755813953488369
21200220,2012-11-29 20:00:00,,Arbitrage,Moneyline,-330.0,800.0,true,0.12144702842377253,0.12144702842377253
21200220,2012-11-29 20:00:00,,Arbitrage,Moneyline,-330.0,800.0,true,0.12144702842377253,0.12144702842377253
21200220,2012-11-29 20:00:00,,Arbitrage,Moneyline,-330.0,780.0,true,0.11892177589852004,0.11892177589852004
21501150,2016-04-03 19:00:00,,Arbitrage,Moneyline,100.0,110.0,true,0.023809523809523836,0.023809523809523836
21501150,2016-04-03 19:00:00,,Arbitrage,Moneyline,100.0,110.0,true,0.023809523809523836,0.023809523809523836
20900928,2010-03-06 20:00:00,,Arbitrage,Moneyline,109.0,100.0,true,0.021531100478468845,0.021531100478468845
20900928,2010-03-06 20:00:00,,Arbitrage,Moneyline,100.0,105.0,true,0.012195121951219523,0.012195121951219523
21200375,2012-12-19 22:00:00,,Arbitrage,Moneyline,-153.0,155.0,true,0.00310005425094928,0.00310005425094928
20900931,2010-03-06 20:30:00,,Arbitrage,Moneyline,156.0,130.0,true,0.17459239130434778,0.17459239130434778
20900931,2010-03-06 20:30:00,,Arbitrage,Moneyline,155.0,130.0,true,0.1730605285592497,0.1730605285592497
20900931,2010-03-06 20:30:00,,Arbitrage,Moneyline,155.0,130.0,true,0.1730605285592497,0.1730605285592497
20900931,2010-03-06 20:30:00,,Arbitrage,Moneyline,155.0,130.0,true,0.1730605285592497,0.1730605285592497
20900931,2010-03-06 20:30:00,,Arbitrage,Moneyline,130.0,150.0,true,0.16521739130434776,0.16521739130434776
20900931,2010-03-06 20:30:00,,Arbitrage,Moneyline,130.0,150.0,true,0.16521739130434776,0.16521739130434776
20900931,2010-03-06 20:30:00,,Arbitrage,Moneyline,130.0,155.0,true,0.1730605285592497,0.1730605285592497
21200377,2012-12-20 19:00:00,,Arbitrage,Moneyline,-133.0,135.0,true,0.003652634462606219,0.003652634462606219
20900922,2010-03-05 21:00:00,,Arbitrage,Moneyline,607.0,-600.0,true,0.0014144271570014633,0.0014144271570014633
20900922,2010-03-05 21:00:00,,Arbitrage,Moneyline,607.0,-600.0,true,0.0014144271570014633,0.0014144271570014633
20900946,2010-03-09 19:00:00,,Arbitrage,Moneyline,101.0,110.0,true,0.026297085998578495,0.026297085998578495
20900946,2010-03-09 19:00:00,,Arbitrage,Moneyline,101.0,109.0,true,0.024018662667523505,0.024018662667523505
20900946,2010-03-09 19:00:00,,Arbitrage,Moneyline,101.0,110.0,true,0.026297085998578495,0.026297085998578495
20900946,2010-03-09 19:00:00,,Arbitrage,Moneyline,-103.0,110.0,true,0.016420361247947435,0.016420361247947435
20900946,2010-03-09 19:00:00,,Arbitrage,Moneyline,-103.0,109.0,true,0.014141937916892444,0.014141937916892444
20900946,2010-03-09 19:00:00,,Arbitrage,Moneyline,-103.0,110.0,true,0.016420361247947435,0.016420361247947435
20900946,2010-03-09 19:00:00,,Arbitrage,Moneyline,100.0,110.0,true,0.023809523809523836,0.023809523809523836
20900946,2010-03-09 19:00:00,,Arbitrage,Moneyline,100.0,109.0,true,0.021531100478468845,0.021531100478468845
20900946,2010-03-09 19:00:00,,Arbitrage,Moneyline,100.0,110.0,true,0.023809523809523836,0.023809523809523836
20900946,2010-03-09 19:00:00,,Arbitrage,Moneyline,110.0,100.0,true,0.023809523809523836,0.023809523809523836
20900946,2010-03-09 19:00:00,,Arbitrage,Moneyline,109.0,100.0,true,0.021531100478468845,0.021531100478468845
20900946,2010-03-09 19:00:00,,Arbitrage,Moneyline,100.0,110.0,true,0.023809523809523836,0.023809523809523836
21500208,2015-11-23 21:00:00,,Arbitrage,Moneyline,-128.0,130.0,true,0.0038138825324179892,0.0038138825324179892
21500208,2015-11-23 21:00:00,,Arbitrage,Moneyline,-125.0,130.0,true,0.009661835748792202,0.009661835748792202
21500208,2015-11-23 21:00:00,,Arbitrage,Moneyline,-125.0,130.0,true,0.009661835748792202,0.009661835748792202
21500208,2015-11-23 21:00:00,,Arbitrage,Moneyline,130.0,-125.0,true,0.009661835748792202,0.009661835748792202
20900940,2010-03-08 19:00:00,,Arbitrage,Moneyline,180.0,110.0,true,0.16666666666666674,0.16666666666666674
20900940,2010-03-08 19:00:00,,Arbitrage,Moneyline,180.0,115.0,true,0.1777408637873754,0.1777408637873754
20900940,2010-03-08 19:00:00,,Arbitrage,Moneyline,180.0,115.0,true,0.1777408637873754,0.1777408637873754
20900940,2010-03-08 19:00:00,,Arbitrage,Moneyline,180.0,109.0,true,0.16438824333561164,0.16438824333561164
20900940,2010-03-08 19:00:00,,Arbitrage,Moneyline,180.0,110.0,true,0.16666666666666674,0.16666666666666674
20900940,2010-03-08 19:00:00,,Arbitrage,Moneyline,180.0,115.0,true,0.1777408637873754,0.1777408637873754
21500231,2015-11-27 20:00:00,,Arbitrage,Moneyline,158.0,-155.0,true,0.004559963520291754,0.004559963520291754
21500231,2015-11-27 20:00:00,,Arbitrage,Moneyline,165.0,-155.0,true,0.014798372179060215,0.014798372179060215
21500231,2015-11-27 20:00:00,,Arbitrage,Moneyline,165.0,-160.0,true,0.007256894049346818,0.007256894049346818
20900961,2010-03-10 22:00:00,,Arbitrage,Moneyline,-102.0,110.0,true,0.01885902876001888,0.01885902876001888
20900961,2010-03-10 22:00:00,,Arbitrage,Moneyline,-102.0,104.0,true,0.004853426519122461,0.004853426519122461
20900961,2010-03-10 22:00:00,,Arbitrage,Moneyline,-102.0,110.0,true,0.01885902876001888,0.01885902876001888
20900961,2010-03-10 22:00:00,,Arbitrage,Moneyline,100.0,110.0,true,0.023809523809523836,0.023809523809523836
20900961,2010-03-10 22:00:00,,Arbitrage,Moneyline,100.0,104.0,true,0.009803921568627416,0.009803921568627416
20900961,2010-03-10 22:00:00,,Arbitrage,Moneyline,100.0,110.0,true,0.023809523809523836,0.023809523809523836
20900961,2010-03-10 22:00:00,,Arbitrage,Moneyline,105.0,110.0,true,0.03600464576074325,0.03600464576074325
20900961,2010-03-10 22:00:00,,Arbitrage,Moneyline,105.0,104.0,true,0.02199904351984694,0.02199904351984694
20900961,2010-03-10 22:00:00,,Arbitrage,Moneyline,105.0,110.0,true,0.03600464576074325,0.03600464576074325
20900961,2010-03-10 22:00:00,,Arbitrage,Moneyline,110.0,100.0,true,0.023809523809523836,0.023809523809523836
20900961,2010-03-10 22:00:00,,Arbitrage,Moneyline,104.0,100.0,true,0.009803921568627416,0.009803921568627416
20900961,2010-03-10 22:00:00,,Arbitrage,Moneyline,100.0,110.0,true,0.023809523809523836,0.023809523809523836
20800225,2008-11-28 19:00:00,,Arbitrage,Moneyline,240.0,-230.0,true,0.008912655971479388,0.008912655971479388
20800225,2008-11-28 19:00:00,,Arbitrage,Moneyline,240.0,-230.0,true,0.008912655971479388,0.008912655971479388
20800225,2008-11-28 19:00:00,,Arbitrage,Moneyline,240.0,-230.0,true,0.008912655971479388,0.008912655971479388
20800225,2008-11-28 19:00:00,,Arbitrage,Moneyline,240.0,-230.0,true,0.008912655971479388,0.008912655971479388
20800225,2008-11-28 19:00:00,,Arbitrage,Moneyline,-230.0,234.0,true,0.0036291054255125355,0.0036291054255125355
20800225,2008-11-28 19:00:00,,Arbitrage,Moneyline,234.0,-230.0,true,0.0036291054255125355,0.0036291054255125355
20800231,2008-11-28 20:00:00,,Arbitrage,Moneyline,-201.0,220.0,true,0.019725913621262414,0.019725913621262414
20800231,2008-11-28 20:00:00,,Arbitrage,Moneyline,-210.0,220.0,true,0.01008064516129037,0.01008064516129037
20800231,2008-11-28 20:00:00,,Arbitrage,Moneyline,-190.0,220.0,true,0.032327586206896464,0.032327586206896464
20800231,2008-11-28 20:00:00,,Arbitrage,Moneyline,220.0,-190.0,true,0.032327586206896464,0.032327586206896464
21600932,2017-03-05 20:30:00,,Arbitrage,Moneyline,110.0,-105.0,true,0.011614401858304313,0.011614401858304313
21600932,2017-03-05 20:30:00,,Arbitrage,Moneyline,111.0,-105.0,true,0.013871228759680942,0.013871228759680942
21600932,2017-03-05 20:30:00,,Arbitrage,Moneyline,-105.0,111.0,true,0.013871228759680942,0.013871228759680942
21600927,2017-03-05 13:00:00,,Arbitrage,Moneyline,147.0,-145.0,true,0.003304965710980712,0.003304965710980712
21600927,2017-03-05 13:00:00,,Arbitrage,Moneyline,-145.0,147.0,true,0.003304965710980712,0.003304965710980712
21600918,2017-03-03 22:30:00,,Arbitrage,Moneyline,-295.0,310.0,true,0.009262117937635095,0.009262117937635095
21600918,2017-03-03 22:30:00,,Arbitrage,Moneyline,-290.0,310.0,true,0.012507817385866149,0.012507817385866149
21600913,2017-03-03 19:00:00,,Arbitrage,Moneyline,-134.0,135.0,true,0.0018185124568101951,0.0018185124568101951
21600913,2017-03-03 19:00:00,,Arbitrage,Moneyline,-134.0,135.0,true,0.0018185124568101951,0.0018185124568101951
21600901,2017-03-01 20:00:00,,Arbitrage,Moneyline,112.0,-110.0,true,0.004492362982928988,0.004492362982928988
21200309,2012-12-12 19:00:00,,Arbitrage,Moneyline,-285.0,290.0,true,0.0033300033300032172,0.0033300033300032172
21200308,2012-12-11 21:30:00,,Arbitrage,Moneyline,-150.0,155.0,true,0.007843137254901822,0.007843137254901822
21200321,2012-12-12 22:30:00,,Arbitrage,Moneyline,-160.0,165.0,true,0.007256894049346818,0.007256894049346818
20800187,2008-11-22 19:30:00,,Arbitrage,Moneyline,218.0,-215.0,true,0.002994908655286066,0.002994908655286066
21200465,2013-01-02 19:00:00,,Arbitrage,Moneyline,-134.0,135.0,true,0.0018185124568101951,0.0018185124568101951
21200465,2013-01-02 19:00:00,,Arbitrage,Moneyline,-134.0,145.0,true,0.01918716204430493,0.01918716204430493
21200465,2013-01-02 19:00:00,,Arbitrage,Moneyline,-135.0,145.0,true,0.01736864958749451,0.01736864958749451
21200465,2013-01-02 19:00:00,,Arbitrage,Moneyline,-135.0,145.0,true,0.01736864958749451,0.01736864958749451
21200465,2013-01-02 19:00:00,,Arbitrage,Moneyline,-140.0,145.0,true,0.008503401360544283,0.008503401360544283
21200465,2013-01-02 19:00:00,,Arbitrage,Moneyline,-140.0,145.0,true,0.008503401360544283,0.008503401360544283
21200465,2013-01-02 19:00:00,,Arbitrage,Moneyline,145.0,-140.0,true,0.008503401360544283,0.008503401360544283
20800180,2008-11-21 21:30:00,,Arbitrage,Moneyline,-500.0,525.0,true,0.006666666666666599,0.006666666666666599
20800162,2008-11-19 20:00:00,,Arbitrage,Moneyline,153.0,-150.0,true,0.004743083003952542,0.004743083003952542
20800162,2008-11-19 20:00:00,,Arbitrage,Moneyline,153.0,-150.0,true,0.004743083003952542,0.004743083003952542
20800166,2008-11-19 20:30:00,,Arbitrage,Moneyline,-103.0,115.0,true,0.027494558368656108,0.027494558368656108
20800166,2008-11-19 20:30:00,,Arbitrage,Moneyline,100.0,115.0,true,0.03488372093023262,0.03488372093023262
20800166,2008-11-19 20:30:00,,Arbitrage,Moneyline,-110.0,115.0,true,0.011074197120708673,0.011074197120708673
20800166,2008-11-19 20:30:00,,Arbitrage,Moneyline,115.0,-105.0,true,0.022688598979013097,0.022688598979013097
20800157,2008-11-18 22:30:00,,Arbitrage,Moneyline,-108.0,110.0,true,0.0045787545787546735,0.0045787545787546735
20800157,2008-11-18 22:30:00,,Arbitrage,Moneyline,-108.0,110.0,true,0.0045787545787546735,0.0045787545787546735
21500100,2015-11-09 19:00:00,,Arbitrage,Moneyline,516.0,-410.0,true,0.03374076903488665,0.03374076903488665
21500100,2015-11-09 19:00:00,,Arbitrage,Moneyline,-410.0,525.0,true,0.03607843137254896,0.03607843137254896
21500100,2015-11-09 19:00:00,,Arbitrage,Moneyline,-410.0,515.0,true,0.03347680535628883,0.03347680535628883
21500100,2015-11-09 19:00:00,,Arbitrage,Moneyline,-410.0,425.0,true,0.0056022408963585235,0.0056022408963585235
21500100,2015-11-09 19:00:00,,Arbitrage,Moneyline,-410.0,525.0,true,0.03607843137254896,0.03607843137254896
21500100,2015-11-09 19:00:00,,Arbitrage,Moneyline,-410.0,500.0,true,0.02941176470588236,0.02941176470588236
21500100,2015-11-09 19:00:00,,Arbitrage,Moneyline,-410.0,500.0,true,0.02941176470588236,0.02941176470588236
21500100,2015-11-09 19:00:00,,Arbitrage,Moneyline,-410.0,525.0,true,0.03607843137254896,0.03607843137254896
21500100,2015-11-09 19:00:00,,Arbitrage,Moneyline,-410.0,515.0,true,0.03347680535628883,0.03347680535628883
20800108,2008-11-12 20:00:00,,Arbitrage,Moneyline,-105.0,109.0,true,0.009335978527249322,0.009335978527249322
41200136,2013-05-02 20:00:00,,Arbitrage,Moneyline,101.0,100.0,true,0.0024875621890546595,0.0024875621890546595
41200136,2013-05-02 20:00:00,,Arbitrage,Moneyline,101.0,100.0,true,0.0024875621890546595,0.0024875621890546595
41200135,2013-04-29 19:00:00,,Arbitrage,Moneyline,264.0,-260.0,true,0.0030525030525030417,0.0030525030525030417
41200135,2013-04-29 19:00:00,,Arbitrage,Moneyline,270.0,-260.0,true,0.007507507507507505,0.007507507507507505
41200137,2013-05-04 20:00:00,,Arbitrage,Moneyline,300.0,-280.0,true,0.013157894736842146,0.013157894736842146
41200137,2013-05-04 20:00:00,,Arbitrage,Moneyline,310.0,-280.0,true,0.019255455712451908,0.019255455712451908
41200137,2013-05-04 20:00:00,,Arbitrage,Moneyline,310.0,-280.0,true,0.019255455712451908,0.019255455712451908
41200137,2013-05-04 20:00:00,,Arbitrage,Moneyline,290.0,-280.0,true,0.006747638326585648,0.006747638326585648
41200137,2013-05-04 20:00:00,,Arbitrage,Moneyline,300.0,-280.0,true,0.013157894736842146,0.013157894736842146
41200137,2013-05-04 20:00:00,,Arbitrage,Moneyline,-280.0,290.0,true,0.006747638326585648,0.006747638326585648
41200137,2013-05-04 20:00:00,,Arbitrage,Moneyline,-280.0,295.0,true,0.009993337774816924,0.009993337774816924
41200137,2013-05-04 20:00:00,,Arbitrage,Moneyline,-280.0,290.0,true,0.006747638326585648,0.006747638326585648
41200224,2013-05-13 21:30:00,,Arbitrage,Moneyline,-185.0,190.0,true,0.006049606775559546,0.006049606775559546
41200221,2013-05-05 13:00:00,,Arbitrage,Moneyline,156.0,-150.0,true,0.009374999999999911,0.009374999999999911
21200409,2012-12-25 22:30:00,,Arbitrage,Moneyline,-240.0,245.0,true,0.004262574595055524,0.004262574595055524
21500402,2015-12-19 20:00:00,,Arbitrage,Moneyline,103.0,102.0,true,0.012339657611081356,0.012339657611081356
21500402,2015-12-19 20:00:00,,Arbitrage,Moneyline,103.0,100.0,true,0.007389162561576401,0.007389162561576401
21500402,2015-12-19 20:00:00,,Arbitrage,Moneyline,103.0,100.0,true,0.007389162561576401,0.007389162561576401
21500402,2015-12-19 20:00:00,,Arbitrage,Moneyline,103.0,102.0,true,0.012339657611081356,0.012339657611081356
21500402,2015-12-19 20:00:00,,Arbitrage,Moneyline,102.0,100.0,true,0.004950495049504955,0.004950495049504955
21500402,2015-12-19 20:00:00,,Arbitrage,Moneyline,100.0,102.0,true,0.004950495049504955,0.004950495049504955
20600858,2007-02-28 20:00:00,,Arbitrage,Moneyline,-180.0,185.0,true,0.006265664160401085,0.006265664160401085
20600855,2007-02-28 19:00:00,,Arbitrage,Moneyline,-283.0,320.0,true,0.023001367648887383,0.023001367648887383
20600879,2007-03-03 13:00:00,,Arbitrage,Moneyline,-215.0,225.0,true,0.009768009768009733,0.009768009768009733
20600879,2007-03-03 13:00:00,,Arbitrage,Moneyline,-215.0,230.0,true,0.01443001443001446,0.01443001443001446
20600877,2007-03-02 21:00:00,,Arbitrage,Moneyline,-305.0,310.0,true,0.003011141222523328,0.003011141222523328
20600888,2007-03-04 13:00:00,,Arbitrage,Moneyline,-330.0,335.0,true,0.00267308206361927,0.00267308206361927
20900707,2010-02-01 20:00:00,,Arbitrage,Moneyline,-105.0,110.0,true,0.011614401858304313,0.011614401858304313
20900707,2010-02-01 20:00:00,,Arbitrage,Moneyline,-105.0,109.0,true,0.009335978527249322,0.009335978527249322
20900707,2010-02-01 20:00:00,,Arbitrage,Moneyline,-105.0,110.0,true,0.011614401858304313,0.011614401858304313
20900706,2010-02-01 20:00:00,,Arbitrage,Moneyline,100.0,110.0,true,0.023809523809523836,0.023809523809523836
20900706,2010-02-01 20:00:00,,Arbitrage,Moneyline,100.0,104.0,true,0.009803921568627416,0.009803921568627416
20900706,2010-02-01 20:00:00,,Arbitrage,Moneyline,100.0,110.0,true,0.023809523809523836,0.023809523809523836
41600405,2017-06-12 21:00:00,,Arbitrage,Moneyline,322.0,-320.0,true,0.0011284134506883703,0.0011284134506883703
41600405,2017-06-12 21:00:00,,Arbitrage,Moneyline,340.0,-320.0,true,0.010822510822510845,0.010822510822510845
41600405,2017-06-12 21:00:00,,Arbitrage,Moneyline,330.0,-320.0,true,0.005537098560354448,0.005537098560354448
41600405,2017-06-12 21:00:00,,Arbitrage,Moneyline,-320.0,330.0,true,0.005537098560354448,0.005537098560354448
41600401,2017-06-01 21:00:00,,Arbitrage,Moneyline,281.0,-280.0,true,6.907031357923366E-4,6.907031357923366E-4
41600401,2017-06-01 21:00:00,,Arbitrage,Moneyline,-280.0,290.0,true,0.006747638326585648,0.006747638326585648
21500378,2015-12-16 20:00:00,,Arbitrage,Moneyline,575.0,-560.0,true,0.0033670033670033517,0.0033670033670033517
21500378,2015-12-16 20:00:00,,Arbitrage,Moneyline,-560.0,575.0,true,0.0033670033670033517,0.0033670033670033517
20900750,2010-02-06 22:00:00,,Arbitrage,Moneyline,-127.0,155.0,true,0.04837177161613537,0.04837177161613537
20900750,2010-02-06 22:00:00,,Arbitrage,Moneyline,-140.0,155.0,true,0.02450980392156865,0.02450980392156865
20900750,2010-02-06 22:00:00,,Arbitrage,Moneyline,-135.0,155.0,true,0.03337505214851888,0.03337505214851888
20900750,2010-02-06 22:00:00,,Arbitrage,Moneyline,-135.0,155.0,true,0.03337505214851888,0.03337505214851888
20900750,2010-02-06 22:00:00,,Arbitrage,Moneyline,155.0,-135.0,true,0.03337505214851888,0.03337505214851888
20900750,2010-02-06 22:00:00,,Arbitrage,Moneyline,155.0,-135.0,true,0.03337505214851888,0.03337505214851888
20900750,2010-02-06 22:00:00,,Arbitrage,Moneyline,155.0,-135.0,true,0.03337505214851888,0.03337505214851888
20900757,2010-02-08 22:30:00,,Arbitrage,Moneyline,-140.0,145.0,true,0.008503401360544283,0.008503401360544283
20900757,2010-02-08 22:30:00,,Arbitrage,Moneyline,-140.0,145.0,true,0.008503401360544283,0.008503401360544283
20900757,2010-02-08 22:30:00,,Arbitrage,Moneyline,-135.0,145.0,true,0.01736864958749451,0.01736864958749451
20900757,2010-02-08 22:30:00,,Arbitrage,Moneyline,145.0,-139.0,true,0.010246776534881707,0.010246776534881707
20900757,2010-02-08 22:30:00,,Arbitrage,Moneyline,145.0,-135.0,true,0.01736864958749451,0.01736864958749451
21500365,2015-12-14 21:00:00,,Arbitrage,Moneyline,184.0,-180.0,true,0.005030181086519203,0.005030181086519203
21500365,2015-12-14 21:00:00,,Arbitrage,Moneyline,185.0,-180.0,true,0.006265664160401085,0.006265664160401085
21500365,2015-12-14 21:00:00,,Arbitrage,Moneyline,-180.0,185.0,true,0.006265664160401085,0.006265664160401085
20900745,2010-02-06 20:00:00,,Arbitrage,Moneyline,-109.0,110.0,true,0.0022784233310549906,0.0022784233310549906
20900745,2010-02-06 20:00:00,,Arbitrage,Moneyline,-109.0,110.0,true,0.0022784233310549906,0.0022784233310549906
20600909,2007-03-07 19:00:00,,Arbitrage,Moneyline,-117.0,145.0,true,0.05266622778143515,0.05266622778143515
20600909,2007-03-07 19:00:00,,Arbitrage,Moneyline,-117.0,155.0,true,0.06867263034245952,0.06867263034245952
20600909,2007-03-07 19:00:00,,Arbitrage,Moneyline,-117.0,150.0,true,0.060829493087557585,0.060829493087557585
21500394,2015-12-18 20:30:00,,Arbitrage,Moneyline,-115.0,120.0,true,0.010570824524312794,0.010570824524312794
20600916,2007-03-07 22:30:00,,Arbitrage,Moneyline,-229.0,250.0,true,0.01823708206686936,0.01823708206686936
20600916,2007-03-07 22:30:00,,Arbitrage,Moneyline,-229.0,240.0,true,0.009833720722331574,0.009833720722331574
20600916,2007-03-07 22:30:00,,Arbitrage,Moneyline,-229.0,250.0,true,0.01823708206686936,0.01823708206686936
20600913,2007-03-07 20:00:00,,Arbitrage,Moneyline,-205.0,360.0,true,0.11047754811119037,0.11047754811119037
20600913,2007-03-07 20:00:00,,Arbitrage,Moneyline,-205.0,395.0,true,0.12584865043881444,0.12584865043881444
20600913,2007-03-07 20:00:00,,Arbitrage,Moneyline,-205.0,350.0,true,0.10564663023679421,0.10564663023679421
20600911,2007-03-07 19:30:00,,Arbitrage,Moneyline,109.0,100.0,true,0.021531100478468845,0.021531100478468845
20600911,2007-03-07 19:30:00,,Arbitrage,Moneyline,109.0,100.0,true,0.021531100478468845,0.021531100478468845
20600949,2007-03-13 19:00:00,,Arbitrage,Moneyline,-144.0,160.0,true,0.02522068095838592,0.02522068095838592
20600945,2007-03-12 20:00:00,,Arbitrage,Moneyline,-138.0,140.0,true,0.003501400560224077,0.003501400560224077
21200584,2013-01-18 19:00:00,,Arbitrage,Moneyline,-128.0,135.0,true,0.013064576334453237,0.013064576334453237
21200584,2013-01-18 19:00:00,,Arbitrage,Moneyline,-130.0,135.0,true,0.009250693802035137,0.009250693802035137
21200584,2013-01-18 19:00:00,,Arbitrage,Moneyline,135.0,-130.0,true,0.009250693802035137,0.009250693802035137
21200584,2013-01-18 19:00:00,,Arbitrage,Moneyline,135.0,-130.0,true,0.009250693802035137,0.009250693802035137
21200584,2013-01-18 19:00:00,,Arbitrage,Moneyline,135.0,-130.0,true,0.009250693802035137,0.009250693802035137
20600748,2007-02-09 22:30:00,,Arbitrage,Moneyline,123.0,105.0,true,0.06376462867767685,0.06376462867767685
20600748,2007-02-09 22:30:00,,Arbitrage,Moneyline,110.0,105.0,true,0.03600464576074325,0.03600464576074325
21500307,2015-12-07 19:30:00,,Arbitrage,Moneyline,102.0,102.0,true,0.00990099009900991,0.00990099009900991
21500307,2015-12-07 19:30:00,,Arbitrage,Moneyline,102.0,105.0,true,0.017145617000724478,0.017145617000724478
21500307,2015-12-07 19:30:00,,Arbitrage,Moneyline,102.0,102.0,true,0.00990099009900991,0.00990099009900991
20600765,2007-02-12 19:30:00,,Arbitrage,Moneyline,565.0,-470.0,true,0.02506265664160412,0.02506265664160412
20600765,2007-02-12 19:30:00,,Arbitrage,Moneyline,565.0,-550.0,true,0.003470213996529803,0.003470213996529803
20600765,2007-02-12 19:30:00,,Arbitrage,Moneyline,475.0,-470.0,true,0.0015255530129673067,0.0015255530129673067
20600776,2007-02-14 19:00:00,,Arbitrage,Moneyline,-104.0,105.0,true,0.002391200382592107,0.002391200382592107
20600770,2007-02-13 20:00:00,,Arbitrage,Moneyline,480.0,-470.0,true,0.003024803387779884,0.003024803387779884
20600797,2007-02-20 22:00:00,,Arbitrage,Moneyline,109.0,100.0,true,0.021531100478468845,0.021531100478468845
20600797,2007-02-20 22:00:00,,Arbitrage,Moneyline,110.0,100.0,true,0.023809523809523836,0.023809523809523836
21200609,2013-01-21 15:30:00,,Arbitrage,Moneyline,-148.0,150.0,true,0.003225806451612856,0.003225806451612856
21200618,2013-01-23 19:00:00,,Arbitrage,Moneyline,-133.0,135.0,true,0.003652634462606219,0.003652634462606219
20900871,2010-02-27 13:00:00,,Arbitrage,Moneyline,638.0,-600.0,true,0.007355787843592809,0.007355787843592809
20900871,2010-02-27 13:00:00,,Arbitrage,Moneyline,638.0,-600.0,true,0.007355787843592809,0.007355787843592809
21500241,2015-11-28 20:30:00,,Arbitrage,Moneyline,365.0,-360.0,true,0.002337540906965918,0.002337540906965918
21500279,2015-12-03 21:00:00,,Arbitrage,Moneyline,-155.0,160.0,true,0.007541478129713397,0.007541478129713397
21500279,2015-12-03 21:00:00,,Arbitrage,Moneyline,-155.0,160.0,true,0.007541478129713397,0.007541478129713397
21500266,2015-12-01 20:00:00,,Arbitrage,Moneyline,-102.0,103.0,true,0.0024386675120714463,0.0024386675120714463
21500297,2015-12-05 21:00:00,,Arbitrage,Moneyline,-118.0,120.0,true,0.00417014178482078,0.00417014178482078
21200663,2013-01-28 20:00:00,,Arbitrage,Moneyline,950.0,-880.0,true,0.006802721088435271,0.006802721088435271
21200663,2013-01-28 20:00:00,,Arbitrage,Moneyline,950.0,-880.0,true,0.006802721088435271,0.006802721088435271
21200663,2013-01-28 20:00:00,,Arbitrage,Moneyline,950.0,-880.0,true,0.006802721088435271,0.006802721088435271
21200663,2013-01-28 20:00:00,,Arbitrage,Moneyline,950.0,-880.0,true,0.006802721088435271,0.006802721088435271
21200663,2013-01-28 20:00:00,,Arbitrage,Moneyline,900.0,-880.0,true,0.0020408163265305257,0.0020408163265305257
21200663,2013-01-28 20:00:00,,Arbitrage,Moneyline,900.0,-880.0,true,0.0020408163265305257,0.0020408163265305257
21200663,2013-01-28 20:00:00,,Arbitrage,Moneyline,-880.0,945.0,true,0.006347036422224228,0.006347036422224228
21200663,2013-01-28 20:00:00,,Arbitrage,Moneyline,-880.0,910.0,true,0.0030309153364315167,0.0030309153364315167
21200663,2013-01-28 20:00:00,,Arbitrage,Moneyline,945.0,-880.0,true,0.006347036422224228,0.006347036422224228
21200663,2013-01-28 20:00:00,,Arbitrage,Moneyline,910.0,-880.0,true,0.0030309153364315167,0.0030309153364315167
21200666,2013-01-29 19:00:00,,Arbitrage,Moneyline,136.0,-135.0,true,0.0018031013342949542,0.0018031013342949542
21200666,2013-01-29 19:00:00,,Arbitrage,Moneyline,136.0,-105.0,true,0.06407606448945846,0.06407606448945846
21200666,2013-01-29 19:00:00,,Arbitrage,Moneyline,136.0,-135.0,true,0.0018031013342949542,0.0018031013342949542
21200666,2013-01-29 19:00:00,,Arbitrage,Moneyline,135.0,-105.0,true,0.06227296315516351,0.06227296315516351
21200666,2013-01-29 19:00:00,,Arbitrage,Moneyline,135.0,-105.0,true,0.06227296315516351,0.06227296315516351
21200666,2013-01-29 19:00:00,,Arbitrage,Moneyline,115.0,-105.0,true,0.022688598979013097,0.022688598979013097
21200666,2013-01-29 19:00:00,,Arbitrage,Moneyline,130.0,-105.0,true,0.05302226935312826,0.05302226935312826
21200666,2013-01-29 19:00:00,,Arbitrage,Moneyline,135.0,-105.0,true,0.06227296315516351,0.06227296315516351
21200666,2013-01-29 19:00:00,,Arbitrage,Moneyline,-105.0,120.0,true,0.03325942350332589,0.03325942350332589
21200666,2013-01-29 19:00:00,,Arbitrage,Moneyline,-105.0,130.0,true,0.05302226935312826,0.05302226935312826
21200666,2013-01-29 19:00:00,,Arbitrage,Moneyline,-105.0,115.0,true,0.022688598979013097,0.022688598979013097
21200681,2013-01-30 22:30:00,,Arbitrage,Moneyline,-145.0,150.0,true,0.008163265306122436,0.008163265306122436
21500284,2015-12-04 19:00:00,,Arbitrage,Moneyline,134.0,700.0,true,0.4476495726495726,0.4476495726495726
21500284,2015-12-04 19:00:00,,Arbitrage,Moneyline,700.0,125.0,true,0.4305555555555556,0.4305555555555556
21500284,2015-12-04 19:00:00,,Arbitrage,Moneyline,700.0,130.0,true,0.4402173913043478,0.4402173913043478
21500284,2015-12-04 19:00:00,,Arbitrage,Moneyline,700.0,130.0,true,0.4402173913043478,0.4402173913043478
21500284,2015-12-04 19:00:00,,Arbitrage,Moneyline,700.0,130.0,true,0.4402173913043478,0.4402173913043478
21500284,2015-12-04 19:00:00,,Arbitrage,Moneyline,700.0,125.0,true,0.4305555555555556,0.4305555555555556
21500284,2015-12-04 19:00:00,,Arbitrage,Moneyline,700.0,125.0,true,0.4305555555555556,0.4305555555555556
21500284,2015-12-04 19:00:00,,Arbitrage,Moneyline,700.0,130.0,true,0.4402173913043478,0.4402173913043478
21200676,2013-01-30 20:00:00,,Arbitrage,Moneyline,-106.0,107.0,true,0.00234510576427005,0.00234510576427005
20600836,2007-02-25 15:30:00,,Arbitrage,Moneyline,240.0,-225.0,true,0.013574660633484115,0.013574660633484115
20600834,2007-02-25 14:00:00,,Arbitrage,Moneyline,118.0,100.0,true,0.041284403669724634,0.041284403669724634
20600834,2007-02-25 14:00:00,,Arbitrage,Moneyline,110.0,100.0,true,0.023809523809523836,0.023809523809523836
20600842,2007-02-26 20:00:00,,Arbitrage,Moneyline,-142.0,145.0,true,0.0050598751897452665,0.0050598751897452665
21500676,2016-01-26 19:00:00,,Arbitrage,Moneyline,102.0,100.0,true,0.004950495049504955,0.004950495049504955
21500676,2016-01-26 19:00:00,,Arbitrage,Moneyline,103.0,100.0,true,0.007389162561576401,0.007389162561576401
21500676,2016-01-26 19:00:00,,Arbitrage,Moneyline,100.0,103.0,true,0.007389162561576401,0.007389162561576401
20801191,2009-04-11 20:00:00,,Arbitrage,Moneyline,-115.0,117.0,true,0.004286785982209773,0.004286785982209773
20801160,2009-04-07 22:00:00,,Arbitrage,Moneyline,900.0,-600.0,true,0.04285714285714293,0.04285714285714293
20801160,2009-04-07 22:00:00,,Arbitrage,Moneyline,900.0,-600.0,true,0.04285714285714293,0.04285714285714293
20801160,2009-04-07 22:00:00,,Arbitrage,Moneyline,800.0,-600.0,true,0.031746031746031855,0.031746031746031855
20801160,2009-04-07 22:00:00,,Arbitrage,Moneyline,800.0,-600.0,true,0.031746031746031855,0.031746031746031855
20801160,2009-04-07 22:00:00,,Arbitrage,Moneyline,750.0,-600.0,true,0.025210084033613467,0.025210084033613467
20801160,2009-04-07 22:00:00,,Arbitrage,Moneyline,750.0,-600.0,true,0.025210084033613467,0.025210084033613467
20801160,2009-04-07 22:00:00,,Arbitrage,Moneyline,-600.0,750.0,true,0.025210084033613467,0.025210084033613467
20801160,2009-04-07 22:00:00,,Arbitrage,Moneyline,-600.0,750.0,true,0.025210084033613467,0.025210084033613467
20801160,2009-04-07 22:00:00,,Arbitrage,Moneyline,750.0,-600.0,true,0.025210084033613467,0.025210084033613467
20801160,2009-04-07 22:00:00,,Arbitrage,Moneyline,750.0,-600.0,true,0.025210084033613467,0.025210084033613467
21500699,2016-01-29 19:30:00,,Arbitrage,Moneyline,-162.0,170.0,true,0.01130901894260683,0.01130901894260683
21500699,2016-01-29 19:30:00,,Arbitrage,Moneyline,-162.0,165.0,true,0.004320898746939417,0.004320898746939417
21500699,2016-01-29 19:30:00,,Arbitrage,Moneyline,-165.0,170.0,true,0.006988120195667302,0.006988120195667302
41600206,2017-05-12 20:00:00,,Arbitrage,Moneyline,191.0,-180.0,true,0.013500245459008409,0.013500245459008409
41600206,2017-05-12 20:00:00,,Arbitrage,Moneyline,195.0,-180.0,true,0.018159806295399594,0.018159806295399594
41600206,2017-05-12 20:00:00,,Arbitrage,Moneyline,-180.0,185.0,true,0.006265664160401085,0.006265664160401085
41600206,2017-05-12 20:00:00,,Arbitrage,Moneyline,-180.0,185.0,true,0.006265664160401085,0.006265664160401085
41600206,2017-05-12 20:00:00,,Arbitrage,Moneyline,-180.0,195.0,true,0.018159806295399594,0.018159806295399594
41600205,2017-05-10 20:00:00,,Arbitrage,Moneyline,-160.0,170.0,true,0.014245014245014231,0.014245014245014231
41600205,2017-05-10 20:00:00,,Arbitrage,Moneyline,-160.0,170.0,true,0.014245014245014231,0.014245014245014231
41600205,2017-05-10 20:00:00,,Arbitrage,Moneyline,-165.0,170.0,true,0.006988120195667302,0.006988120195667302
41600205,2017-05-10 20:00:00,,Arbitrage,Moneyline,-165.0,170.0,true,0.006988120195667302,0.006988120195667302
41600205,2017-05-10 20:00:00,,Arbitrage,Moneyline,170.0,-160.0,true,0.014245014245014231,0.014245014245014231
41600205,2017-05-10 20:00:00,,Arbitrage,Moneyline,170.0,-160.0,true,0.014245014245014231,0.014245014245014231
41600205,2017-05-10 20:00:00,,Arbitrage,Moneyline,170.0,-165.0,true,0.006988120195667302,0.006988120195667302
41600205,2017-05-10 20:00:00,,Arbitrage,Moneyline,-160.0,170.0,true,0.014245014245014231,0.014245014245014231
41600205,2017-05-10 20:00:00,,Arbitrage,Moneyline,-160.0,170.0,true,0.014245014245014231,0.014245014245014231
41600205,2017-05-10 20:00:00,,Arbitrage,Moneyline,-165.0,170.0,true,0.006988120195667302,0.006988120195667302
41600204,2017-05-07 18:30:00,,Arbitrage,Moneyline,175.0,-170.0,true,0.006734006734006814,0.006734006734006814
41600204,2017-05-07 18:30:00,,Arbitrage,Moneyline,-170.0,175.0,true,0.006734006734006814,0.006734006734006814
41600204,2017-05-07 18:30:00,,Arbitrage,Moneyline,-170.0,175.0,true,0.006734006734006814,0.006734006734006814
41600203,2017-05-04 20:00:00,,Arbitrage,Moneyline,205.0,-200.0,true,0.005464480874316946,0.005464480874316946
41600203,2017-05-04 20:00:00,,Arbitrage,Moneyline,215.0,-200.0,true,0.015873015873015928,0.015873015873015928
41600203,2017-05-04 20:00:00,,Arbitrage,Moneyline,-200.0,215.0,true,0.015873015873015928,0.015873015873015928
41600203,2017-05-04 20:00:00,,Arbitrage,Moneyline,-200.0,215.0,true,0.015873015873015928,0.015873015873015928
21500622,2016-01-18 20:00:00,,Arbitrage,Moneyline,158.0,-145.0,true,0.020566366081316234,0.020566366081316234
21500622,2016-01-18 20:00:00,,Arbitrage,Moneyline,-145.0,155.0,true,0.01600640256102437,0.01600640256102437
21500613,2016-01-17 20:00:00,,Arbitrage,Moneyline,-123.0,130.0,true,0.013647884577890346,0.013647884577890346
21500613,2016-01-17 20:00:00,,Arbitrage,Moneyline,-125.0,130.0,true,0.009661835748792202,0.009661835748792202
21500613,2016-01-17 20:00:00,,Arbitrage,Moneyline,130.0,-125.0,true,0.009661835748792202,0.009661835748792202
20900592,2010-01-17 12:30:00,,Arbitrage,Moneyline,102.0,110.0,true,0.02876001885902879,0.02876001885902879
20900592,2010-01-17 12:30:00,,Arbitrage,Moneyline,102.0,110.0,true,0.02876001885902879,0.02876001885902879
20900592,2010-01-17 12:30:00,,Arbitrage,Moneyline,-103.0,110.0,true,0.016420361247947435,0.016420361247947435
20900592,2010-01-17 12:30:00,,Arbitrage,Moneyline,-103.0,110.0,true,0.016420361247947435,0.016420361247947435
20900592,2010-01-17 12:30:00,,Arbitrage,Moneyline,110.0,-103.0,true,0.016420361247947435,0.016420361247947435
20900592,2010-01-17 12:30:00,,Arbitrage,Moneyline,-103.0,110.0,true,0.016420361247947435,0.016420361247947435
21200707,2013-02-03 14:00:00,,Arbitrage,Moneyline,-185.0,190.0,true,0.006049606775559546,0.006049606775559546
21200706,2013-02-03 13:00:00,,Arbitrage,Moneyline,-119.0,135.0,true,0.03108908967259305,0.03108908967259305
21200706,2013-02-03 13:00:00,,Arbitrage,Moneyline,-119.0,120.0,true,0.0020755500207556565,0.0020755500207556565
21200706,2013-02-03 13:00:00,,Arbitrage,Moneyline,-120.0,135.0,true,0.029013539651837617,0.029013539651837617
21200706,2013-02-03 13:00:00,,Arbitrage,Moneyline,-125.0,135.0,true,0.01891252955082745,0.01891252955082745
21200706,2013-02-03 13:00:00,,Arbitrage,Moneyline,-125.0,135.0,true,0.01891252955082745,0.01891252955082745
21200706,2013-02-03 13:00:00,,Arbitrage,Moneyline,135.0,-125.0,true,0.01891252955082745,0.01891252955082745
21200706,2013-02-03 13:00:00,,Arbitrage,Moneyline,135.0,-130.0,true,0.009250693802035137,0.009250693802035137
21200706,2013-02-03 13:00:00,,Arbitrage,Moneyline,135.0,-130.0,true,0.009250693802035137,0.009250693802035137
21200706,2013-02-03 13:00:00,,Arbitrage,Moneyline,135.0,-125.0,true,0.01891252955082745,0.01891252955082745
21200709,2013-02-04 19:00:00,,Arbitrage,Moneyline,-140.0,150.0,true,0.01666666666666672,0.01666666666666672
21200709,2013-02-04 19:00:00,,Arbitrage,Moneyline,-140.0,150.0,true,0.01666666666666672,0.01666666666666672
21200709,2013-02-04 19:00:00,,Arbitrage,Moneyline,-140.0,150.0,true,0.01666666666666672,0.01666666666666672
21200709,2013-02-04 19:00:00,,Arbitrage,Moneyline,150.0,-145.0,true,0.008163265306122436,0.008163265306122436
41600234,2017-05-07 21:00:00,,Arbitrage,Moneyline,185.0,-180.0,true,0.006265664160401085,0.006265664160401085
41600234,2017-05-07 21:00:00,,Arbitrage,Moneyline,188.0,-180.0,true,0.009920634920634996,0.009920634920634996
41600234,2017-05-07 21:00:00,,Arbitrage,Moneyline,185.0,-180.0,true,0.006265664160401085,0.006265664160401085
41600234,2017-05-07 21:00:00,,Arbitrage,Moneyline,-180.0,188.0,true,0.009920634920634996,0.009920634920634996
41600234,2017-05-07 21:00:00,,Arbitrage,Moneyline,-180.0,185.0,true,0.006265664160401085,0.006265664160401085
20900510,2010-01-06 19:30:00,,Arbitrage,Moneyline,107.0,110.0,true,0.040717736369910384,0.040717736369910384
20900510,2010-01-06 19:30:00,,Arbitrage,Moneyline,107.0,109.0,true,0.038439313038855394,0.038439313038855394
20900510,2010-01-06 19:30:00,,Arbitrage,Moneyline,107.0,110.0,true,0.040717736369910384,0.040717736369910384
20900510,2010-01-06 19:30:00,,Arbitrage,Moneyline,100.0,110.0,true,0.023809523809523836,0.023809523809523836
20900510,2010-01-06 19:30:00,,Arbitrage,Moneyline,100.0,109.0,true,0.021531100478468845,0.021531100478468845
20900510,2010-01-06 19:30:00,,Arbitrage,Moneyline,100.0,110.0,true,0.023809523809523836,0.023809523809523836
20900510,2010-01-06 19:30:00,,Arbitrage,Moneyline,105.0,110.0,true,0.03600464576074325,0.03600464576074325
20900510,2010-01-06 19:30:00,,Arbitrage,Moneyline,105.0,109.0,true,0.03372622242968837,0.03372622242968837
20900510,2010-01-06 19:30:00,,Arbitrage,Moneyline,105.0,110.0,true,0.03600464576074325,0.03600464576074325
20900510,2010-01-06 19:30:00,,Arbitrage,Moneyline,110.0,105.0,true,0.03600464576074325,0.03600464576074325
20900510,2010-01-06 19:30:00,,Arbitrage,Moneyline,109.0,105.0,true,0.03372622242968837,0.03372622242968837
20900510,2010-01-06 19:30:00,,Arbitrage,Moneyline,105.0,110.0,true,0.03600464576074325,0.03600464576074325
20801085,2009-03-28 19:00:00,,Arbitrage,Moneyline,-165.0,168.0,true,0.00422416220782873,0.00422416220782873
21200775,2013-02-13 19:00:00,,Arbitrage,Moneyline,-129.0,130.0,true,0.0018986140117713823,0.0018986140117713823
20900521,2010-01-08 20:00:00,,Arbitrage,Moneyline,173.0,-160.0,true,0.01831501831501825,0.01831501831501825
20900521,2010-01-08 20:00:00,,Arbitrage,Moneyline,-160.0,170.0,true,0.014245014245014231,0.014245014245014231
20900521,2010-01-08 20:00:00,,Arbitrage,Moneyline,-160.0,170.0,true,0.014245014245014231,0.014245014245014231
20900521,2010-01-08 20:00:00,,Arbitrage,Moneyline,-160.0,165.0,true,0.007256894049346818,0.007256894049346818
20900521,2010-01-08 20:00:00,,Arbitrage,Moneyline,-160.0,165.0,true,0.007256894049346818,0.007256894049346818
20900521,2010-01-08 20:00:00,,Arbitrage,Moneyline,-160.0,165.0,true,0.007256894049346818,0.007256894049346818
20900521,2010-01-08 20:00:00,,Arbitrage,Moneyline,-160.0,170.0,true,0.014245014245014231,0.014245014245014231
21200798,2013-02-20 19:00:00,,Arbitrage,Moneyline,102.0,100.0,true,0.004950495049504955,0.004950495049504955
20900568,2010-01-13 22:30:00,,Arbitrage,Moneyline,-135.0,140.0,true,0.008865248226950229,0.008865248226950229
20900568,2010-01-13 22:30:00,,Arbitrage,Moneyline,140.0,-139.0,true,0.0017433751743374248,0.0017433751743374248
20900568,2010-01-13 22:30:00,,Arbitrage,Moneyline,140.0,-135.0,true,0.008865248226950229,0.008865248226950229
20801031,2009-03-20 20:30:00,,Arbitrage,Moneyline,165.0,-162.0,true,0.004320898746939417,0.004320898746939417
21500520,2016-01-04 22:30:00,,Arbitrage,Moneyline,736.0,-600.0,true,0.02323991797676017,0.02323991797676017
21500520,2016-01-04 22:30:00,,Arbitrage,Moneyline,650.0,-600.0,true,0.009523809523809601,0.009523809523809601
21500520,2016-01-04 22:30:00,,Arbitrage,Moneyline,750.0,-600.0,true,0.025210084033613467,0.025210084033613467
21500520,2016-01-04 22:30:00,,Arbitrage,Moneyline,700.0,-600.0,true,0.017857142857142905,0.017857142857142905
21500520,2016-01-04 22:30:00,,Arbitrage,Moneyline,-600.0,705.0,true,0.018633540372670843,0.018633540372670843
21500520,2016-01-04 22:30:00,,Arbitrage,Moneyline,-600.0,650.0,true,0.009523809523809601,0.009523809523809601
21500520,2016-01-04 22:30:00,,Arbitrage,Moneyline,-600.0,675.0,true,0.01382488479262678,0.01382488479262678
21500520,2016-01-04 22:30:00,,Arbitrage,Moneyline,-600.0,750.0,true,0.025210084033613467,0.025210084033613467
21500520,2016-01-04 22:30:00,,Arbitrage,Moneyline,-600.0,700.0,true,0.017857142857142905,0.017857142857142905
20600985,2007-03-17 20:30:00,,Arbitrage,Moneyline,770.0,-750.0,true,0.0027045300878972833,0.0027045300878972833
21500554,2016-01-09 19:30:00,,Arbitrage,Moneyline,-444.0,445.0,true,3.37290879654506E-4,3.37290879654506E-4
20801000,2009-03-16 21:00:00,,Arbitrage,Moneyline,1050.0,-999.0,true,0.004035288997903175,0.004035288997903175
20801000,2009-03-16 21:00:00,,Arbitrage,Moneyline,1025.0,-999.0,true,0.0021029218481447565,0.0021029218481447565
20801000,2009-03-16 21:00:00,,Arbitrage,Moneyline,1050.0,-999.0,true,0.004035288997903175,0.004035288997903175
20801000,2009-03-16 21:00:00,,Arbitrage,Moneyline,-999.0,1000.0,true,8.271982794272326E-5,8.271982794272326E-5
21500577,2016-01-13 19:00:00,,Arbitrage,Moneyline,-133.0,140.0,true,0.012517882689556448,0.012517882689556448
21500577,2016-01-13 19:00:00,,Arbitrage,Moneyline,-135.0,140.0,true,0.008865248226950229,0.008865248226950229
21500577,2016-01-13 19:00:00,,Arbitrage,Moneyline,140.0,-135.0,true,0.008865248226950229,0.008865248226950229
20801061,2009-03-25 19:00:00,,Arbitrage,Moneyline,102.0,104.0,true,0.014754416618132371,0.014754416618132371
21500556,2016-01-09 22:00:00,,Arbitrage,Moneyline,-385.0,400.0,true,0.006185567010309256,0.006185567010309256
41600302,2017-05-19 20:30:00,,Arbitrage,Moneyline,-200.0,210.0,true,0.010752688172043001,0.010752688172043001
41600301,2017-05-17 20:30:00,,Arbitrage,Moneyline,-177.0,180.0,true,0.0038679731820525642,0.0038679731820525642
21500509,2016-01-03 21:00:00,,Arbitrage,Moneyline,-120.0,130.0,true,0.01976284584980237,0.01976284584980237
21500509,2016-01-03 21:00:00,,Arbitrage,Moneyline,-125.0,130.0,true,0.009661835748792202,0.009661835748792202
21500509,2016-01-03 21:00:00,,Arbitrage,Moneyline,-120.0,130.0,true,0.01976284584980237,0.01976284584980237
21500509,2016-01-03 21:00:00,,Arbitrage,Moneyline,-120.0,130.0,true,0.01976284584980237,0.01976284584980237
21500509,2016-01-03 21:00:00,,Arbitrage,Moneyline,130.0,-125.0,true,0.009661835748792202,0.009661835748792202
21500509,2016-01-03 21:00:00,,Arbitrage,Moneyline,130.0,-120.0,true,0.01976284584980237,0.01976284584980237
21500509,2016-01-03 21:00:00,,Arbitrage,Moneyline,130.0,-120.0,true,0.01976284584980237,0.01976284584980237
21500491,2016-01-01 19:30:00,,Arbitrage,Moneyline,134.0,-130.0,true,0.00743218134522472,0.00743218134522472
21500491,2016-01-01 19:30:00,,Arbitrage,Moneyline,134.0,-130.0,true,0.00743218134522472,0.00743218134522472
20900628,2010-01-22 19:30:00,,Arbitrage,Moneyline,624.0,-600.0,true,0.0047355958958169575,0.0047355958958169575
20900628,2010-01-22 19:30:00,,Arbitrage,Moneyline,624.0,-600.0,true,0.0047355958958169575,0.0047355958958169575
20900636,2010-01-23 19:00:00,,Arbitrage,Moneyline,-104.0,110.0,true,0.01400560224089642,0.01400560224089642
20900636,2010-01-23 19:00:00,,Arbitrage,Moneyline,-104.0,110.0,true,0.01400560224089642,0.01400560224089642
20900636,2010-01-23 19:00:00,,Arbitrage,Moneyline,100.0,110.0,true,0.023809523809523836,0.023809523809523836
20900636,2010-01-23 19:00:00,,Arbitrage,Moneyline,100.0,110.0,true,0.023809523809523836,0.023809523809523836
20900636,2010-01-23 19:00:00,,Arbitrage,Moneyline,110.0,100.0,true,0.023809523809523836,0.023809523809523836
20900636,2010-01-23 19:00:00,,Arbitrage,Moneyline,100.0,110.0,true,0.023809523809523836,0.023809523809523836
21500487,2015-12-31 20:00:00,,Arbitrage,Moneyline,-128.0,130.0,true,0.0038138825324179892,0.0038138825324179892
21500487,2015-12-31 20:00:00,,Arbitrage,Moneyline,-122.0,130.0,true,0.015667841754798295,0.015667841754798295
21500487,2015-12-31 20:00:00,,Arbitrage,Moneyline,130.0,-122.0,true,0.015667841754798295,0.015667841754798295
20900651,2010-01-25 19:30:00,,Arbitrage,Moneyline,101.0,110.0,true,0.026297085998578495,0.026297085998578495
20900651,2010-01-25 19:30:00,,Arbitrage,Moneyline,101.0,110.0,true,0.026297085998578495,0.026297085998578495
20900651,2010-01-25 19:30:00,,Arbitrage,Moneyline,-102.0,110.0,true,0.01885902876001888,0.01885902876001888
20900651,2010-01-25 19:30:00,,Arbitrage,Moneyline,-102.0,110.0,true,0.01885902876001888,0.01885902876001888
20900651,2010-01-25 19:30:00,,Arbitrage,Moneyline,110.0,100.0,true,0.023809523809523836,0.023809523809523836
20900651,2010-01-25 19:30:00,,Arbitrage,Moneyline,100.0,110.0,true,0.023809523809523836,0.023809523809523836
21200886,2013-03-03 19:00:00,,Arbitrage,Moneyline,1025.0,-990.0,true,0.002854230377166145,0.002854230377166145
21200886,2013-03-03 19:00:00,,Arbitrage,Moneyline,1025.0,-990.0,true,0.002854230377166145,0.002854230377166145
21200889,2013-03-04 19:00:00,,Arbitrage,Moneyline,-144.0,145.0,true,0.0016728002676480447,0.0016728002676480447
20900646,2010-01-24 13:00:00,,Arbitrage,Moneyline,-113.0,120.0,true,0.0149381135296629,0.0149381135296629
20900646,2010-01-24 13:00:00,,Arbitrage,Moneyline,-113.0,130.0,true,0.03470095937946516,0.03470095937946516
20900646,2010-01-24 13:00:00,,Arbitrage,Moneyline,-113.0,120.0,true,0.0149381135296629,0.0149381135296629
20900646,2010-01-24 13:00:00,,Arbitrage,Moneyline,-120.0,130.0,true,0.01976284584980237,0.01976284584980237
20900646,2010-01-24 13:00:00,,Arbitrage,Moneyline,-120.0,130.0,true,0.01976284584980237,0.01976284584980237
20900646,2010-01-24 13:00:00,,Arbitrage,Moneyline,130.0,-125.0,true,0.009661835748792202,0.009661835748792202
20900646,2010-01-24 13:00:00,,Arbitrage,Moneyline,130.0,-120.0,true,0.01976284584980237,0.01976284584980237
20900644,2010-01-23 21:00:00,,Arbitrage,Moneyline,671.0,-600.0,true,0.013155456735223336,0.013155456735223336
20900644,2010-01-23 21:00:00,,Arbitrage,Moneyline,671.0,-600.0,true,0.013155456735223336,0.013155456735223336
20900644,2010-01-23 21:00:00,,Arbitrage,Moneyline,625.0,-600.0,true,0.0049261083743843415,0.0049261083743843415
20900644,2010-01-23 21:00:00,,Arbitrage,Moneyline,625.0,-600.0,true,0.0049261083743843415,0.0049261083743843415
20900644,2010-01-23 21:00:00,,Arbitrage,Moneyline,675.0,-600.0,true,0.01382488479262678,0.01382488479262678
20900644,2010-01-23 21:00:00,,Arbitrage,Moneyline,675.0,-600.0,true,0.01382488479262678,0.01382488479262678
20900644,2010-01-23 21:00:00,,Arbitrage,Moneyline,-600.0,650.0,true,0.009523809523809601,0.009523809523809601
20900644,2010-01-23 21:00:00,,Arbitrage,Moneyline,650.0,-600.0,true,0.009523809523809601,0.009523809523809601
20900643,2010-01-23 21:00:00,,Arbitrage,Moneyline,736.0,-600.0,true,0.02323991797676017,0.02323991797676017
20900643,2010-01-23 21:00:00,,Arbitrage,Moneyline,736.0,-600.0,true,0.02323991797676017,0.02323991797676017
20900643,2010-01-23 21:00:00,,Arbitrage,Moneyline,650.0,-600.0,true,0.009523809523809601,0.009523809523809601
20900643,2010-01-23 21:00:00,,Arbitrage,Moneyline,650.0,-600.0,true,0.009523809523809601,0.009523809523809601
20900643,2010-01-23 21:00:00,,Arbitrage,Moneyline,700.0,-600.0,true,0.017857142857142905,0.017857142857142905
20900643,2010-01-23 21:00:00,,Arbitrage,Moneyline,700.0,-600.0,true,0.017857142857142905,0.017857142857142905
20900643,2010-01-23 21:00:00,,Arbitrage,Moneyline,-600.0,650.0,true,0.009523809523809601,0.009523809523809601
20900643,2010-01-23 21:00:00,,Arbitrage,Moneyline,-600.0,700.0,true,0.017857142857142905,0.017857142857142905
20900643,2010-01-23 21:00:00,,Arbitrage,Moneyline,650.0,-600.0,true,0.009523809523809601,0.009523809523809601
20900643,2010-01-23 21:00:00,,Arbitrage,Moneyline,700.0,-600.0,true,0.017857142857142905,0.017857142857142905
21500877,2016-02-28 13:00:00,,Arbitrage,Moneyline,-137.0,225.0,true,0.11424862057773444,0.11424862057773444
21500877,2016-02-28 13:00:00,,Arbitrage,Moneyline,-140.0,225.0,true,0.10897435897435903,0.10897435897435903
21500877,2016-02-28 13:00:00,,Arbitrage,Moneyline,-150.0,225.0,true,0.0923076923076922,0.0923076923076922
21500877,2016-02-28 13:00:00,,Arbitrage,Moneyline,-140.0,225.0,true,0.10897435897435903,0.10897435897435903
21500877,2016-02-28 13:00:00,,Arbitrage,Moneyline,225.0,-145.0,true,0.10047095761381475,0.10047095761381475
21500877,2016-02-28 13:00:00,,Arbitrage,Moneyline,225.0,-145.0,true,0.10047095761381475,0.10047095761381475
21500877,2016-02-28 13:00:00,,Arbitrage,Moneyline,225.0,-145.0,true,0.10047095761381475,0.10047095761381475
21500877,2016-02-28 13:00:00,,Arbitrage,Moneyline,225.0,-150.0,true,0.0923076923076922,0.0923076923076922
21500877,2016-02-28 13:00:00,,Arbitrage,Moneyline,225.0,-140.0,true,0.10897435897435903,0.10897435897435903
21401066,2015-03-25 20:00:00,,Arbitrage,Moneyline,111.0,-104.0,true,0.01626242914227305,0.01626242914227305
21401066,2015-03-25 20:00:00,,Arbitrage,Moneyline,111.0,-104.0,true,0.01626242914227305,0.01626242914227305
21401066,2015-03-25 20:00:00,,Arbitrage,Moneyline,110.0,-104.0,true,0.01400560224089642,0.01400560224089642
21401066,2015-03-25 20:00:00,,Arbitrage,Moneyline,110.0,-104.0,true,0.01400560224089642,0.01400560224089642
21401066,2015-03-25 20:00:00,,Arbitrage,Moneyline,-104.0,105.0,true,0.002391200382592107,0.002391200382592107
21401066,2015-03-25 20:00:00,,Arbitrage,Moneyline,-104.0,110.0,true,0.01400560224089642,0.01400560224089642
21401066,2015-03-25 20:00:00,,Arbitrage,Moneyline,105.0,-104.0,true,0.002391200382592107,0.002391200382592107
21401066,2015-03-25 20:00:00,,Arbitrage,Moneyline,110.0,-104.0,true,0.01400560224089642,0.01400560224089642
21500804,2016-02-18 22:30:00,,Arbitrage,Moneyline,-111.0,170.0,true,0.10356327891872918,0.10356327891872918
21500804,2016-02-18 22:30:00,,Arbitrage,Moneyline,-117.0,170.0,true,0.09045912271718726,0.09045912271718726
21500804,2016-02-18 22:30:00,,Arbitrage,Moneyline,-120.0,170.0,true,0.08417508417508424,0.08417508417508424
21500804,2016-02-18 22:30:00,,Arbitrage,Moneyline,-115.0,170.0,true,0.09474590869939703,0.09474590869939703
21500804,2016-02-18 22:30:00,,Arbitrage,Moneyline,170.0,-120.0,true,0.08417508417508424,0.08417508417508424
21500804,2016-02-18 22:30:00,,Arbitrage,Moneyline,170.0,-115.0,true,0.09474590869939703,0.09474590869939703
21500804,2016-02-18 22:30:00,,Arbitrage,Moneyline,170.0,-115.0,true,0.09474590869939703,0.09474590869939703
21500804,2016-02-18 22:30:00,,Arbitrage,Moneyline,170.0,-115.0,true,0.09474590869939703,0.09474590869939703
21500804,2016-02-18 22:30:00,,Arbitrage,Moneyline,170.0,-115.0,true,0.09474590869939703,0.09474590869939703
21401068,2015-03-25 20:00:00,,Arbitrage,Moneyline,100.0,105.0,true,0.012195121951219523,0.012195121951219523
21401068,2015-03-25 20:00:00,,Arbitrage,Moneyline,100.0,105.0,true,0.012195121951219523,0.012195121951219523
21401068,2015-03-25 20:00:00,,Arbitrage,Moneyline,100.0,105.0,true,0.012195121951219523,0.012195121951219523
21401068,2015-03-25 20:00:00,,Arbitrage,Moneyline,100.0,105.0,true,0.012195121951219523,0.012195121951219523
21401068,2015-03-25 20:00:00,,Arbitrage,Moneyline,105.0,100.0,true,0.012195121951219523,0.012195121951219523
21401068,2015-03-25 20:00:00,,Arbitrage,Moneyline,105.0,100.0,true,0.012195121951219523,0.012195121951219523
21401068,2015-03-25 20:00:00,,Arbitrage,Moneyline,105.0,100.0,true,0.012195121951219523,0.012195121951219523
21401068,2015-03-25 20:00:00,,Arbitrage,Moneyline,100.0,105.0,true,0.012195121951219523,0.012195121951219523
21401068,2015-03-25 20:00:00,,Arbitrage,Moneyline,100.0,105.0,true,0.012195121951219523,0.012195121951219523
21401068,2015-03-25 20:00:00,,Arbitrage,Moneyline,100.0,105.0,true,0.012195121951219523,0.012195121951219523
21500820,2016-02-20 19:30:00,,Arbitrage,Moneyline,113.0,105.0,true,0.04271155387610204,0.04271155387610204
21500820,2016-02-20 19:30:00,,Arbitrage,Moneyline,105.0,105.0,true,0.024390243902438935,0.024390243902438935
21500820,2016-02-20 19:30:00,,Arbitrage,Moneyline,105.0,105.0,true,0.024390243902438935,0.024390243902438935
21500820,2016-02-20 19:30:00,,Arbitrage,Moneyline,105.0,105.0,true,0.024390243902438935,0.024390243902438935
21500820,2016-02-20 19:30:00,,Arbitrage,Moneyline,105.0,105.0,true,0.024390243902438935,0.024390243902438935
21500820,2016-02-20 19:30:00,,Arbitrage,Moneyline,105.0,105.0,true,0.024390243902438935,0.024390243902438935
21500820,2016-02-20 19:30:00,,Arbitrage,Moneyline,105.0,105.0,true,0.024390243902438935,0.024390243902438935
21500820,2016-02-20 19:30:00,,Arbitrage,Moneyline,105.0,105.0,true,0.024390243902438935,0.024390243902438935
21500821,2016-02-20 20:00:00,,Arbitrage,Moneyline,134.0,-125.0,true,0.017094017094017033,0.017094017094017033
21500825,2016-02-21 17:00:00,,Arbitrage,Moneyline,-133.0,140.0,true,0.012517882689556448,0.012517882689556448
21500825,2016-02-21 17:00:00,,Arbitrage,Moneyline,-133.0,135.0,true,0.003652634462606219,0.003652634462606219
21500825,2016-02-21 17:00:00,,Arbitrage,Moneyline,-135.0,140.0,true,0.008865248226950229,0.008865248226950229
21500825,2016-02-21 17:00:00,,Arbitrage,Moneyline,-137.0,140.0,true,0.0052742616033754075,0.0052742616033754075
21500825,2016-02-21 17:00:00,,Arbitrage,Moneyline,140.0,-137.0,true,0.0052742616033754075,0.0052742616033754075
21500817,2016-02-19 22:30:00,,Arbitrage,Moneyline,107.0,-105.0,true,0.0047130906091670255,0.0047130906091670255
21500817,2016-02-19 22:30:00,,Arbitrage,Moneyline,107.0,-105.0,true,0.0047130906091670255,0.0047130906091670255
21401099,2015-03-29 19:00:00,,Arbitrage,Moneyline,132.0,-125.0,true,0.013409961685823757,0.013409961685823757
21401099,2015-03-29 19:00:00,,Arbitrage,Moneyline,130.0,-125.0,true,0.009661835748792202,0.009661835748792202
21401099,2015-03-29 19:00:00,,Arbitrage,Moneyline,-125.0,130.0,true,0.009661835748792202,0.009661835748792202
21500842,2016-02-23 21:00:00,,Arbitrage,Moneyline,123.0,-120.0,true,0.006114961271912023,0.006114961271912023
21500842,2016-02-23 21:00:00,,Arbitrage,Moneyline,125.0,-120.0,true,0.010101010101010166,0.010101010101010166
21401026,2015-03-20 20:00:00,,Arbitrage,Moneyline,-104.0,105.0,true,0.002391200382592107,0.002391200382592107
21500836,2016-02-22 20:00:00,,Arbitrage,Moneyline,-245.0,250.0,true,0.0041407867494823725,0.0041407867494823725
21500870,2016-02-27 19:00:00,,Arbitrage,Moneyline,-133.0,170.0,true,0.05881417898585284,0.05881417898585284
21500870,2016-02-27 19:00:00,,Arbitrage,Moneyline,-135.0,170.0,true,0.05516154452324662,0.05516154452324662
21500870,2016-02-27 19:00:00,,Arbitrage,Moneyline,-130.0,170.0,true,0.06441223832528176,0.06441223832528176
21500870,2016-02-27 19:00:00,,Arbitrage,Moneyline,-130.0,170.0,true,0.06441223832528176,0.06441223832528176
21500870,2016-02-27 19:00:00,,Arbitrage,Moneyline,170.0,-135.0,true,0.05516154452324662,0.05516154452324662
21500870,2016-02-27 19:00:00,,Arbitrage,Moneyline,170.0,-135.0,true,0.05516154452324662,0.05516154452324662
21500870,2016-02-27 19:00:00,,Arbitrage,Moneyline,170.0,-135.0,true,0.05516154452324662,0.05516154452324662
21500870,2016-02-27 19:00:00,,Arbitrage,Moneyline,170.0,-130.0,true,0.06441223832528176,0.06441223832528176
21500870,2016-02-27 19:00:00,,Arbitrage,Moneyline,170.0,-130.0,true,0.06441223832528176,0.06441223832528176
21500862,2016-02-26 19:00:00,,Arbitrage,Moneyline,-320.0,325.0,true,0.0028011204481792618,0.0028011204481792618
20800862,2009-02-26 22:30:00,,Arbitrage,Moneyline,650.0,-600.0,true,0.009523809523809601,0.009523809523809601
20800862,2009-02-26 22:30:00,,Arbitrage,Moneyline,650.0,-600.0,true,0.009523809523809601,0.009523809523809601
20800862,2009-02-26 22:30:00,,Arbitrage,Moneyline,618.0,-600.0,true,0.0035813768404298063,0.0035813768404298063
20800862,2009-02-26 22:30:00,,Arbitrage,Moneyline,618.0,-600.0,true,0.0035813768404298063,0.0035813768404298063
20800857,2009-02-25 20:30:00,,Arbitrage,Moneyline,-112.0,120.0,true,0.0171526586620927,0.0171526586620927
20800857,2009-02-25 20:30:00,,Arbitrage,Moneyline,-112.0,120.0,true,0.0171526586620927,0.0171526586620927
20800857,2009-02-25 20:30:00,,Arbitrage,Moneyline,-115.0,120.0,true,0.010570824524312794,0.010570824524312794
20800857,2009-02-25 20:30:00,,Arbitrage,Moneyline,-115.0,120.0,true,0.010570824524312794,0.010570824524312794
21401109,2015-03-31 19:30:00,,Arbitrage,Moneyline,115.0,195.0,true,0.195900670082775,0.195900670082775
21401109,2015-03-31 19:30:00,,Arbitrage,Moneyline,110.0,195.0,true,0.18482647296206622,0.18482647296206622
21401109,2015-03-31 19:30:00,,Arbitrage,Moneyline,110.0,195.0,true,0.18482647296206622,0.18482647296206622
21401109,2015-03-31 19:30:00,,Arbitrage,Moneyline,110.0,195.0,true,0.18482647296206622,0.18482647296206622
21401109,2015-03-31 19:30:00,,Arbitrage,Moneyline,195.0,110.0,true,0.18482647296206622,0.18482647296206622
21401109,2015-03-31 19:30:00,,Arbitrage,Moneyline,195.0,115.0,true,0.195900670082775,0.195900670082775
21401109,2015-03-31 19:30:00,,Arbitrage,Moneyline,195.0,120.0,true,0.2064714946070878,0.2064714946070878
21401109,2015-03-31 19:30:00,,Arbitrage,Moneyline,195.0,110.0,true,0.18482647296206622,0.18482647296206622
21401109,2015-03-31 19:30:00,,Arbitrage,Moneyline,195.0,110.0,true,0.18482647296206622,0.18482647296206622
20800848,2009-02-24 20:30:00,,Arbitrage,Moneyline,-109.0,120.0,true,0.02392344497607657,0.02392344497607657
20800848,2009-02-24 20:30:00,,Arbitrage,Moneyline,-109.0,175.0,true,0.11483253588516751,0.11483253588516751
20800848,2009-02-24 20:30:00,,Arbitrage,Moneyline,-109.0,120.0,true,0.02392344497607657,0.02392344497607657
20800848,2009-02-24 20:30:00,,Arbitrage,Moneyline,-113.0,120.0,true,0.0149381135296629,0.0149381135296629
20800848,2009-02-24 20:30:00,,Arbitrage,Moneyline,-113.0,175.0,true,0.10584720443875373,0.10584720443875373
20800848,2009-02-24 20:30:00,,Arbitrage,Moneyline,-113.0,120.0,true,0.0149381135296629,0.0149381135296629
20800848,2009-02-24 20:30:00,,Arbitrage,Moneyline,-120.0,175.0,true,0.09090909090909094,0.09090909090909094
20800848,2009-02-24 20:30:00,,Arbitrage,Moneyline,-140.0,175.0,true,0.053030303030303094,0.053030303030303094
20800848,2009-02-24 20:30:00,,Arbitrage,Moneyline,175.0,-120.0,true,0.09090909090909094,0.09090909090909094
20800848,2009-02-24 20:30:00,,Arbitrage,Moneyline,175.0,-122.0,true,0.08681408681408687,0.08681408681408687
20800848,2009-02-24 20:30:00,,Arbitrage,Moneyline,175.0,-140.0,true,0.053030303030303094,0.053030303030303094
21401111,2015-03-31 22:30:00,,Arbitrage,Moneyline,141.0,-135.0,true,0.010594155557517415,0.010594155557517415
21401111,2015-03-31 22:30:00,,Arbitrage,Moneyline,145.0,-135.0,true,0.01736864958749451,0.01736864958749451
21401111,2015-03-31 22:30:00,,Arbitrage,Moneyline,140.0,-135.0,true,0.008865248226950229,0.008865248226950229
21401111,2015-03-31 22:30:00,,Arbitrage,Moneyline,-135.0,150.0,true,0.025531914893616947,0.025531914893616947
21401111,2015-03-31 22:30:00,,Arbitrage,Moneyline,-135.0,140.0,true,0.008865248226950229,0.008865248226950229
20800838,2009-02-23 21:00:00,,Arbitrage,Moneyline,-103.0,105.0,true,0.004805959389643011,0.004805959389643011
20800838,2009-02-23 21:00:00,,Arbitrage,Moneyline,-103.0,110.0,true,0.016420361247947435,0.016420361247947435
20800838,2009-02-23 21:00:00,,Arbitrage,Moneyline,-103.0,104.0,true,0.002414759007051126,0.002414759007051126
20800838,2009-02-23 21:00:00,,Arbitrage,Moneyline,-103.0,110.0,true,0.016420361247947435,0.016420361247947435
21401137,2015-04-04 19:00:00,,Arbitrage,Moneyline,-245.0,250.0,true,0.0041407867494823725,0.0041407867494823725
20701189,2008-04-12 19:00:00,,Arbitrage,Moneyline,157.0,-155.0,true,0.0030518043793392735,0.0030518043793392735
20701189,2008-04-12 19:00:00,,Arbitrage,Moneyline,157.0,-155.0,true,0.0030518043793392735,0.0030518043793392735
20701189,2008-04-12 19:00:00,,Arbitrage,Moneyline,157.0,-150.0,true,0.010894941634241206,0.010894941634241206
20701189,2008-04-12 19:00:00,,Arbitrage,Moneyline,157.0,-155.0,true,0.0030518043793392735,0.0030518043793392735
20701177,2008-04-11 19:00:00,,Arbitrage,Moneyline,230.0,-225.0,true,0.004662004662004726,0.004662004662004726
20701177,2008-04-11 19:00:00,,Arbitrage,Moneyline,230.0,-225.0,true,0.004662004662004726,0.004662004662004726
21200961,2013-03-13 20:00:00,,Arbitrage,Moneyline,777.0,-750.0,true,0.0036219733047152536,0.0036219733047152536
21200961,2013-03-13 20:00:00,,Arbitrage,Moneyline,755.0,-750.0,true,6.879944960440643E-4,6.879944960440643E-4
21200961,2013-03-13 20:00:00,,Arbitrage,Moneyline,765.0,-750.0,true,0.0020401224073445245,0.0020401224073445245
21200961,2013-03-13 20:00:00,,Arbitrage,Moneyline,-750.0,755.0,true,6.879944960440643E-4,6.879944960440643E-4
20701195,2008-04-12 22:00:00,,Arbitrage,Moneyline,-122.0,140.0,true,0.03378378378378377,0.03378378378378377
20701195,2008-04-12 22:00:00,,Arbitrage,Moneyline,-120.0,140.0,true,0.037878787878787845,0.037878787878787845
20701195,2008-04-12 22:00:00,,Arbitrage,Moneyline,-125.0,140.0,true,0.02777777777777768,0.02777777777777768
20701195,2008-04-12 22:00:00,,Arbitrage,Moneyline,140.0,-130.0,true,0.018115942028985366,0.018115942028985366
20701194,2008-04-12 22:00:00,,Arbitrage,Moneyline,600.0,-110.0,true,0.33333333333333326,0.33333333333333326
20701194,2008-04-12 22:00:00,,Arbitrage,Moneyline,600.0,-110.0,true,0.33333333333333326,0.33333333333333326
20701194,2008-04-12 22:00:00,,Arbitrage,Moneyline,585.0,-110.0,true,0.3302050747306221,0.3302050747306221
20701194,2008-04-12 22:00:00,,Arbitrage,Moneyline,585.0,-110.0,true,0.3302050747306221,0.3302050747306221
20701194,2008-04-12 22:00:00,,Arbitrage,Moneyline,600.0,-110.0,true,0.33333333333333326,0.33333333333333326
20701194,2008-04-12 22:00:00,,Arbitrage,Moneyline,600.0,-110.0,true,0.33333333333333326,0.33333333333333326
20701194,2008-04-12 22:00:00,,Arbitrage,Moneyline,-110.0,550.0,true,0.3223443223443223,0.3223443223443223
20701194,2008-04-12 22:00:00,,Arbitrage,Moneyline,550.0,-110.0,true,0.3223443223443223,0.3223443223443223
20701193,2008-04-12 21:00:00,,Arbitrage,Moneyline,-235.0,240.0,true,0.004389815627743543,0.004389815627743543
20701191,2008-04-12 20:00:00,,Arbitrage,Moneyline,100.0,102.0,true,0.004950495049504955,0.004950495049504955
21200978,2013-03-15 22:30:00,,Arbitrage,Moneyline,193.0,-190.0,true,0.003530657879251331,0.003530657879251331
20701144,2008-04-06 15:30:00,,Arbitrage,Moneyline,175.0,-173.0,true,0.002664002664002574,0.002664002664002574
20701144,2008-04-06 15:30:00,,Arbitrage,Moneyline,-173.0,175.0,true,0.002664002664002574,0.002664002664002574
20701142,2008-04-05 21:00:00,,Arbitrage,Moneyline,2000.0,-110.0,true,0.4285714285714286,0.4285714285714286
20701142,2008-04-05 21:00:00,,Arbitrage,Moneyline,2000.0,-110.0,true,0.4285714285714286,0.4285714285714286
20701142,2008-04-05 21:00:00,,Arbitrage,Moneyline,2200.0,-110.0,true,0.432712215320911,0.432712215320911
20701142,2008-04-05 21:00:00,,Arbitrage,Moneyline,2200.0,-110.0,true,0.432712215320911,0.432712215320911
20701142,2008-04-05 21:00:00,,Arbitrage,Moneyline,2000.0,-110.0,true,0.4285714285714286,0.4285714285714286
20701142,2008-04-05 21:00:00,,Arbitrage,Moneyline,2000.0,-110.0,true,0.4285714285714286,0.4285714285714286
20701142,2008-04-05 21:00:00,,Arbitrage,Moneyline,-110.0,2200.0,true,0.432712215320911,0.432712215320911
20701142,2008-04-05 21:00:00,,Arbitrage,Moneyline,2200.0,-110.0,true,0.432712215320911,0.432712215320911
21200989,2013-03-17 19:00:00,,Arbitrage,Moneyline,110.0,105.0,true,0.03600464576074325,0.03600464576074325
21200989,2013-03-17 19:00:00,,Arbitrage,Moneyline,107.0,105.0,true,0.02910333451160607,0.02910333451160607
21200989,2013-03-17 19:00:00,,Arbitrage,Moneyline,105.0,105.0,true,0.024390243902438935,0.024390243902438935
21200989,2013-03-17 19:00:00,,Arbitrage,Moneyline,100.0,105.0,true,0.012195121951219523,0.012195121951219523
21200989,2013-03-17 19:00:00,,Arbitrage,Moneyline,105.0,105.0,true,0.024390243902438935,0.024390243902438935
21200989,2013-03-17 19:00:00,,Arbitrage,Moneyline,105.0,105.0,true,0.024390243902438935,0.024390243902438935
21200989,2013-03-17 19:00:00,,Arbitrage,Moneyline,105.0,100.0,true,0.012195121951219523,0.012195121951219523
21200989,2013-03-17 19:00:00,,Arbitrage,Moneyline,105.0,100.0,true,0.012195121951219523,0.012195121951219523
20701166,2008-04-09 19:00:00,,Arbitrage,Moneyline,-131.0,135.0,true,0.007368518006815927,0.007368518006815927
20701166,2008-04-09 19:00:00,,Arbitrage,Moneyline,-123.0,135.0,true,0.022898578379925594,0.022898578379925594
20701166,2008-04-09 19:00:00,,Arbitrage,Moneyline,-125.0,135.0,true,0.01891252955082745,0.01891252955082745
20701159,2008-04-08 20:00:00,,Arbitrage,Moneyline,220.0,-215.0,true,0.004960317460317443,0.004960317460317443
20701157,2008-04-08 20:00:00,,Arbitrage,Moneyline,425.0,-410.0,true,0.0056022408963585235,0.0056022408963585235
20701157,2008-04-08 20:00:00,,Arbitrage,Moneyline,420.0,-410.0,true,0.0037707390648566985,0.0037707390648566985
20701155,2008-04-08 19:30:00,,Arbitrage,Moneyline,700.0,-550.0,true,0.028846153846153855,0.028846153846153855
20701155,2008-04-08 19:30:00,,Arbitrage,Moneyline,700.0,-560.0,true,0.02651515151515149,0.02651515151515149
20701155,2008-04-08 19:30:00,,Arbitrage,Moneyline,700.0,-600.0,true,0.017857142857142905,0.017857142857142905
20701155,2008-04-08 19:30:00,,Arbitrage,Moneyline,700.0,-560.0,true,0.02651515151515149,0.02651515151515149
20701155,2008-04-08 19:30:00,,Arbitrage,Moneyline,700.0,-550.0,true,0.028846153846153855,0.028846153846153855
20701155,2008-04-08 19:30:00,,Arbitrage,Moneyline,700.0,-560.0,true,0.02651515151515149,0.02651515151515149
20701155,2008-04-08 19:30:00,,Arbitrage,Moneyline,700.0,-600.0,true,0.017857142857142905,0.017857142857142905
20701155,2008-04-08 19:30:00,,Arbitrage,Moneyline,700.0,-560.0,true,0.02651515151515149,0.02651515151515149
20701155,2008-04-08 19:30:00,,Arbitrage,Moneyline,-550.0,600.0,true,0.01098901098901095,0.01098901098901095
20701155,2008-04-08 19:30:00,,Arbitrage,Moneyline,-560.0,600.0,true,0.008658008658008587,0.008658008658008587
20701155,2008-04-08 19:30:00,,Arbitrage,Moneyline,600.0,-560.0,true,0.008658008658008587,0.008658008658008587
20701153,2008-04-08 19:00:00,,Arbitrage,Moneyline,-176.0,185.0,true,0.011441647597254079,0.011441647597254079
20701153,2008-04-08 19:00:00,,Arbitrage,Moneyline,-175.0,185.0,true,0.012759170653907526,0.012759170653907526
20701153,2008-04-08 19:00:00,,Arbitrage,Moneyline,185.0,-180.0,true,0.006265664160401085,0.006265664160401085
20701153,2008-04-08 19:00:00,,Arbitrage,Moneyline,185.0,-177.0,true,0.01013363734245365,0.01013363734245365
20800814,2009-02-20 20:00:00,,Arbitrage,Moneyline,-117.0,130.0,true,0.02604688439190539,0.02604688439190539
20800814,2009-02-20 20:00:00,,Arbitrage,Moneyline,-120.0,130.0,true,0.01976284584980237,0.01976284584980237
20800814,2009-02-20 20:00:00,,Arbitrage,Moneyline,130.0,-120.0,true,0.01976284584980237,0.01976284584980237
20800814,2009-02-20 20:00:00,,Arbitrage,Moneyline,130.0,-125.0,true,0.009661835748792202,0.009661835748792202
20800809,2009-02-19 20:00:00,,Arbitrage,Moneyline,103.0,110.0,true,0.031198686371100237,0.031198686371100237
20800809,2009-02-19 20:00:00,,Arbitrage,Moneyline,103.0,115.0,true,0.04227288349180891,0.04227288349180891
20800809,2009-02-19 20:00:00,,Arbitrage,Moneyline,103.0,110.0,true,0.031198686371100237,0.031198686371100237
20800809,2009-02-19 20:00:00,,Arbitrage,Moneyline,101.0,110.0,true,0.026297085998578495,0.026297085998578495
20800809,2009-02-19 20:00:00,,Arbitrage,Moneyline,101.0,115.0,true,0.03737128311928717,0.03737128311928717
20800809,2009-02-19 20:00:00,,Arbitrage,Moneyline,101.0,110.0,true,0.026297085998578495,0.026297085998578495
20800809,2009-02-19 20:00:00,,Arbitrage,Moneyline,100.0,110.0,true,0.023809523809523836,0.023809523809523836
20800809,2009-02-19 20:00:00,,Arbitrage,Moneyline,100.0,115.0,true,0.03488372093023262,0.03488372093023262
20800809,2009-02-19 20:00:00,,Arbitrage,Moneyline,100.0,110.0,true,0.023809523809523836,0.023809523809523836
20800809,2009-02-19 20:00:00,,Arbitrage,Moneyline,110.0,-102.0,true,0.01885902876001888,0.01885902876001888
20800809,2009-02-19 20:00:00,,Arbitrage,Moneyline,115.0,-102.0,true,0.029933225880727665,0.029933225880727665
20800809,2009-02-19 20:00:00,,Arbitrage,Moneyline,-102.0,110.0,true,0.01885902876001888,0.01885902876001888
20701129,2008-04-04 20:00:00,,Arbitrage,Moneyline,525.0,-500.0,true,0.006666666666666599,0.006666666666666599
20701129,2008-04-04 20:00:00,,Arbitrage,Moneyline,525.0,-500.0,true,0.006666666666666599,0.006666666666666599
20701127,2008-04-04 19:30:00,,Arbitrage,Moneyline,-106.0,110.0,true,0.009246417013407338,0.009246417013407338
20701127,2008-04-04 19:30:00,,Arbitrage,Moneyline,-106.0,110.0,true,0.009246417013407338,0.009246417013407338
20701127,2008-04-04 19:30:00,,Arbitrage,Moneyline,-108.0,110.0,true,0.0045787545787546735,0.0045787545787546735
20701127,2008-04-04 19:30:00,,Arbitrage,Moneyline,-108.0,110.0,true,0.0045787545787546735,0.0045787545787546735
20701127,2008-04-04 19:30:00,,Arbitrage,Moneyline,110.0,-103.0,true,0.016420361247947435,0.016420361247947435
20701127,2008-04-04 19:30:00,,Arbitrage,Moneyline,-103.0,110.0,true,0.016420361247947435,0.016420361247947435
20701115,2008-04-02 19:00:00,,Arbitrage,Moneyline,-114.0,115.0,true,0.0021734405564008963,0.0021734405564008963
20701115,2008-04-02 19:00:00,,Arbitrage,Moneyline,-114.0,115.0,true,0.0021734405564008963,0.0021734405564008963
20701115,2008-04-02 19:00:00,,Arbitrage,Moneyline,-112.0,115.0,true,0.006581834137779685,0.006581834137779685
20701115,2008-04-02 19:00:00,,Arbitrage,Moneyline,-112.0,115.0,true,0.006581834137779685,0.006581834137779685
20701113,2008-04-02 19:00:00,,Arbitrage,Moneyline,650.0,-600.0,true,0.009523809523809601,0.009523809523809601
20701113,2008-04-02 19:00:00,,Arbitrage,Moneyline,650.0,-600.0,true,0.009523809523809601,0.009523809523809601
20701113,2008-04-02 19:00:00,,Arbitrage,Moneyline,700.0,-600.0,true,0.017857142857142905,0.017857142857142905
20701113,2008-04-02 19:00:00,,Arbitrage,Moneyline,700.0,-600.0,true,0.017857142857142905,0.017857142857142905
20701113,2008-04-02 19:00:00,,Arbitrage,Moneyline,700.0,-600.0,true,0.017857142857142905,0.017857142857142905
20701113,2008-04-02 19:00:00,,Arbitrage,Moneyline,700.0,-600.0,true,0.017857142857142905,0.017857142857142905
20701113,2008-04-02 19:00:00,,Arbitrage,Moneyline,-600.0,700.0,true,0.017857142857142905,0.017857142857142905
20701113,2008-04-02 19:00:00,,Arbitrage,Moneyline,700.0,-600.0,true,0.017857142857142905,0.017857142857142905
20701112,2008-04-01 22:00:00,,Arbitrage,Moneyline,-132.0,135.0,true,0.0055025678650035825,0.0055025678650035825
20701112,2008-04-01 22:00:00,,Arbitrage,Moneyline,-134.0,135.0,true,0.0018185124568101951,0.0018185124568101951
21500774,2016-02-08 19:00:00,,Arbitrage,Moneyline,277.0,-270.0,true,0.005018280880349724,0.005018280880349724
21500774,2016-02-08 19:00:00,,Arbitrage,Moneyline,290.0,-270.0,true,0.013860013860013787,0.013860013860013787
21500774,2016-02-08 19:00:00,,Arbitrage,Moneyline,275.0,-270.0,true,0.003603603603603567,0.003603603603603567
21500774,2016-02-08 19:00:00,,Arbitrage,Moneyline,-270.0,280.0,true,0.007112375533428139,0.007112375533428139
21500774,2016-02-08 19:00:00,,Arbitrage,Moneyline,-270.0,275.0,true,0.003603603603603567,0.003603603603603567
21500774,2016-02-08 19:00:00,,Arbitrage,Moneyline,-270.0,275.0,true,0.003603603603603567,0.003603603603603567
21500764,2016-02-06 19:30:00,,Arbitrage,Moneyline,102.0,100.0,true,0.004950495049504955,0.004950495049504955
21500794,2016-02-10 19:30:00,,Arbitrage,Moneyline,184.0,-178.0,true,0.007599554159489319,0.007599554159489319
21500794,2016-02-10 19:30:00,,Arbitrage,Moneyline,184.0,-180.0,true,0.005030181086519203,0.005030181086519203
21500794,2016-02-10 19:30:00,,Arbitrage,Moneyline,184.0,-180.0,true,0.005030181086519203,0.005030181086519203
21500794,2016-02-10 19:30:00,,Arbitrage,Moneyline,184.0,-180.0,true,0.005030181086519203,0.005030181086519203
21500794,2016-02-10 19:30:00,,Arbitrage,Moneyline,184.0,-180.0,true,0.005030181086519203,0.005030181086519203
21500784,2016-02-09 20:00:00,,Arbitrage,Moneyline,264.0,-255.0,true,0.006964866119795632,0.006964866119795632
21701044,2018-03-17 22:00:00,,Arbitrage,Moneyline,-189.0,190.0,true,0.0011931750387781381,0.0011931750387781381
21701059,2018-03-20 20:00:00,,Arbitrage,Moneyline,-195.0,200.0,true,0.005649717514124353,0.005649717514124353
21701059,2018-03-20 20:00:00,,Arbitrage,Moneyline,-195.0,200.0,true,0.005649717514124353,0.005649717514124353
21701059,2018-03-20 20:00:00,,Arbitrage,Moneyline,200.0,-195.0,true,0.005649717514124353,0.005649717514124353
21701059,2018-03-20 20:00:00,,Arbitrage,Moneyline,-195.0,200.0,true,0.005649717514124353,0.005649717514124353
21500700,2016-01-29 19:30:00,,Arbitrage,Moneyline,-265.0,270.0,true,0.003702332469455838,0.003702332469455838
21500700,2016-01-29 19:30:00,,Arbitrage,Moneyline,-265.0,300.0,true,0.023972602739726012,0.023972602739726012
21500700,2016-01-29 19:30:00,,Arbitrage,Moneyline,-295.0,300.0,true,0.0031645569620253333,0.0031645569620253333
21500700,2016-01-29 19:30:00,,Arbitrage,Moneyline,-265.0,270.0,true,0.003702332469455838,0.003702332469455838
21500700,2016-01-29 19:30:00,,Arbitrage,Moneyline,-265.0,300.0,true,0.023972602739726012,0.023972602739726012
21500700,2016-01-29 19:30:00,,Arbitrage,Moneyline,270.0,-265.0,true,0.003702332469455838,0.003702332469455838
21500700,2016-01-29 19:30:00,,Arbitrage,Moneyline,300.0,-265.0,true,0.023972602739726012,0.023972602739726012
20800799,2009-02-18 19:00:00,,Arbitrage,Moneyline,330.0,-325.0,true,0.002735978112175186,0.002735978112175186
21100029,2011-12-28 20:30:00,,Arbitrage,Moneyline,672.0,-190.0,true,0.21529390745041976,0.21529390745041976
21100029,2011-12-28 20:30:00,,Arbitrage,Moneyline,672.0,-190.0,true,0.21529390745041976,0.21529390745041976
21100029,2011-12-28 20:30:00,,Arbitrage,Moneyline,672.0,-190.0,true,0.21529390745041976,0.21529390745041976
21100029,2011-12-28 20:30:00,,Arbitrage,Moneyline,672.0,-190.0,true,0.21529390745041976,0.21529390745041976
21100029,2011-12-28 20:30:00,,Arbitrage,Moneyline,672.0,-190.0,true,0.21529390745041976,0.21529390745041976
21100029,2011-12-28 20:30:00,,Arbitrage,Moneyline,672.0,-190.0,true,0.21529390745041976,0.21529390745041976
21100029,2011-12-28 20:30:00,,Arbitrage,Moneyline,672.0,-195.0,true,0.2094493720909809,0.2094493720909809
21100029,2011-12-28 20:30:00,,Arbitrage,Moneyline,672.0,-190.0,true,0.21529390745041976,0.21529390745041976
21100029,2011-12-28 20:30:00,,Arbitrage,Moneyline,672.0,-190.0,true,0.21529390745041976,0.21529390745041976
21100027,2011-12-28 20:00:00,,Arbitrage,Moneyline,104.0,105.0,true,0.02199904351984694,0.02199904351984694
21100027,2011-12-28 20:00:00,,Arbitrage,Moneyline,102.0,105.0,true,0.017145617000724478,0.017145617000724478
21100027,2011-12-28 20:00:00,,Arbitrage,Moneyline,105.0,105.0,true,0.024390243902438935,0.024390243902438935
21100032,2011-12-28 22:30:00,,Arbitrage,Moneyline,541.0,215.0,true,0.5265334422900726,0.5265334422900726
21100032,2011-12-28 22:30:00,,Arbitrage,Moneyline,541.0,210.0,true,0.5214131145890997,0.5214131145890997
21100032,2011-12-28 22:30:00,,Arbitrage,Moneyline,541.0,210.0,true,0.5214131145890997,0.5214131145890997
21100032,2011-12-28 22:30:00,,Arbitrage,Moneyline,541.0,215.0,true,0.5265334422900726,0.5265334422900726
21100032,2011-12-28 22:30:00,,Arbitrage,Moneyline,541.0,215.0,true,0.5265334422900726,0.5265334422900726
21100032,2011-12-28 22:30:00,,Arbitrage,Moneyline,541.0,205.0,true,0.5161249072913736,0.5161249072913736
21100032,2011-12-28 22:30:00,,Arbitrage,Moneyline,541.0,225.0,true,0.5363014520580823,0.5363014520580823
21100032,2011-12-28 22:30:00,,Arbitrage,Moneyline,541.0,220.0,true,0.53149375975039,0.53149375975039
21100032,2011-12-28 22:30:00,,Arbitrage,Moneyline,541.0,210.0,true,0.5214131145890997,0.5214131145890997
21100034,2011-12-29 20:00:00,,Arbitrage,Moneyline,2500.0,125.0,true,0.5170940170940171,0.5170940170940171
21100034,2011-12-29 20:00:00,,Arbitrage,Moneyline,2500.0,130.0,true,0.5267558528428093,0.5267558528428093
21100034,2011-12-29 20:00:00,,Arbitrage,Moneyline,2500.0,130.0,true,0.5267558528428093,0.5267558528428093
21100034,2011-12-29 20:00:00,,Arbitrage,Moneyline,2500.0,130.0,true,0.5267558528428093,0.5267558528428093
21100034,2011-12-29 20:00:00,,Arbitrage,Moneyline,2500.0,130.0,true,0.5267558528428093,0.5267558528428093
21100034,2011-12-29 20:00:00,,Arbitrage,Moneyline,2500.0,130.0,true,0.5267558528428093,0.5267558528428093
21100034,2011-12-29 20:00:00,,Arbitrage,Moneyline,2500.0,130.0,true,0.5267558528428093,0.5267558528428093
21100034,2011-12-29 20:00:00,,Arbitrage,Moneyline,2500.0,130.0,true,0.5267558528428093,0.5267558528428093
21100034,2011-12-29 20:00:00,,Arbitrage,Moneyline,2500.0,130.0,true,0.5267558528428093,0.5267558528428093
21100020,2011-12-27 20:30:00,,Arbitrage,Moneyline,200.0,-195.0,true,0.005649717514124353,0.005649717514124353
21500711,2016-01-30 20:00:00,,Arbitrage,Moneyline,-167.0,170.0,true,0.004161464835622075,0.004161464835622075
21100023,2011-12-28 18:00:00,,Arbitrage,Moneyline,1313.0,-165.0,true,0.3065870822150114,0.3065870822150114
21100023,2011-12-28 18:00:00,,Arbitrage,Moneyline,1313.0,-175.0,true,0.2928649552853375,0.2928649552853375
21100023,2011-12-28 18:00:00,,Arbitrage,Moneyline,1313.0,-170.0,true,0.2995989620193442,0.2995989620193442
21100023,2011-12-28 18:00:00,,Arbitrage,Moneyline,1313.0,-180.0,true,0.28637144879183096,0.28637144879183096
21100023,2011-12-28 18:00:00,,Arbitrage,Moneyline,1313.0,-170.0,true,0.2995989620193442,0.2995989620193442
21100023,2011-12-28 18:00:00,,Arbitrage,Moneyline,1313.0,-175.0,true,0.2928649552853375,0.2928649552853375
21100023,2011-12-28 18:00:00,,Arbitrage,Moneyline,1313.0,-175.0,true,0.2928649552853375,0.2928649552853375
21100023,2011-12-28 18:00:00,,Arbitrage,Moneyline,1313.0,-175.0,true,0.2928649552853375,0.2928649552853375
21100023,2011-12-28 18:00:00,,Arbitrage,Moneyline,1313.0,-170.0,true,0.2995989620193442,0.2995989620193442
21500752,2016-02-05 19:00:00,,Arbitrage,Moneyline,-147.0,150.0,true,0.004858299595141613,0.004858299595141613
21100005,2011-12-25 22:30:00,,Arbitrage,Moneyline,-193.0,195.0,true,0.0023138774801875206,0.0023138774801875206
21100005,2011-12-25 22:30:00,,Arbitrage,Moneyline,-190.0,195.0,true,0.005844535359438852,0.005844535359438852
21100012,2011-12-26 20:30:00,,Arbitrage,Moneyline,-178.0,180.0,true,0.002569373072970116,0.002569373072970116
20800738,2009-02-06 20:00:00,,Arbitrage,Moneyline,-120.0,135.0,true,0.029013539651837617,0.029013539651837617
20800738,2009-02-06 20:00:00,,Arbitrage,Moneyline,-120.0,135.0,true,0.029013539651837617,0.029013539651837617
20800738,2009-02-06 20:00:00,,Arbitrage,Moneyline,-130.0,135.0,true,0.009250693802035137,0.009250693802035137
20800738,2009-02-06 20:00:00,,Arbitrage,Moneyline,-130.0,135.0,true,0.009250693802035137,0.009250693802035137
20800738,2009-02-06 20:00:00,,Arbitrage,Moneyline,135.0,-131.0,true,0.007368518006815927,0.007368518006815927
20800738,2009-02-06 20:00:00,,Arbitrage,Moneyline,135.0,-130.0,true,0.009250693802035137,0.009250693802035137
20800739,2009-02-06 20:00:00,,Arbitrage,Moneyline,-215.0,220.0,true,0.004960317460317443,0.004960317460317443
20800739,2009-02-06 20:00:00,,Arbitrage,Moneyline,-215.0,220.0,true,0.004960317460317443,0.004960317460317443
41500407,2016-06-19 20:00:00,,Arbitrage,Moneyline,166.0,-160.0,true,0.008675534991324452,0.008675534991324452
41500407,2016-06-19 20:00:00,,Arbitrage,Moneyline,165.0,-160.0,true,0.007256894049346818,0.007256894049346818
41500407,2016-06-19 20:00:00,,Arbitrage,Moneyline,164.0,-160.0,true,0.005827505827505686,0.005827505827505686
41500407,2016-06-19 20:00:00,,Arbitrage,Moneyline,-160.0,175.0,true,0.020979020979020935,0.020979020979020935
41500407,2016-06-19 20:00:00,,Arbitrage,Moneyline,-160.0,164.0,true,0.005827505827505686,0.005827505827505686
21100077,2012-01-03 20:00:00,,Arbitrage,Moneyline,-545.0,550.0,true,0.0011926058437686793,0.0011926058437686793
41500402,2016-06-05 20:00:00,,Arbitrage,Moneyline,638.0,-240.0,true,0.1586162920452734,0.1586162920452734
41500402,2016-06-05 20:00:00,,Arbitrage,Moneyline,638.0,-260.0,true,0.1422764227642277,0.1422764227642277
41500402,2016-06-05 20:00:00,,Arbitrage,Moneyline,638.0,-240.0,true,0.1586162920452734,0.1586162920452734
41500402,2016-06-05 20:00:00,,Arbitrage,Moneyline,638.0,-210.0,true,0.18707929014774027,0.18707929014774027
41500402,2016-06-05 20:00:00,,Arbitrage,Moneyline,638.0,-245.0,true,0.15435371745021786,0.15435371745021786
41500402,2016-06-05 20:00:00,,Arbitrage,Moneyline,638.0,-240.0,true,0.1586162920452734,0.1586162920452734
41500402,2016-06-05 20:00:00,,Arbitrage,Moneyline,638.0,-250.0,true,0.1502129307007356,0.1502129307007356
41500402,2016-06-05 20:00:00,,Arbitrage,Moneyline,638.0,-260.0,true,0.1422764227642277,0.1422764227642277
41500402,2016-06-05 20:00:00,,Arbitrage,Moneyline,638.0,-240.0,true,0.1586162920452734,0.1586162920452734
21100059,2012-01-01 18:00:00,,Arbitrage,Moneyline,1475.0,-1400.0,true,0.0031746031746031633,0.0031746031746031633
21100059,2012-01-01 18:00:00,,Arbitrage,Moneyline,1475.0,-1400.0,true,0.0031746031746031633,0.0031746031746031633
41500401,2016-06-02 21:00:00,,Arbitrage,Moneyline,346.0,-225.0,true,0.08347706105553643,0.08347706105553643
41500401,2016-06-02 21:00:00,,Arbitrage,Moneyline,346.0,-235.0,true,0.07429221604979586,0.07429221604979586
41500401,2016-06-02 21:00:00,,Arbitrage,Moneyline,346.0,-245.0,true,0.06563982582699679,0.06563982582699679
41500401,2016-06-02 21:00:00,,Arbitrage,Moneyline,346.0,-210.0,true,0.09836539852451909,0.09836539852451909
41500401,2016-06-02 21:00:00,,Arbitrage,Moneyline,346.0,-230.0,true,0.0788150563935317,0.0788150563935317
41500401,2016-06-02 21:00:00,,Arbitrage,Moneyline,346.0,-235.0,true,0.07429221604979586,0.07429221604979586
41500401,2016-06-02 21:00:00,,Arbitrage,Moneyline,346.0,-240.0,true,0.06990240042205231,0.06990240042205231
41500401,2016-06-02 21:00:00,,Arbitrage,Moneyline,346.0,-235.0,true,0.07429221604979586,0.07429221604979586
41500401,2016-06-02 21:00:00,,Arbitrage,Moneyline,346.0,-245.0,true,0.06563982582699679,0.06563982582699679
20701096,2008-03-30 21:00:00,,Arbitrage,Moneyline,235.0,-230.0,true,0.0045228403437358455,0.0045228403437358455
20800734,2009-02-06 19:00:00,,Arbitrage,Moneyline,102.0,100.0,true,0.004950495049504955,0.004950495049504955
20800734,2009-02-06 19:00:00,,Arbitrage,Moneyline,102.0,100.0,true,0.004950495049504955,0.004950495049504955
20800734,2009-02-06 19:00:00,,Arbitrage,Moneyline,100.0,110.0,true,0.023809523809523836,0.023809523809523836
20800734,2009-02-06 19:00:00,,Arbitrage,Moneyline,100.0,109.0,true,0.021531100478468845,0.021531100478468845
20800734,2009-02-06 19:00:00,,Arbitrage,Moneyline,100.0,110.0,true,0.023809523809523836,0.023809523809523836
20800734,2009-02-06 19:00:00,,Arbitrage,Moneyline,110.0,100.0,true,0.023809523809523836,0.023809523809523836
20800734,2009-02-06 19:00:00,,Arbitrage,Moneyline,109.0,100.0,true,0.021531100478468845,0.021531100478468845
20800734,2009-02-06 19:00:00,,Arbitrage,Moneyline,100.0,110.0,true,0.023809523809523836,0.023809523809523836
20800727,2009-02-04 20:00:00,,Arbitrage,Moneyline,-111.0,115.0,true,0.008817370219332155,0.008817370219332155
20800728,2009-02-04 20:00:00,,Arbitrage,Moneyline,-102.0,103.0,true,0.0024386675120714463,0.0024386675120714463
20800728,2009-02-04 20:00:00,,Arbitrage,Moneyline,-102.0,110.0,true,0.01885902876001888,0.01885902876001888
20800728,2009-02-04 20:00:00,,Arbitrage,Moneyline,-102.0,110.0,true,0.01885902876001888,0.01885902876001888
20800722,2009-02-04 19:00:00,,Arbitrage,Moneyline,123.0,102.0,true,0.05652000177596239,0.05652000177596239
20800722,2009-02-04 19:00:00,,Arbitrage,Moneyline,123.0,100.0,true,0.05156950672645744,0.05156950672645744
20800722,2009-02-04 19:00:00,,Arbitrage,Moneyline,123.0,-105.0,true,0.039374384775237914,0.039374384775237914
20800722,2009-02-04 19:00:00,,Arbitrage,Moneyline,102.0,110.0,true,0.02876001885902879,0.02876001885902879
20800722,2009-02-04 19:00:00,,Arbitrage,Moneyline,102.0,115.0,true,0.039834215979737575,0.039834215979737575
20800722,2009-02-04 19:00:00,,Arbitrage,Moneyline,102.0,110.0,true,0.02876001885902879,0.02876001885902879
20800722,2009-02-04 19:00:00,,Arbitrage,Moneyline,100.0,110.0,true,0.023809523809523836,0.023809523809523836
20800722,2009-02-04 19:00:00,,Arbitrage,Moneyline,100.0,115.0,true,0.03488372093023262,0.03488372093023262
20800722,2009-02-04 19:00:00,,Arbitrage,Moneyline,100.0,110.0,true,0.023809523809523836,0.023809523809523836
20800722,2009-02-04 19:00:00,,Arbitrage,Moneyline,110.0,-105.0,true,0.011614401858304313,0.011614401858304313
20800722,2009-02-04 19:00:00,,Arbitrage,Moneyline,115.0,-105.0,true,0.022688598979013097,0.022688598979013097
20800722,2009-02-04 19:00:00,,Arbitrage,Moneyline,-105.0,110.0,true,0.011614401858304313,0.011614401858304313
20800719,2009-02-03 21:00:00,,Arbitrage,Moneyline,850.0,-260.0,true,0.17251461988304095,0.17251461988304095
20800719,2009-02-03 21:00:00,,Arbitrage,Moneyline,850.0,-250.0,true,0.18045112781954886,0.18045112781954886
20800719,2009-02-03 21:00:00,,Arbitrage,Moneyline,850.0,-260.0,true,0.17251461988304095,0.17251461988304095
20800719,2009-02-03 21:00:00,,Arbitrage,Moneyline,900.0,-260.0,true,0.1777777777777778,0.1777777777777778
20800719,2009-02-03 21:00:00,,Arbitrage,Moneyline,900.0,-250.0,true,0.18571428571428572,0.18571428571428572
20800719,2009-02-03 21:00:00,,Arbitrage,Moneyline,900.0,-260.0,true,0.1777777777777778,0.1777777777777778
20800719,2009-02-03 21:00:00,,Arbitrage,Moneyline,800.0,-260.0,true,0.16666666666666674,0.16666666666666674
20800719,2009-02-03 21:00:00,,Arbitrage,Moneyline,800.0,-250.0,true,0.17460317460317465,0.17460317460317465
20800719,2009-02-03 21:00:00,,Arbitrage,Moneyline,800.0,-260.0,true,0.16666666666666674,0.16666666666666674
20800719,2009-02-03 21:00:00,,Arbitrage,Moneyline,-260.0,650.0,true,0.1444444444444445,0.1444444444444445
20800719,2009-02-03 21:00:00,,Arbitrage,Moneyline,-260.0,700.0,true,0.1527777777777778,0.1527777777777778
20800719,2009-02-03 21:00:00,,Arbitrage,Moneyline,-250.0,650.0,true,0.1523809523809524,0.1523809523809524
20800719,2009-02-03 21:00:00,,Arbitrage,Moneyline,-250.0,700.0,true,0.1607142857142857,0.1607142857142857
20800719,2009-02-03 21:00:00,,Arbitrage,Moneyline,650.0,-260.0,true,0.1444444444444445,0.1444444444444445
20800719,2009-02-03 21:00:00,,Arbitrage,Moneyline,700.0,-260.0,true,0.1527777777777778,0.1527777777777778
21100053,2011-12-31 20:00:00,,Arbitrage,Moneyline,-705.0,710.0,true,7.668123610152788E-4,7.668123610152788E-4
21100053,2011-12-31 20:00:00,,Arbitrage,Moneyline,710.0,-705.0,true,7.668123610152788E-4,7.668123610152788E-4
21100054,2011-12-31 20:00:00,,Arbitrage,Moneyline,-105.0,110.0,true,0.011614401858304313,0.011614401858304313
21100054,2011-12-31 20:00:00,,Arbitrage,Moneyline,-106.0,110.0,true,0.009246417013407338,0.009246417013407338
21100052,2011-12-31 19:00:00,,Arbitrage,Moneyline,100.0,105.0,true,0.012195121951219523,0.012195121951219523
21100052,2011-12-31 19:00:00,,Arbitrage,Moneyline,105.0,105.0,true,0.024390243902438935,0.024390243902438935
21100052,2011-12-31 19:00:00,,Arbitrage,Moneyline,100.0,105.0,true,0.012195121951219523,0.012195121951219523
21100052,2011-12-31 19:00:00,,Arbitrage,Moneyline,105.0,100.0,true,0.012195121951219523,0.012195121951219523
21100052,2011-12-31 19:00:00,,Arbitrage,Moneyline,105.0,100.0,true,0.012195121951219523,0.012195121951219523
21100035,2011-12-29 20:00:00,,Arbitrage,Moneyline,638.0,180.0,true,0.5073557878435927,0.5073557878435927
21100035,2011-12-29 20:00:00,,Arbitrage,Moneyline,638.0,185.0,true,0.5136214520039937,0.5136214520039937
21100035,2011-12-29 20:00:00,,Arbitrage,Moneyline,638.0,185.0,true,0.5136214520039937,0.5136214520039937
21100035,2011-12-29 20:00:00,,Arbitrage,Moneyline,638.0,190.0,true,0.5196710587795532,0.5196710587795532
21100035,2011-12-29 20:00:00,,Arbitrage,Moneyline,638.0,185.0,true,0.5136214520039937,0.5136214520039937
21100035,2011-12-29 20:00:00,,Arbitrage,Moneyline,638.0,185.0,true,0.5136214520039937,0.5136214520039937
21100035,2011-12-29 20:00:00,,Arbitrage,Moneyline,638.0,185.0,true,0.5136214520039937,0.5136214520039937
21100035,2011-12-29 20:00:00,,Arbitrage,Moneyline,638.0,185.0,true,0.5136214520039937,0.5136214520039937
21100035,2011-12-29 20:00:00,,Arbitrage,Moneyline,638.0,185.0,true,0.5136214520039937,0.5136214520039937
21100037,2011-12-29 22:00:00,,Arbitrage,Moneyline,1621.0,-215.0,true,0.259354564990823,0.259354564990823
21100037,2011-12-29 22:00:00,,Arbitrage,Moneyline,1621.0,-230.0,true,0.24492455056080853,0.24492455056080853
21100037,2011-12-29 22:00:00,,Arbitrage,Moneyline,1621.0,-215.0,true,0.259354564990823,0.259354564990823
21100037,2011-12-29 22:00:00,,Arbitrage,Moneyline,1621.0,-230.0,true,0.24492455056080853,0.24492455056080853
21100037,2011-12-29 22:00:00,,Arbitrage,Moneyline,1621.0,-235.0,true,0.24040171021707268,0.24040171021707268
21100037,2011-12-29 22:00:00,,Arbitrage,Moneyline,1621.0,-225.0,true,0.24958655522281326,0.24958655522281326
21100037,2011-12-29 22:00:00,,Arbitrage,Moneyline,1621.0,-230.0,true,0.24492455056080853,0.24492455056080853
21100037,2011-12-29 22:00:00,,Arbitrage,Moneyline,1621.0,-220.0,true,0.25439424753050555,0.25439424753050555
21100037,2011-12-29 22:00:00,,Arbitrage,Moneyline,1621.0,-215.0,true,0.259354564990823,0.259354564990823
21100038,2011-12-29 22:30:00,,Arbitrage,Moneyline,1199.0,-170.0,true,0.2933880762980071,0.2933880762980071
21100038,2011-12-29 22:30:00,,Arbitrage,Moneyline,1199.0,-175.0,true,0.2866540695640003,0.2866540695640003
21100038,2011-12-29 22:30:00,,Arbitrage,Moneyline,1199.0,-170.0,true,0.2933880762980071,0.2933880762980071
21100038,2011-12-29 22:30:00,,Arbitrage,Moneyline,1199.0,-175.0,true,0.2866540695640003,0.2866540695640003
21100038,2011-12-29 22:30:00,,Arbitrage,Moneyline,1199.0,-190.0,true,0.2678452921345331,0.2678452921345331
21100038,2011-12-29 22:30:00,,Arbitrage,Moneyline,1199.0,-170.0,true,0.2933880762980071,0.2933880762980071
21100038,2011-12-29 22:30:00,,Arbitrage,Moneyline,1199.0,-190.0,true,0.2678452921345331,0.2678452921345331
21100038,2011-12-29 22:30:00,,Arbitrage,Moneyline,1199.0,-170.0,true,0.2933880762980071,0.2933880762980071
21100038,2011-12-29 22:30:00,,Arbitrage,Moneyline,1199.0,-170.0,true,0.2933880762980071,0.2933880762980071
20800705,2009-02-01 15:00:00,,Arbitrage,Moneyline,130.0,-125.0,true,0.009661835748792202,0.009661835748792202
20800705,2009-02-01 15:00:00,,Arbitrage,Moneyline,130.0,-125.0,true,0.009661835748792202,0.009661835748792202
20800782,2009-02-11 21:00:00,,Arbitrage,Moneyline,-103.0,104.0,true,0.002414759007051126,0.002414759007051126
20701060,2008-03-26 19:00:00,,Arbitrage,Moneyline,-226.0,235.0,true,0.00824100357110158,0.00824100357110158
20701060,2008-03-26 19:00:00,,Arbitrage,Moneyline,-226.0,230.0,true,0.003718163227365734,0.003718163227365734
20701058,2008-03-26 19:00:00,,Arbitrage,Moneyline,-108.0,115.0,true,0.015652951699463458,0.015652951699463458
20701058,2008-03-26 19:00:00,,Arbitrage,Moneyline,-108.0,115.0,true,0.015652951699463458,0.015652951699463458
20701058,2008-03-26 19:00:00,,Arbitrage,Moneyline,-108.0,110.0,true,0.0045787545787546735,0.0045787545787546735
20701058,2008-03-26 19:00:00,,Arbitrage,Moneyline,-108.0,115.0,true,0.015652951699463458,0.015652951699463458
20701057,2008-03-25 22:00:00,,Arbitrage,Moneyline,-120.0,130.0,true,0.01976284584980237,0.01976284584980237
20701057,2008-03-25 22:00:00,,Arbitrage,Moneyline,-125.0,130.0,true,0.009661835748792202,0.009661835748792202
20701057,2008-03-25 22:00:00,,Arbitrage,Moneyline,-125.0,130.0,true,0.009661835748792202,0.009661835748792202
20701057,2008-03-25 22:00:00,,Arbitrage,Moneyline,130.0,-125.0,true,0.009661835748792202,0.009661835748792202
20701057,2008-03-25 22:00:00,,Arbitrage,Moneyline,130.0,-125.0,true,0.009661835748792202,0.009661835748792202
20800760,2009-02-09 19:00:00,,Arbitrage,Moneyline,107.0,-105.0,true,0.0047130906091670255,0.0047130906091670255
20701088,2008-03-29 22:00:00,,Arbitrage,Moneyline,-201.0,205.0,true,0.00435706116224599,0.00435706116224599
20701088,2008-03-29 22:00:00,,Arbitrage,Moneyline,-201.0,205.0,true,0.00435706116224599,0.00435706116224599
20701088,2008-03-29 22:00:00,,Arbitrage,Moneyline,-200.0,205.0,true,0.005464480874316946,0.005464480874316946
20701088,2008-03-29 22:00:00,,Arbitrage,Moneyline,-200.0,205.0,true,0.005464480874316946,0.005464480874316946
20701072,2008-03-27 22:30:00,,Arbitrage,Moneyline,800.0,-600.0,true,0.031746031746031855,0.031746031746031855
20701072,2008-03-27 22:30:00,,Arbitrage,Moneyline,800.0,-600.0,true,0.031746031746031855,0.031746031746031855
20701072,2008-03-27 22:30:00,,Arbitrage,Moneyline,900.0,-600.0,true,0.04285714285714293,0.04285714285714293
20701072,2008-03-27 22:30:00,,Arbitrage,Moneyline,900.0,-600.0,true,0.04285714285714293,0.04285714285714293
20701072,2008-03-27 22:30:00,,Arbitrage,Moneyline,800.0,-600.0,true,0.031746031746031855,0.031746031746031855
20701072,2008-03-27 22:30:00,,Arbitrage,Moneyline,800.0,-600.0,true,0.031746031746031855,0.031746031746031855
20701072,2008-03-27 22:30:00,,Arbitrage,Moneyline,-600.0,800.0,true,0.031746031746031855,0.031746031746031855
20701072,2008-03-27 22:30:00,,Arbitrage,Moneyline,800.0,-600.0,true,0.031746031746031855,0.031746031746031855
20701076,2008-03-28 19:30:00,,Arbitrage,Moneyline,-271.0,280.0,true,0.006383884238899018,0.006383884238899018
20701076,2008-03-28 19:30:00,,Arbitrage,Moneyline,-271.0,280.0,true,0.006383884238899018,0.006383884238899018
20701026,2008-03-21 22:00:00,,Arbitrage,Moneyline,900.0,-825.0,true,0.008108108108108025,0.008108108108108025
20701028,2008-03-21 22:30:00,,Arbitrage,Moneyline,-163.0,170.0,true,0.009857766511758959,0.009857766511758959
20701028,2008-03-21 22:30:00,,Arbitrage,Moneyline,-163.0,170.0,true,0.009857766511758959,0.009857766511758959
20701028,2008-03-21 22:30:00,,Arbitrage,Moneyline,-165.0,170.0,true,0.006988120195667302,0.006988120195667302
20701028,2008-03-21 22:30:00,,Arbitrage,Moneyline,-165.0,170.0,true,0.006988120195667302,0.006988120195667302
20701021,2008-03-21 19:30:00,,Arbitrage,Moneyline,178.0,-175.0,true,0.003924133420536324,0.003924133420536324
21701000,2018-03-11 21:00:00,,Arbitrage,Moneyline,-130.0,135.0,true,0.009250693802035137,0.009250693802035137
21701004,2018-03-12 22:30:00,,Arbitrage,Moneyline,-223.0,240.0,true,0.015479876160990669,0.015479876160990669
21701004,2018-03-12 22:30:00,,Arbitrage,Moneyline,-220.0,240.0,true,0.018382352941176405,0.018382352941176405
20701010,2008-03-19 19:30:00,,Arbitrage,Moneyline,-108.0,120.0,true,0.02622377622377625,0.02622377622377625
20701010,2008-03-19 19:30:00,,Arbitrage,Moneyline,-108.0,120.0,true,0.02622377622377625,0.02622377622377625
20701010,2008-03-19 19:30:00,,Arbitrage,Moneyline,-110.0,120.0,true,0.02164502164502169,0.02164502164502169
20701010,2008-03-19 19:30:00,,Arbitrage,Moneyline,-110.0,120.0,true,0.02164502164502169,0.02164502164502169
20701010,2008-03-19 19:30:00,,Arbitrage,Moneyline,-110.0,120.0,true,0.02164502164502169,0.02164502164502169
20701010,2008-03-19 19:30:00,,Arbitrage,Moneyline,-110.0,120.0,true,0.02164502164502169,0.02164502164502169
20701047,2008-03-24 19:30:00,,Arbitrage,Moneyline,-107.0,120.0,true,0.028546332894159088,0.028546332894159088
20701047,2008-03-24 19:30:00,,Arbitrage,Moneyline,-107.0,120.0,true,0.028546332894159088,0.028546332894159088
20701047,2008-03-24 19:30:00,,Arbitrage,Moneyline,-115.0,120.0,true,0.010570824524312794,0.010570824524312794
20701047,2008-03-24 19:30:00,,Arbitrage,Moneyline,-115.0,120.0,true,0.010570824524312794,0.010570824524312794
20701047,2008-03-24 19:30:00,,Arbitrage,Moneyline,-110.0,120.0,true,0.02164502164502169,0.02164502164502169
20701047,2008-03-24 19:30:00,,Arbitrage,Moneyline,-110.0,120.0,true,0.02164502164502169,0.02164502164502169
20701036,2008-03-22 20:30:00,,Arbitrage,Moneyline,-172.0,180.0,true,0.010504201680672232,0.010504201680672232
20701036,2008-03-22 20:30:00,,Arbitrage,Moneyline,-172.0,175.0,true,0.004010695187165791,0.004010695187165791
20701036,2008-03-22 20:30:00,,Arbitrage,Moneyline,-172.0,175.0,true,0.004010695187165791,0.004010695187165791
20701035,2008-03-22 20:30:00,,Arbitrage,Moneyline,265.0,-250.0,true,0.011741682974559686,0.011741682974559686
20701032,2008-03-22 20:00:00,,Arbitrage,Moneyline,105.0,105.0,true,0.024390243902438935,0.024390243902438935
20701032,2008-03-22 20:00:00,,Arbitrage,Moneyline,105.0,125.0,true,0.0677506775067751,0.0677506775067751
20701032,2008-03-22 20:00:00,,Arbitrage,Moneyline,105.0,125.0,true,0.0677506775067751,0.0677506775067751
20701032,2008-03-22 20:00:00,,Arbitrage,Moneyline,105.0,100.0,true,0.012195121951219523,0.012195121951219523
20701032,2008-03-22 20:00:00,,Arbitrage,Moneyline,125.0,100.0,true,0.05555555555555558,0.05555555555555558
20701032,2008-03-22 20:00:00,,Arbitrage,Moneyline,100.0,125.0,true,0.05555555555555558,0.05555555555555558
20701031,2008-03-22 19:00:00,,Arbitrage,Moneyline,-108.0,115.0,true,0.015652951699463458,0.015652951699463458
20701031,2008-03-22 19:00:00,,Arbitrage,Moneyline,115.0,100.0,true,0.03488372093023262,0.03488372093023262
20701031,2008-03-22 19:00:00,,Arbitrage,Moneyline,115.0,-110.0,true,0.011074197120708673,0.011074197120708673
20701031,2008-03-22 19:00:00,,Arbitrage,Moneyline,115.0,-110.0,true,0.011074197120708673,0.011074197120708673
20701004,2008-03-18 22:00:00,,Arbitrage,Moneyline,-133.0,135.0,true,0.003652634462606219,0.003652634462606219
20701004,2008-03-18 22:00:00,,Arbitrage,Moneyline,-130.0,135.0,true,0.009250693802035137,0.009250693802035137
21100105,2012-01-06 20:00:00,,Arbitrage,Moneyline,534.0,-470.0,true,0.017709889866622475,0.017709889866622475
21100105,2012-01-06 20:00:00,,Arbitrage,Moneyline,500.0,-470.0,true,0.008771929824561542,0.008771929824561542
21100105,2012-01-06 20:00:00,,Arbitrage,Moneyline,500.0,-470.0,true,0.008771929824561542,0.008771929824561542
21100105,2012-01-06 20:00:00,,Arbitrage,Moneyline,560.0,-470.0,true,0.02392344497607668,0.02392344497607668
21100105,2012-01-06 20:00:00,,Arbitrage,Moneyline,-470.0,500.0,true,0.008771929824561542,0.008771929824561542
21100105,2012-01-06 20:00:00,,Arbitrage,Moneyline,-470.0,500.0,true,0.008771929824561542,0.008771929824561542
21100105,2012-01-06 20:00:00,,Arbitrage,Moneyline,-470.0,500.0,true,0.008771929824561542,0.008771929824561542
21100105,2012-01-06 20:00:00,,Arbitrage,Moneyline,-470.0,560.0,true,0.02392344497607668,0.02392344497607668
21100107,2012-01-06 21:00:00,,Arbitrage,Moneyline,110.0,100.0,true,0.023809523809523836,0.023809523809523836
21100107,2012-01-06 21:00:00,,Arbitrage,Moneyline,110.0,100.0,true,0.023809523809523836,0.023809523809523836
21100107,2012-01-06 21:00:00,,Arbitrage,Moneyline,111.0,100.0,true,0.026066350710900466,0.026066350710900466
21100107,2012-01-06 21:00:00,,Arbitrage,Moneyline,111.0,100.0,true,0.026066350710900466,0.026066350710900466
21100107,2012-01-06 21:00:00,,Arbitrage,Moneyline,105.0,100.0,true,0.012195121951219523,0.012195121951219523
21100107,2012-01-06 21:00:00,,Arbitrage,Moneyline,105.0,100.0,true,0.012195121951219523,0.012195121951219523
21100103,2012-01-06 20:00:00,,Arbitrage,Moneyline,111.0,-110.0,true,0.0022568269013767406,0.0022568269013767406
21100103,2012-01-06 20:00:00,,Arbitrage,Moneyline,115.0,-110.0,true,0.011074197120708673,0.011074197120708673
21100103,2012-01-06 20:00:00,,Arbitrage,Moneyline,115.0,-110.0,true,0.011074197120708673,0.011074197120708673
21100103,2012-01-06 20:00:00,,Arbitrage,Moneyline,-110.0,115.0,true,0.011074197120708673,0.011074197120708673
21100104,2012-01-06 20:00:00,,Arbitrage,Moneyline,255.0,-250.0,true,0.004024144869215318,0.004024144869215318
21100146,2012-01-11 20:00:00,,Arbitrage,Moneyline,-175.0,180.0,true,0.006493506493506551,0.006493506493506551
21100146,2012-01-11 20:00:00,,Arbitrage,Moneyline,-175.0,180.0,true,0.006493506493506551,0.006493506493506551
21100112,2012-01-07 19:30:00,,Arbitrage,Moneyline,425.0,-420.0,true,0.001831501831501825,0.001831501831501825
21100113,2012-01-07 19:30:00,,Arbitrage,Moneyline,-170.0,175.0,true,0.006734006734006814,0.006734006734006814
21100176,2012-01-14 20:00:00,,Arbitrage,Moneyline,100.0,105.0,true,0.012195121951219523,0.012195121951219523
21100176,2012-01-14 20:00:00,,Arbitrage,Moneyline,100.0,105.0,true,0.012195121951219523,0.012195121951219523
21400035,2014-11-01 20:00:00,,Arbitrage,Moneyline,-125.0,130.0,true,0.009661835748792202,0.009661835748792202
21400035,2014-11-01 20:00:00,,Arbitrage,Moneyline,-125.0,130.0,true,0.009661835748792202,0.009661835748792202
21100162,2012-01-13 20:00:00,,Arbitrage,Moneyline,-101.0,105.0,true,0.009707559762164752,0.009707559762164752
20700085,2007-11-10 22:00:00,,Arbitrage,Moneyline,-325.0,330.0,true,0.002735978112175186,0.002735978112175186
20700042,2007-11-04 21:30:00,,Arbitrage,Moneyline,-105.0,110.0,true,0.011614401858304313,0.011614401858304313
20700042,2007-11-04 21:30:00,,Arbitrage,Moneyline,-105.0,110.0,true,0.011614401858304313,0.011614401858304313
20700074,2007-11-09 20:30:00,,Arbitrage,Moneyline,-415.0,425.0,true,0.003698566805362846,0.003698566805362846
20700067,2007-11-09 19:00:00,,Arbitrage,Moneyline,125.0,-123.0,true,0.003986048829098143,0.003986048829098143
20701207,2008-04-14 20:00:00,,Arbitrage,Moneyline,101.0,125.0,true,0.05804311774461024,0.05804311774461024
20701207,2008-04-14 20:00:00,,Arbitrage,Moneyline,101.0,125.0,true,0.05804311774461024,0.05804311774461024
20701207,2008-04-14 20:00:00,,Arbitrage,Moneyline,105.0,125.0,true,0.0677506775067751,0.0677506775067751
20701207,2008-04-14 20:00:00,,Arbitrage,Moneyline,105.0,125.0,true,0.0677506775067751,0.0677506775067751
20701207,2008-04-14 20:00:00,,Arbitrage,Moneyline,-105.0,125.0,true,0.04336043360433606,0.04336043360433606
20701207,2008-04-14 20:00:00,,Arbitrage,Moneyline,-105.0,125.0,true,0.04336043360433606,0.04336043360433606
20701207,2008-04-14 20:00:00,,Arbitrage,Moneyline,125.0,-105.0,true,0.04336043360433606,0.04336043360433606
20701207,2008-04-14 20:00:00,,Arbitrage,Moneyline,-105.0,125.0,true,0.04336043360433606,0.04336043360433606
20701206,2008-04-14 19:30:00,,Arbitrage,Moneyline,-176.0,250.0,true,0.0766045548654245,0.0766045548654245
20701206,2008-04-14 19:30:00,,Arbitrage,Moneyline,-176.0,250.0,true,0.0766045548654245,0.0766045548654245
20701206,2008-04-14 19:30:00,,Arbitrage,Moneyline,-174.0,250.0,true,0.07924921793534934,0.07924921793534934
20701206,2008-04-14 19:30:00,,Arbitrage,Moneyline,-174.0,250.0,true,0.07924921793534934,0.07924921793534934
20701206,2008-04-14 19:30:00,,Arbitrage,Moneyline,-175.0,250.0,true,0.07792207792207795,0.07792207792207795
20701206,2008-04-14 19:30:00,,Arbitrage,Moneyline,-175.0,250.0,true,0.07792207792207795,0.07792207792207795
20701206,2008-04-14 19:30:00,,Arbitrage,Moneyline,250.0,-180.0,true,0.07142857142857151,0.07142857142857151
20701206,2008-04-14 19:30:00,,Arbitrage,Moneyline,250.0,-175.0,true,0.07792207792207795,0.07792207792207795
20701206,2008-04-14 19:30:00,,Arbitrage,Moneyline,-180.0,250.0,true,0.07142857142857151,0.07142857142857151
20701206,2008-04-14 19:30:00,,Arbitrage,Moneyline,-175.0,250.0,true,0.07792207792207795,0.07792207792207795
20701205,2008-04-14 19:00:00,,Arbitrage,Moneyline,-151.0,170.0,true,0.02803600413162166,0.02803600413162166
20701205,2008-04-14 19:00:00,,Arbitrage,Moneyline,-151.0,160.0,true,0.01379098988660743,0.01379098988660743
20701205,2008-04-14 19:00:00,,Arbitrage,Moneyline,-151.0,170.0,true,0.02803600413162166,0.02803600413162166
20701205,2008-04-14 19:00:00,,Arbitrage,Moneyline,-150.0,170.0,true,0.02962962962962956,0.02962962962962956
20701205,2008-04-14 19:00:00,,Arbitrage,Moneyline,-150.0,160.0,true,0.01538461538461533,0.01538461538461533
20701205,2008-04-14 19:00:00,,Arbitrage,Moneyline,-150.0,170.0,true,0.02962962962962956,0.02962962962962956
20701205,2008-04-14 19:00:00,,Arbitrage,Moneyline,-150.0,170.0,true,0.02962962962962956,0.02962962962962956
20701205,2008-04-14 19:00:00,,Arbitrage,Moneyline,-150.0,160.0,true,0.01538461538461533,0.01538461538461533
20701205,2008-04-14 19:00:00,,Arbitrage,Moneyline,-150.0,170.0,true,0.02962962962962956,0.02962962962962956
20701205,2008-04-14 19:00:00,,Arbitrage,Moneyline,170.0,-145.0,true,0.03779289493575211,0.03779289493575211
20701205,2008-04-14 19:00:00,,Arbitrage,Moneyline,160.0,-145.0,true,0.023547880690737877,0.023547880690737877
20701205,2008-04-14 19:00:00,,Arbitrage,Moneyline,-145.0,170.0,true,0.03779289493575211,0.03779289493575211
21100226,2012-01-20 22:30:00,,Arbitrage,Moneyline,102.0,100.0,true,0.004950495049504955,0.004950495049504955
21100226,2012-01-20 22:30:00,,Arbitrage,Moneyline,102.0,100.0,true,0.004950495049504955,0.004950495049504955
21100226,2012-01-20 22:30:00,,Arbitrage,Moneyline,102.0,100.0,true,0.004950495049504955,0.004950495049504955
21100226,2012-01-20 22:30:00,,Arbitrage,Moneyline,102.0,100.0,true,0.004950495049504955,0.004950495049504955
21100226,2012-01-20 22:30:00,,Arbitrage,Moneyline,100.0,105.0,true,0.012195121951219523,0.012195121951219523
21100226,2012-01-20 22:30:00,,Arbitrage,Moneyline,105.0,100.0,true,0.012195121951219523,0.012195121951219523
21100226,2012-01-20 22:30:00,,Arbitrage,Moneyline,105.0,100.0,true,0.012195121951219523,0.012195121951219523
21100226,2012-01-20 22:30:00,,Arbitrage,Moneyline,105.0,100.0,true,0.012195121951219523,0.012195121951219523
21500938,2016-03-07 19:00:00,,Arbitrage,Moneyline,1581.0,-1300.0,true,0.011940171666525057,0.011940171666525057
21500938,2016-03-07 19:00:00,,Arbitrage,Moneyline,1581.0,-1300.0,true,0.011940171666525057,0.011940171666525057
21500938,2016-03-07 19:00:00,,Arbitrage,Moneyline,1500.0,-1300.0,true,0.008928571428571397,0.008928571428571397
21500938,2016-03-07 19:00:00,,Arbitrage,Moneyline,1500.0,-1300.0,true,0.008928571428571397,0.008928571428571397
21500938,2016-03-07 19:00:00,,Arbitrage,Moneyline,-1300.0,1350.0,true,0.0024630541871920597,0.0024630541871920597
21500938,2016-03-07 19:00:00,,Arbitrage,Moneyline,1350.0,-1300.0,true,0.0024630541871920597,0.0024630541871920597
21401139,2015-04-04 19:30:00,,Arbitrage,Moneyline,165.0,-160.0,true,0.007256894049346818,0.007256894049346818
21401139,2015-04-04 19:30:00,,Arbitrage,Moneyline,175.0,-160.0,true,0.020979020979020935,0.020979020979020935
21401139,2015-04-04 19:30:00,,Arbitrage,Moneyline,-160.0,165.0,true,0.007256894049346818,0.007256894049346818
21401139,2015-04-04 19:30:00,,Arbitrage,Moneyline,-160.0,174.0,true,0.019651880965749546,0.019651880965749546
21100268,2012-01-25 22:30:00,,Arbitrage,Moneyline,-161.0,165.0,true,0.005783271886069419,0.005783271886069419
21401140,2015-04-04 19:30:00,,Arbitrage,Moneyline,-125.0,135.0,true,0.01891252955082745,0.01891252955082745
21401140,2015-04-04 19:30:00,,Arbitrage,Moneyline,-125.0,135.0,true,0.01891252955082745,0.01891252955082745
21401140,2015-04-04 19:30:00,,Arbitrage,Moneyline,135.0,-130.0,true,0.009250693802035137,0.009250693802035137
21401140,2015-04-04 19:30:00,,Arbitrage,Moneyline,135.0,-130.0,true,0.009250693802035137,0.009250693802035137
21401140,2015-04-04 19:30:00,,Arbitrage,Moneyline,135.0,-130.0,true,0.009250693802035137,0.009250693802035137
21401140,2015-04-04 19:30:00,,Arbitrage,Moneyline,135.0,-130.0,true,0.009250693802035137,0.009250693802035137
21401143,2015-04-04 20:30:00,,Arbitrage,Moneyline,370.0,-365.0,true,0.0022878059940517614,0.0022878059940517614
21401143,2015-04-04 20:30:00,,Arbitrage,Moneyline,370.0,-365.0,true,0.0022878059940517614,0.0022878059940517614
21401143,2015-04-04 20:30:00,,Arbitrage,Moneyline,405.0,-365.0,true,0.017033961460662272,0.017033961460662272
21401143,2015-04-04 20:30:00,,Arbitrage,Moneyline,-365.0,380.0,true,0.006720430107526876,0.006720430107526876
21401143,2015-04-04 20:30:00,,Arbitrage,Moneyline,-365.0,405.0,true,0.017033961460662272,0.017033961460662272
21401145,2015-04-04 22:00:00,,Arbitrage,Moneyline,112.0,-105.0,true,0.016106764841233412,0.016106764841233412
21401145,2015-04-04 22:00:00,,Arbitrage,Moneyline,-105.0,110.0,true,0.011614401858304313,0.011614401858304313
21401151,2015-04-05 19:30:00,,Arbitrage,Moneyline,104.0,100.0,true,0.009803921568627416,0.009803921568627416
21401155,2015-04-07 19:30:00,,Arbitrage,Moneyline,-250.0,255.0,true,0.004024144869215318,0.004024144869215318
21401155,2015-04-07 19:30:00,,Arbitrage,Moneyline,-250.0,255.0,true,0.004024144869215318,0.004024144869215318
21500956,2016-03-09 21:00:00,,Arbitrage,Moneyline,-111.0,115.0,true,0.008817370219332155,0.008817370219332155
21500956,2016-03-09 21:00:00,,Arbitrage,Moneyline,-111.0,115.0,true,0.008817370219332155,0.008817370219332155
21100261,2012-01-25 20:00:00,,Arbitrage,Moneyline,726.0,-405.0,true,0.0769544266775345,0.0769544266775345
21100261,2012-01-25 20:00:00,,Arbitrage,Moneyline,726.0,-450.0,true,0.0607528065155184,0.0607528065155184
21100261,2012-01-25 20:00:00,,Arbitrage,Moneyline,726.0,-400.0,true,0.07893462469733648,0.07893462469733648
21100261,2012-01-25 20:00:00,,Arbitrage,Moneyline,726.0,-400.0,true,0.07893462469733648,0.07893462469733648
21100261,2012-01-25 20:00:00,,Arbitrage,Moneyline,726.0,-435.0,true,0.06585051254780372,0.06585051254780372
21100261,2012-01-25 20:00:00,,Arbitrage,Moneyline,726.0,-400.0,true,0.07893462469733648,0.07893462469733648
21100261,2012-01-25 20:00:00,,Arbitrage,Moneyline,726.0,-400.0,true,0.07893462469733648,0.07893462469733648
21100261,2012-01-25 20:00:00,,Arbitrage,Moneyline,726.0,-400.0,true,0.07893462469733648,0.07893462469733648
21100261,2012-01-25 20:00:00,,Arbitrage,Moneyline,726.0,-400.0,true,0.07893462469733648,0.07893462469733648
21500980,2016-03-12 21:30:00,,Arbitrage,Moneyline,104.0,105.0,true,0.02199904351984694,0.02199904351984694
21500980,2016-03-12 21:30:00,,Arbitrage,Moneyline,-102.0,105.0,true,0.007244626901714568,0.007244626901714568
21500980,2016-03-12 21:30:00,,Arbitrage,Moneyline,105.0,105.0,true,0.024390243902438935,0.024390243902438935
21500980,2016-03-12 21:30:00,,Arbitrage,Moneyline,105.0,105.0,true,0.024390243902438935,0.024390243902438935
21500980,2016-03-12 21:30:00,,Arbitrage,Moneyline,105.0,105.0,true,0.024390243902438935,0.024390243902438935
21500980,2016-03-12 21:30:00,,Arbitrage,Moneyline,105.0,105.0,true,0.024390243902438935,0.024390243902438935
21100243,2012-01-23 19:30:00,,Arbitrage,Moneyline,277.0,-255.0,true,0.01643815145514993,0.01643815145514993
21100243,2012-01-23 19:30:00,,Arbitrage,Moneyline,277.0,-270.0,true,0.005018280880349724,0.005018280880349724
21100243,2012-01-23 19:30:00,,Arbitrage,Moneyline,260.0,-255.0,true,0.00391236306729259,0.00391236306729259
21100243,2012-01-23 19:30:00,,Arbitrage,Moneyline,275.0,-255.0,true,0.015023474178403662,0.015023474178403662
21100243,2012-01-23 19:30:00,,Arbitrage,Moneyline,275.0,-270.0,true,0.003603603603603567,0.003603603603603567
21100243,2012-01-23 19:30:00,,Arbitrage,Moneyline,260.0,-255.0,true,0.00391236306729259,0.00391236306729259
20800977,2009-03-13 22:00:00,,Arbitrage,Moneyline,-366.0,420.0,true,0.022284582370419304,0.022284582370419304
20800977,2009-03-13 22:00:00,,Arbitrage,Moneyline,-366.0,395.0,true,0.012572072657909605,0.012572072657909605
20800977,2009-03-13 22:00:00,,Arbitrage,Moneyline,-366.0,400.0,true,0.014592274678111528,0.014592274678111528
20800977,2009-03-13 22:00:00,,Arbitrage,Moneyline,-366.0,375.0,true,0.004065958888637922,0.004065958888637922
20800977,2009-03-13 22:00:00,,Arbitrage,Moneyline,-366.0,450.0,true,0.032774092859929826,0.032774092859929826
20800977,2009-03-13 22:00:00,,Arbitrage,Moneyline,-366.0,400.0,true,0.014592274678111528,0.014592274678111528
20800969,2009-03-13 19:00:00,,Arbitrage,Moneyline,-142.0,145.0,true,0.0050598751897452665,0.0050598751897452665
20800969,2009-03-13 19:00:00,,Arbitrage,Moneyline,-142.0,145.0,true,0.0050598751897452665,0.0050598751897452665
20800969,2009-03-13 19:00:00,,Arbitrage,Moneyline,-142.0,145.0,true,0.0050598751897452665,0.0050598751897452665
20800969,2009-03-13 19:00:00,,Arbitrage,Moneyline,-142.0,145.0,true,0.0050598751897452665,0.0050598751897452665
21401204,2015-04-13 19:00:00,,Arbitrage,Moneyline,161.0,-160.0,true,0.0014736221632773994,0.0014736221632773994
21401204,2015-04-13 19:00:00,,Arbitrage,Moneyline,161.0,-160.0,true,0.0014736221632773994,0.0014736221632773994
21401204,2015-04-13 19:00:00,,Arbitrage,Moneyline,-160.0,161.0,true,0.0014736221632773994,0.0014736221632773994
21401204,2015-04-13 19:00:00,,Arbitrage,Moneyline,-160.0,161.0,true,0.0014736221632773994,0.0014736221632773994
20800990,2009-03-15 12:30:00,,Arbitrage,Moneyline,-136.0,137.0,true,0.001787885289279867,0.001787885289279867
20800994,2009-03-15 21:00:00,,Arbitrage,Moneyline,-119.0,120.0,true,0.0020755500207556565,0.0020755500207556565
20800994,2009-03-15 21:00:00,,Arbitrage,Moneyline,-119.0,120.0,true,0.0020755500207556565,0.0020755500207556565
20800994,2009-03-15 21:00:00,,Arbitrage,Moneyline,-117.0,120.0,true,0.006284038542103021,0.006284038542103021
20800994,2009-03-15 21:00:00,,Arbitrage,Moneyline,-117.0,120.0,true,0.006284038542103021,0.006284038542103021
20800995,2009-03-15 21:30:00,,Arbitrage,Moneyline,123.0,-120.0,true,0.006114961271912023,0.006114961271912023
20800936,2009-03-08 13:00:00,,Arbitrage,Moneyline,-123.0,125.0,true,0.003986048829098143,0.003986048829098143
20701214,2008-04-15 20:00:00,,Arbitrage,Moneyline,1300.0,-800.0,true,0.039682539682539764,0.039682539682539764
20701214,2008-04-15 20:00:00,,Arbitrage,Moneyline,1450.0,-800.0,true,0.04659498207885315,0.04659498207885315
20701214,2008-04-15 20:00:00,,Arbitrage,Moneyline,1500.0,-800.0,true,0.04861111111111116,0.04861111111111116
20701212,2008-04-15 19:30:00,,Arbitrage,Moneyline,-151.0,155.0,true,0.006249511756893922,0.006249511756893922
20701212,2008-04-15 19:30:00,,Arbitrage,Moneyline,-151.0,155.0,true,0.006249511756893922,0.006249511756893922
20701211,2008-04-15 19:00:00,,Arbitrage,Moneyline,-133.0,135.0,true,0.003652634462606219,0.003652634462606219
20701211,2008-04-15 19:00:00,,Arbitrage,Moneyline,-133.0,135.0,true,0.003652634462606219,0.003652634462606219
20701217,2008-04-16 19:00:00,,Arbitrage,Moneyline,101.0,101.0,true,0.004975124378109319,0.004975124378109319
20701217,2008-04-16 19:00:00,,Arbitrage,Moneyline,101.0,100.0,true,0.0024875621890546595,0.0024875621890546595
20701217,2008-04-16 19:00:00,,Arbitrage,Moneyline,101.0,103.0,true,0.00987672475063106,0.00987672475063106
20701210,2008-04-14 22:00:00,,Arbitrage,Moneyline,-270.0,280.0,true,0.007112375533428139,0.007112375533428139
20701210,2008-04-14 22:00:00,,Arbitrage,Moneyline,-275.0,280.0,true,0.0035087719298245723,0.0035087719298245723
20701210,2008-04-14 22:00:00,,Arbitrage,Moneyline,280.0,-275.0,true,0.0035087719298245723,0.0035087719298245723
20800929,2009-03-07 19:30:00,,Arbitrage,Moneyline,-149.0,150.0,true,0.0016064257028112205,0.0016064257028112205
20800921,2009-03-06 20:00:00,,Arbitrage,Moneyline,609.0,-550.0,true,0.012802430291852018,0.012802430291852018
20800921,2009-03-06 20:00:00,,Arbitrage,Moneyline,609.0,-550.0,true,0.012802430291852018,0.012802430291852018
20800908,2009-03-04 19:30:00,,Arbitrage,Moneyline,130.0,-115.0,true,0.030333670374115163,0.030333670374115163
20800908,2009-03-04 19:30:00,,Arbitrage,Moneyline,120.0,-115.0,true,0.010570824524312794,0.010570824524312794
20800908,2009-03-04 19:30:00,,Arbitrage,Moneyline,-115.0,120.0,true,0.010570824524312794,0.010570824524312794
41500143,2016-04-21 21:30:00,,Arbitrage,Moneyline,197.0,-155.0,true,0.055456526044761256,0.055456526044761256
41500143,2016-04-21 21:30:00,,Arbitrage,Moneyline,197.0,-165.0,true,0.04065815386570093,0.04065815386570093
41500143,2016-04-21 21:30:00,,Arbitrage,Moneyline,197.0,-165.0,true,0.04065815386570093,0.04065815386570093
41500143,2016-04-21 21:30:00,,Arbitrage,Moneyline,197.0,-175.0,true,0.026936026936026924,0.026936026936026924
41500143,2016-04-21 21:30:00,,Arbitrage,Moneyline,197.0,-165.0,true,0.04065815386570093,0.04065815386570093
41500143,2016-04-21 21:30:00,,Arbitrage,Moneyline,197.0,-165.0,true,0.04065815386570093,0.04065815386570093
41500143,2016-04-21 21:30:00,,Arbitrage,Moneyline,197.0,-175.0,true,0.026936026936026924,0.026936026936026924
41500143,2016-04-21 21:30:00,,Arbitrage,Moneyline,197.0,-165.0,true,0.04065815386570093,0.04065815386570093
41500143,2016-04-21 21:30:00,,Arbitrage,Moneyline,197.0,-165.0,true,0.04065815386570093,0.04065815386570093
21100344,2012-02-04 19:00:00,,Arbitrage,Moneyline,-190.0,195.0,true,0.005844535359438852,0.005844535359438852
21100346,2012-02-04 19:30:00,,Arbitrage,Moneyline,101.0,110.0,true,0.026297085998578495,0.026297085998578495
21100346,2012-02-04 19:30:00,,Arbitrage,Moneyline,101.0,110.0,true,0.026297085998578495,0.026297085998578495
21100346,2012-02-04 19:30:00,,Arbitrage,Moneyline,105.0,110.0,true,0.03600464576074325,0.03600464576074325
21100346,2012-02-04 19:30:00,,Arbitrage,Moneyline,105.0,110.0,true,0.03600464576074325,0.03600464576074325
21100346,2012-02-04 19:30:00,,Arbitrage,Moneyline,105.0,110.0,true,0.03600464576074325,0.03600464576074325
21100346,2012-02-04 19:30:00,,Arbitrage,Moneyline,105.0,110.0,true,0.03600464576074325,0.03600464576074325
21100346,2012-02-04 19:30:00,,Arbitrage,Moneyline,-105.0,110.0,true,0.011614401858304313,0.011614401858304313
21100346,2012-02-04 19:30:00,,Arbitrage,Moneyline,-105.0,110.0,true,0.011614401858304313,0.011614401858304313
21100346,2012-02-04 19:30:00,,Arbitrage,Moneyline,110.0,100.0,true,0.023809523809523836,0.023809523809523836
21100346,2012-02-04 19:30:00,,Arbitrage,Moneyline,110.0,100.0,true,0.023809523809523836,0.023809523809523836
21100346,2012-02-04 19:30:00,,Arbitrage,Moneyline,110.0,-105.0,true,0.011614401858304313,0.011614401858304313
21100346,2012-02-04 19:30:00,,Arbitrage,Moneyline,110.0,100.0,true,0.023809523809523836,0.023809523809523836
21100346,2012-02-04 19:30:00,,Arbitrage,Moneyline,110.0,100.0,true,0.023809523809523836,0.023809523809523836
21100346,2012-02-04 19:30:00,,Arbitrage,Moneyline,110.0,-105.0,true,0.011614401858304313,0.011614401858304313
21100340,2012-02-03 20:30:00,,Arbitrage,Moneyline,180.0,-175.0,true,0.006493506493506551,0.006493506493506551
21100340,2012-02-03 20:30:00,,Arbitrage,Moneyline,-175.0,185.0,true,0.012759170653907526,0.012759170653907526
20800446,2008-12-28 19:00:00,,Arbitrage,Moneyline,625.0,-600.0,true,0.0049261083743843415,0.0049261083743843415
20800446,2008-12-28 19:00:00,,Arbitrage,Moneyline,625.0,-600.0,true,0.0049261083743843415,0.0049261083743843415
20800446,2008-12-28 19:00:00,,Arbitrage,Moneyline,625.0,-600.0,true,0.0049261083743843415,0.0049261083743843415
20800446,2008-12-28 19:00:00,,Arbitrage,Moneyline,625.0,-600.0,true,0.0049261083743843415,0.0049261083743843415
20800435,2008-12-26 22:30:00,,Arbitrage,Moneyline,700.0,-600.0,true,0.017857142857142905,0.017857142857142905
20800435,2008-12-26 22:30:00,,Arbitrage,Moneyline,700.0,-600.0,true,0.017857142857142905,0.017857142857142905
20800435,2008-12-26 22:30:00,,Arbitrage,Moneyline,625.0,-600.0,true,0.0049261083743843415,0.0049261083743843415
20800435,2008-12-26 22:30:00,,Arbitrage,Moneyline,625.0,-600.0,true,0.0049261083743843415,0.0049261083743843415
20800435,2008-12-26 22:30:00,,Arbitrage,Moneyline,675.0,-600.0,true,0.01382488479262678,0.01382488479262678
20800435,2008-12-26 22:30:00,,Arbitrage,Moneyline,675.0,-600.0,true,0.01382488479262678,0.01382488479262678
20800438,2008-12-27 19:00:00,,Arbitrage,Moneyline,-210.0,215.0,true,0.0051203277009729264,0.0051203277009729264
20800438,2008-12-27 19:00:00,,Arbitrage,Moneyline,-210.0,215.0,true,0.0051203277009729264,0.0051203277009729264
21400179,2014-11-21 20:00:00,,Arbitrage,Moneyline,-106.0,107.0,true,0.00234510576427005,0.00234510576427005
21400179,2014-11-21 20:00:00,,Arbitrage,Moneyline,-106.0,110.0,true,0.009246417013407338,0.009246417013407338
21100377,2012-02-08 19:00:00,,Arbitrage,Moneyline,289.0,-260.0,true,0.020708369037417906,0.020708369037417906
21100377,2012-02-08 19:00:00,,Arbitrage,Moneyline,285.0,-260.0,true,0.018037518037518074,0.018037518037518074
21100377,2012-02-08 19:00:00,,Arbitrage,Moneyline,290.0,-260.0,true,0.02136752136752129,0.02136752136752129
21100377,2012-02-08 19:00:00,,Arbitrage,Moneyline,280.0,-260.0,true,0.014619883040935644,0.014619883040935644
21100377,2012-02-08 19:00:00,,Arbitrage,Moneyline,-260.0,270.0,true,0.007507507507507505,0.007507507507507505
21100377,2012-02-08 19:00:00,,Arbitrage,Moneyline,-260.0,265.0,true,0.003805175038051778,0.003805175038051778
21100377,2012-02-08 19:00:00,,Arbitrage,Moneyline,-260.0,280.0,true,0.014619883040935644,0.014619883040935644
20800498,2009-01-04 16:00:00,,Arbitrage,Moneyline,-230.0,240.0,true,0.008912655971479388,0.008912655971479388
20800498,2009-01-04 16:00:00,,Arbitrage,Moneyline,-230.0,240.0,true,0.008912655971479388,0.008912655971479388
20800498,2009-01-04 16:00:00,,Arbitrage,Moneyline,-230.0,235.0,true,0.0045228403437358455,0.0045228403437358455
20800498,2009-01-04 16:00:00,,Arbitrage,Moneyline,-235.0,240.0,true,0.004389815627743543,0.004389815627743543
20800498,2009-01-04 16:00:00,,Arbitrage,Moneyline,-235.0,240.0,true,0.004389815627743543,0.004389815627743543
21100382,2012-02-08 21:00:00,,Arbitrage,Moneyline,102.0,100.0,true,0.004950495049504955,0.004950495049504955
21100382,2012-02-08 21:00:00,,Arbitrage,Moneyline,102.0,100.0,true,0.004950495049504955,0.004950495049504955
21100368,2012-02-07 19:30:00,,Arbitrage,Moneyline,1450.0,-1400.0,true,0.0021505376344086446,0.0021505376344086446
20800487,2009-01-02 22:30:00,,Arbitrage,Moneyline,525.0,-520.0,true,0.001290322580645098,0.001290322580645098
21100372,2012-02-07 22:30:00,,Arbitrage,Moneyline,-119.0,130.0,true,0.021838395870557914,0.021838395870557914
21100372,2012-02-07 22:30:00,,Arbitrage,Moneyline,-121.0,130.0,true,0.01770607908715316,0.01770607908715316
21100372,2012-02-07 22:30:00,,Arbitrage,Moneyline,130.0,-125.0,true,0.009661835748792202,0.009661835748792202
21400198,2014-11-24 19:00:00,,Arbitrage,Moneyline,-172.0,175.0,true,0.004010695187165791,0.004010695187165791
21400198,2014-11-24 19:00:00,,Arbitrage,Moneyline,175.0,-170.0,true,0.006734006734006814,0.006734006734006814
21400198,2014-11-24 19:00:00,,Arbitrage,Moneyline,175.0,-170.0,true,0.006734006734006814,0.006734006734006814
21100354,2012-02-04 22:00:00,,Arbitrage,Moneyline,260.0,-255.0,true,0.00391236306729259,0.00391236306729259
21100354,2012-02-04 22:00:00,,Arbitrage,Moneyline,260.0,-250.0,true,0.007936507936507908,0.007936507936507908
21400259,2014-12-02 21:00:00,,Arbitrage,Moneyline,-148.0,150.0,true,0.003225806451612856,0.003225806451612856
21400262,2014-12-02 22:30:00,,Arbitrage,Moneyline,1450.0,-1300.0,true,0.00691244239631339,0.00691244239631339
21400262,2014-12-02 22:30:00,,Arbitrage,Moneyline,1450.0,-1300.0,true,0.00691244239631339,0.00691244239631339
21400262,2014-12-02 22:30:00,,Arbitrage,Moneyline,1550.0,-1300.0,true,0.010822510822510845,0.010822510822510845
21400262,2014-12-02 22:30:00,,Arbitrage,Moneyline,1550.0,-1300.0,true,0.010822510822510845,0.010822510822510845
21400262,2014-12-02 22:30:00,,Arbitrage,Moneyline,-1300.0,1430.0,true,0.0060690943043884005,0.0060690943043884005
21400262,2014-12-02 22:30:00,,Arbitrage,Moneyline,1430.0,-1300.0,true,0.0060690943043884005,0.0060690943043884005
21400205,2014-11-25 19:00:00,,Arbitrage,Moneyline,-171.0,180.0,true,0.011860832894043272,0.011860832894043272
21400205,2014-11-25 19:00:00,,Arbitrage,Moneyline,-171.0,180.0,true,0.011860832894043272,0.011860832894043272
21400205,2014-11-25 19:00:00,,Arbitrage,Moneyline,-170.0,180.0,true,0.013227513227513255,0.013227513227513255
21400205,2014-11-25 19:00:00,,Arbitrage,Moneyline,-170.0,180.0,true,0.013227513227513255,0.013227513227513255
21400205,2014-11-25 19:00:00,,Arbitrage,Moneyline,-175.0,180.0,true,0.006493506493506551,0.006493506493506551
21400205,2014-11-25 19:00:00,,Arbitrage,Moneyline,-175.0,180.0,true,0.006493506493506551,0.006493506493506551
21400205,2014-11-25 19:00:00,,Arbitrage,Moneyline,180.0,-175.0,true,0.006493506493506551,0.006493506493506551
21400205,2014-11-25 19:00:00,,Arbitrage,Moneyline,180.0,-175.0,true,0.006493506493506551,0.006493506493506551
21400205,2014-11-25 19:00:00,,Arbitrage,Moneyline,-175.0,180.0,true,0.006493506493506551,0.006493506493506551
21400205,2014-11-25 19:00:00,,Arbitrage,Moneyline,-175.0,180.0,true,0.006493506493506551,0.006493506493506551
21400203,2014-11-24 20:30:00,,Arbitrage,Moneyline,1150.0,-1100.0,true,0.0033333333333332993,0.0033333333333332993
21400203,2014-11-24 20:30:00,,Arbitrage,Moneyline,1150.0,-1100.0,true,0.0033333333333332993,0.0033333333333332993
21400203,2014-11-24 20:30:00,,Arbitrage,Moneyline,-1100.0,1110.0,true,6.887052341597588E-4,6.887052341597588E-4
21400203,2014-11-24 20:30:00,,Arbitrage,Moneyline,1110.0,-1100.0,true,6.887052341597588E-4,6.887052341597588E-4
21400217,2014-11-26 20:00:00,,Arbitrage,Moneyline,180.0,-175.0,true,0.006493506493506551,0.006493506493506551
21400217,2014-11-26 20:00:00,,Arbitrage,Moneyline,-175.0,180.0,true,0.006493506493506551,0.006493506493506551
21400217,2014-11-26 20:00:00,,Arbitrage,Moneyline,-175.0,180.0,true,0.006493506493506551,0.006493506493506551
21400218,2014-11-26 20:00:00,,Arbitrage,Moneyline,-105.0,106.0,true,0.0023679848448969754,0.0023679848448969754
20800408,2008-12-22 22:30:00,,Arbitrage,Moneyline,103.0,110.0,true,0.031198686371100237,0.031198686371100237
20800408,2008-12-22 22:30:00,,Arbitrage,Moneyline,103.0,109.0,true,0.028920263040045247,0.028920263040045247
20800408,2008-12-22 22:30:00,,Arbitrage,Moneyline,103.0,100.0,true,0.007389162561576401,0.007389162561576401
20800408,2008-12-22 22:30:00,,Arbitrage,Moneyline,103.0,110.0,true,0.031198686371100237,0.031198686371100237
20800408,2008-12-22 22:30:00,,Arbitrage,Moneyline,105.0,110.0,true,0.03600464576074325,0.03600464576074325
20800408,2008-12-22 22:30:00,,Arbitrage,Moneyline,105.0,109.0,true,0.03372622242968837,0.03372622242968837
20800408,2008-12-22 22:30:00,,Arbitrage,Moneyline,105.0,100.0,true,0.012195121951219523,0.012195121951219523
20800408,2008-12-22 22:30:00,,Arbitrage,Moneyline,105.0,110.0,true,0.03600464576074325,0.03600464576074325
20800408,2008-12-22 22:30:00,,Arbitrage,Moneyline,100.0,110.0,true,0.023809523809523836,0.023809523809523836
20800408,2008-12-22 22:30:00,,Arbitrage,Moneyline,100.0,109.0,true,0.021531100478468845,0.021531100478468845
20800408,2008-12-22 22:30:00,,Arbitrage,Moneyline,100.0,110.0,true,0.023809523809523836,0.023809523809523836
41500131,2016-04-16 19:00:00,,Arbitrage,Moneyline,200.0,-190.0,true,0.011494252873563093,0.011494252873563093
41500131,2016-04-16 19:00:00,,Arbitrage,Moneyline,195.0,-190.0,true,0.005844535359438852,0.005844535359438852
41500131,2016-04-16 19:00:00,,Arbitrage,Moneyline,-190.0,195.0,true,0.005844535359438852,0.005844535359438852
41500102,2016-04-20 20:00:00,,Arbitrage,Moneyline,-600.0,615.0,true,0.0029970029970030065,0.0029970029970030065
21700186,2017-11-11 21:00:00,,Arbitrage,Moneyline,-400.0,410.0,true,0.0039215686274509665,0.0039215686274509665
21700186,2017-11-11 21:00:00,,Arbitrage,Moneyline,-400.0,420.0,true,0.007692307692307665,0.007692307692307665
20800342,2008-12-13 20:30:00,,Arbitrage,Moneyline,181.0,-180.0,true,0.0012709710218608006,0.0012709710218608006
20800342,2008-12-13 20:30:00,,Arbitrage,Moneyline,181.0,-175.0,true,0.00776447751536713,0.00776447751536713
20800342,2008-12-13 20:30:00,,Arbitrage,Moneyline,181.0,-175.0,true,0.00776447751536713,0.00776447751536713
20800342,2008-12-13 20:30:00,,Arbitrage,Moneyline,181.0,-175.0,true,0.00776447751536713,0.00776447751536713
20800342,2008-12-13 20:30:00,,Arbitrage,Moneyline,181.0,-175.0,true,0.00776447751536713,0.00776447751536713
20800342,2008-12-13 20:30:00,,Arbitrage,Moneyline,181.0,-177.0,true,0.005138944203913365,0.005138944203913365
20800342,2008-12-13 20:30:00,,Arbitrage,Moneyline,181.0,-175.0,true,0.00776447751536713,0.00776447751536713
20800321,2008-12-10 22:30:00,,Arbitrage,Moneyline,110.0,-109.0,true,0.0022784233310549906,0.0022784233310549906
20800321,2008-12-10 22:30:00,,Arbitrage,Moneyline,-109.0,110.0,true,0.0022784233310549906,0.0022784233310549906
20800321,2008-12-10 22:30:00,,Arbitrage,Moneyline,-109.0,110.0,true,0.0022784233310549906,0.0022784233310549906
20800316,2008-12-10 20:00:00,,Arbitrage,Moneyline,2000.0,-1400.0,true,0.01904761904761898,0.01904761904761898
20800316,2008-12-10 20:00:00,,Arbitrage,Moneyline,1900.0,-1400.0,true,0.016666666666666607,0.016666666666666607
20800316,2008-12-10 20:00:00,,Arbitrage,Moneyline,1450.0,-1400.0,true,0.0021505376344086446,0.0021505376344086446
20800308,2008-12-09 20:30:00,,Arbitrage,Moneyline,325.0,-320.0,true,0.0028011204481792618,0.0028011204481792618
20800373,2008-12-17 20:30:00,,Arbitrage,Moneyline,-125.0,130.0,true,0.009661835748792202,0.009661835748792202
21400074,2014-11-07 19:30:00,,Arbitrage,Moneyline,200.0,-190.0,true,0.011494252873563093,0.011494252873563093
21400074,2014-11-07 19:30:00,,Arbitrage,Moneyline,200.0,-195.0,true,0.005649717514124353,0.005649717514124353
21400074,2014-11-07 19:30:00,,Arbitrage,Moneyline,200.0,-190.0,true,0.011494252873563093,0.011494252873563093
21400074,2014-11-07 19:30:00,,Arbitrage,Moneyline,195.0,-190.0,true,0.005844535359438852,0.005844535359438852
21400074,2014-11-07 19:30:00,,Arbitrage,Moneyline,195.0,-190.0,true,0.005844535359438852,0.005844535359438852
21400074,2014-11-07 19:30:00,,Arbitrage,Moneyline,195.0,-190.0,true,0.005844535359438852,0.005844535359438852
21400074,2014-11-07 19:30:00,,Arbitrage,Moneyline,195.0,-190.0,true,0.005844535359438852,0.005844535359438852
21400169,2014-11-19 21:30:00,,Arbitrage,Moneyline,638.0,-550.0,true,0.01834479883260376,0.01834479883260376
21400169,2014-11-19 21:30:00,,Arbitrage,Moneyline,638.0,-475.0,true,0.03841168846471077,0.03841168846471077
21400169,2014-11-19 21:30:00,,Arbitrage,Moneyline,638.0,-600.0,true,0.007355787843592809,0.007355787843592809
21400169,2014-11-19 21:30:00,,Arbitrage,Moneyline,638.0,-525.0,true,0.024498644986449936,0.024498644986449936
21400169,2014-11-19 21:30:00,,Arbitrage,Moneyline,-550.0,595.0,true,0.009961261759822926,0.009961261759822926
21400169,2014-11-19 21:30:00,,Arbitrage,Moneyline,-550.0,590.0,true,0.00891861761426982,0.00891861761426982
21400169,2014-11-19 21:30:00,,Arbitrage,Moneyline,-550.0,595.0,true,0.009961261759822926,0.009961261759822926
21400169,2014-11-19 21:30:00,,Arbitrage,Moneyline,-475.0,595.0,true,0.030028151391929936,0.030028151391929936
21400169,2014-11-19 21:30:00,,Arbitrage,Moneyline,-475.0,550.0,true,0.02006688963210701,0.02006688963210701
21400169,2014-11-19 21:30:00,,Arbitrage,Moneyline,-475.0,590.0,true,0.02898550724637683,0.02898550724637683
21400169,2014-11-19 21:30:00,,Arbitrage,Moneyline,-475.0,595.0,true,0.030028151391929936,0.030028151391929936
21400169,2014-11-19 21:30:00,,Arbitrage,Moneyline,595.0,-525.0,true,0.016115107913669102,0.016115107913669102
21400169,2014-11-19 21:30:00,,Arbitrage,Moneyline,550.0,-525.0,true,0.006153846153846176,0.006153846153846176
21400169,2014-11-19 21:30:00,,Arbitrage,Moneyline,590.0,-525.0,true,0.015072463768115996,0.015072463768115996
21400169,2014-11-19 21:30:00,,Arbitrage,Moneyline,-525.0,595.0,true,0.016115107913669102,0.016115107913669102
20800301,2008-12-08 19:30:00,,Arbitrage,Moneyline,325.0,-315.0,true,0.005669737774627981,0.005669737774627981
20800303,2008-12-08 20:00:00,,Arbitrage,Moneyline,101.0,100.0,true,0.0024875621890546595,0.0024875621890546595
20800303,2008-12-08 20:00:00,,Arbitrage,Moneyline,-111.0,130.0,true,0.03915104059344732,0.03915104059344732
20800303,2008-12-08 20:00:00,,Arbitrage,Moneyline,100.0,130.0,true,0.06521739130434778,0.06521739130434778
20800303,2008-12-08 20:00:00,,Arbitrage,Moneyline,-110.0,130.0,true,0.04140786749482395,0.04140786749482395
21400105,2014-11-11 20:00:00,,Arbitrage,Moneyline,-129.0,130.0,true,0.0018986140117713823,0.0018986140117713823
21700159,2017-11-08 19:00:00,,Arbitrage,Moneyline,-230.0,235.0,true,0.0045228403437358455,0.0045228403437358455
21700147,2017-11-06 21:00:00,,Arbitrage,Moneyline,-103.0,105.0,true,0.004805959389643011,0.004805959389643011
21700147,2017-11-06 21:00:00,,Arbitrage,Moneyline,-103.0,105.0,true,0.004805959389643011,0.004805959389643011
21700147,2017-11-06 21:00:00,,Arbitrage,Moneyline,103.0,105.0,true,0.019584284512795813,0.019584284512795813
21700147,2017-11-06 21:00:00,,Arbitrage,Moneyline,103.0,105.0,true,0.019584284512795813,0.019584284512795813
21700112,2017-11-01 20:00:00,,Arbitrage,Moneyline,-134.0,135.0,true,0.0018185124568101951,0.0018185124568101951
21701192,2018-04-07 19:30:00,,Arbitrage,Moneyline,-238.0,260.0,true,0.01808021038790275,0.01808021038790275
21701192,2018-04-07 19:30:00,,Arbitrage,Moneyline,-238.0,270.0,true,0.025587717895410256,0.025587717895410256
21701192,2018-04-07 19:30:00,,Arbitrage,Moneyline,-238.0,280.0,true,0.032700093428838395,0.032700093428838395
21701192,2018-04-07 19:30:00,,Arbitrage,Moneyline,-250.0,260.0,true,0.007936507936507908,0.007936507936507908
21701192,2018-04-07 19:30:00,,Arbitrage,Moneyline,-250.0,270.0,true,0.015444015444015413,0.015444015444015413
21701192,2018-04-07 19:30:00,,Arbitrage,Moneyline,-250.0,280.0,true,0.022556390977443552,0.022556390977443552
21701192,2018-04-07 19:30:00,,Arbitrage,Moneyline,-255.0,260.0,true,0.00391236306729259,0.00391236306729259
21701192,2018-04-07 19:30:00,,Arbitrage,Moneyline,-255.0,270.0,true,0.011419870574800095,0.011419870574800095
21701192,2018-04-07 19:30:00,,Arbitrage,Moneyline,-255.0,280.0,true,0.018532246108228234,0.018532246108228234
21701192,2018-04-07 19:30:00,,Arbitrage,Moneyline,-250.0,260.0,true,0.007936507936507908,0.007936507936507908
21701192,2018-04-07 19:30:00,,Arbitrage,Moneyline,-250.0,270.0,true,0.015444015444015413,0.015444015444015413
21701192,2018-04-07 19:30:00,,Arbitrage,Moneyline,-250.0,280.0,true,0.022556390977443552,0.022556390977443552
21701192,2018-04-07 19:30:00,,Arbitrage,Moneyline,260.0,-250.0,true,0.007936507936507908,0.007936507936507908
21701192,2018-04-07 19:30:00,,Arbitrage,Moneyline,260.0,-255.0,true,0.00391236306729259,0.00391236306729259
21701192,2018-04-07 19:30:00,,Arbitrage,Moneyline,260.0,-250.0,true,0.007936507936507908,0.007936507936507908
21701192,2018-04-07 19:30:00,,Arbitrage,Moneyline,-250.0,270.0,true,0.015444015444015413,0.015444015444015413
21701192,2018-04-07 19:30:00,,Arbitrage,Moneyline,-250.0,280.0,true,0.022556390977443552,0.022556390977443552
21701192,2018-04-07 19:30:00,,Arbitrage,Moneyline,270.0,-255.0,true,0.011419870574800095,0.011419870574800095
21701192,2018-04-07 19:30:00,,Arbitrage,Moneyline,270.0,-250.0,true,0.015444015444015413,0.015444015444015413
21701192,2018-04-07 19:30:00,,Arbitrage,Moneyline,280.0,-255.0,true,0.018532246108228234,0.018532246108228234
21701192,2018-04-07 19:30:00,,Arbitrage,Moneyline,280.0,-250.0,true,0.022556390977443552,0.022556390977443552
21100547,2012-03-04 15:30:00,,Arbitrage,Moneyline,-130.0,135.0,true,0.009250693802035137,0.009250693802035137
21701160,2018-04-03 20:00:00,,Arbitrage,Moneyline,-205.0,210.0,true,0.005288207297726055,0.005288207297726055
21701160,2018-04-03 20:00:00,,Arbitrage,Moneyline,210.0,-205.0,true,0.005288207297726055,0.005288207297726055
21701161,2018-04-03 20:00:00,,Arbitrage,Moneyline,326.0,-310.0,true,0.009160654986831496,0.009160654986831496
21701161,2018-04-03 20:00:00,,Arbitrage,Moneyline,326.0,-310.0,true,0.009160654986831496,0.009160654986831496
21701161,2018-04-03 20:00:00,,Arbitrage,Moneyline,340.0,-310.0,true,0.016629711751662946,0.016629711751662946
21701161,2018-04-03 20:00:00,,Arbitrage,Moneyline,340.0,-310.0,true,0.016629711751662946,0.016629711751662946
21701161,2018-04-03 20:00:00,,Arbitrage,Moneyline,344.0,-310.0,true,0.018677213799164982,0.018677213799164982
21701161,2018-04-03 20:00:00,,Arbitrage,Moneyline,344.0,-310.0,true,0.018677213799164982,0.018677213799164982
21701161,2018-04-03 20:00:00,,Arbitrage,Moneyline,-310.0,325.0,true,0.008608321377331363,0.008608321377331363
21701161,2018-04-03 20:00:00,,Arbitrage,Moneyline,-310.0,315.0,true,0.002938583602703493,0.002938583602703493
21701161,2018-04-03 20:00:00,,Arbitrage,Moneyline,-310.0,344.0,true,0.018677213799164982,0.018677213799164982
21701161,2018-04-03 20:00:00,,Arbitrage,Moneyline,325.0,-310.0,true,0.008608321377331363,0.008608321377331363
21701161,2018-04-03 20:00:00,,Arbitrage,Moneyline,315.0,-310.0,true,0.002938583602703493,0.002938583602703493
21701161,2018-04-03 20:00:00,,Arbitrage,Moneyline,344.0,-310.0,true,0.018677213799164982,0.018677213799164982
21701164,2018-04-03 20:30:00,,Arbitrage,Moneyline,-299.0,335.0,true,0.020741508944775666,0.020741508944775666
21701164,2018-04-03 20:30:00,,Arbitrage,Moneyline,-299.0,335.0,true,0.020741508944775666,0.020741508944775666
21701164,2018-04-03 20:30:00,,Arbitrage,Moneyline,-310.0,335.0,true,0.014017381553125818,0.014017381553125818
21701164,2018-04-03 20:30:00,,Arbitrage,Moneyline,-310.0,335.0,true,0.014017381553125818,0.014017381553125818
21701164,2018-04-03 20:30:00,,Arbitrage,Moneyline,-325.0,335.0,true,0.005409060175794456,0.005409060175794456
21701164,2018-04-03 20:30:00,,Arbitrage,Moneyline,-325.0,335.0,true,0.005409060175794456,0.005409060175794456
21701164,2018-04-03 20:30:00,,Arbitrage,Moneyline,335.0,-330.0,true,0.00267308206361927,0.00267308206361927
21701164,2018-04-03 20:30:00,,Arbitrage,Moneyline,335.0,-320.0,true,0.008210180623973717,0.008210180623973717
21701164,2018-04-03 20:30:00,,Arbitrage,Moneyline,335.0,-330.0,true,0.00267308206361927,0.00267308206361927
21701164,2018-04-03 20:30:00,,Arbitrage,Moneyline,335.0,-325.0,true,0.005409060175794456,0.005409060175794456
21701164,2018-04-03 20:30:00,,Arbitrage,Moneyline,-330.0,335.0,true,0.00267308206361927,0.00267308206361927
21701164,2018-04-03 20:30:00,,Arbitrage,Moneyline,-320.0,335.0,true,0.008210180623973717,0.008210180623973717
21701164,2018-04-03 20:30:00,,Arbitrage,Moneyline,-330.0,335.0,true,0.00267308206361927,0.00267308206361927
21701164,2018-04-03 20:30:00,,Arbitrage,Moneyline,-325.0,335.0,true,0.005409060175794456,0.005409060175794456
21701162,2018-04-03 20:00:00,,Arbitrage,Moneyline,166.0,-165.0,true,0.0014186409419775226,0.0014186409419775226
21701162,2018-04-03 20:00:00,,Arbitrage,Moneyline,166.0,-165.0,true,0.0014186409419775226,0.0014186409419775226
21701162,2018-04-03 20:00:00,,Arbitrage,Moneyline,167.0,-165.0,true,0.002826655360045116,0.002826655360045116
21701162,2018-04-03 20:00:00,,Arbitrage,Moneyline,167.0,-165.0,true,0.002826655360045116,0.002826655360045116
21701162,2018-04-03 20:00:00,,Arbitrage,Moneyline,176.0,-165.0,true,0.015039649986327452,0.015039649986327452
21701162,2018-04-03 20:00:00,,Arbitrage,Moneyline,176.0,-165.0,true,0.015039649986327452,0.015039649986327452
21701162,2018-04-03 20:00:00,,Arbitrage,Moneyline,-165.0,176.0,true,0.015039649986327452,0.015039649986327452
21701162,2018-04-03 20:00:00,,Arbitrage,Moneyline,176.0,-165.0,true,0.015039649986327452,0.015039649986327452
21701168,2018-04-03 22:30:00,,Arbitrage,Moneyline,130.0,-125.0,true,0.009661835748792202,0.009661835748792202
21701168,2018-04-03 22:30:00,,Arbitrage,Moneyline,130.0,-125.0,true,0.009661835748792202,0.009661835748792202
21701168,2018-04-03 22:30:00,,Arbitrage,Moneyline,-125.0,130.0,true,0.009661835748792202,0.009661835748792202
21701168,2018-04-03 22:30:00,,Arbitrage,Moneyline,130.0,-125.0,true,0.009661835748792202,0.009661835748792202
21701167,2018-04-03 22:00:00,,Arbitrage,Moneyline,-129.0,135.0,true,0.01114930781380652,0.01114930781380652
21100535,2012-03-02 20:30:00,,Arbitrage,Moneyline,2000.0,-116.0,true,0.41534391534391535,0.41534391534391535
21100535,2012-03-02 20:30:00,,Arbitrage,Moneyline,2000.0,-116.0,true,0.41534391534391535,0.41534391534391535
21100535,2012-03-02 20:30:00,,Arbitrage,Moneyline,1500.0,-116.0,true,0.4004629629629629,0.4004629629629629
21100535,2012-03-02 20:30:00,,Arbitrage,Moneyline,1750.0,-116.0,true,0.40890890890890885,0.40890890890890885
21100535,2012-03-02 20:30:00,,Arbitrage,Moneyline,1750.0,-116.0,true,0.40890890890890885,0.40890890890890885
21100535,2012-03-02 20:30:00,,Arbitrage,Moneyline,-116.0,1750.0,true,0.40890890890890885,0.40890890890890885
21100535,2012-03-02 20:30:00,,Arbitrage,Moneyline,-116.0,1900.0,true,0.41296296296296287,0.41296296296296287
21100535,2012-03-02 20:30:00,,Arbitrage,Moneyline,-116.0,1750.0,true,0.40890890890890885,0.40890890890890885
21100536,2012-03-02 21:00:00,,Arbitrage,Moneyline,-200.0,210.0,true,0.010752688172043001,0.010752688172043001
21100536,2012-03-02 21:00:00,,Arbitrage,Moneyline,210.0,-205.0,true,0.005288207297726055,0.005288207297726055
21701156,2018-04-03 19:00:00,,Arbitrage,Moneyline,107.0,100.0,true,0.01690821256038655,0.01690821256038655
21701156,2018-04-03 19:00:00,,Arbitrage,Moneyline,107.0,100.0,true,0.01690821256038655,0.01690821256038655
21701156,2018-04-03 19:00:00,,Arbitrage,Moneyline,108.0,100.0,true,0.019230769230769273,0.019230769230769273
21701156,2018-04-03 19:00:00,,Arbitrage,Moneyline,108.0,100.0,true,0.019230769230769273,0.019230769230769273
21701156,2018-04-03 19:00:00,,Arbitrage,Moneyline,100.0,105.0,true,0.012195121951219523,0.012195121951219523
21701156,2018-04-03 19:00:00,,Arbitrage,Moneyline,100.0,110.0,true,0.023809523809523836,0.023809523809523836
21701156,2018-04-03 19:00:00,,Arbitrage,Moneyline,100.0,105.0,true,0.012195121951219523,0.012195121951219523
21701156,2018-04-03 19:00:00,,Arbitrage,Moneyline,100.0,115.0,true,0.03488372093023262,0.03488372093023262
21701156,2018-04-03 19:00:00,,Arbitrage,Moneyline,105.0,100.0,true,0.012195121951219523,0.012195121951219523
21701156,2018-04-03 19:00:00,,Arbitrage,Moneyline,110.0,100.0,true,0.023809523809523836,0.023809523809523836
21701156,2018-04-03 19:00:00,,Arbitrage,Moneyline,105.0,100.0,true,0.012195121951219523,0.012195121951219523
21701156,2018-04-03 19:00:00,,Arbitrage,Moneyline,115.0,100.0,true,0.03488372093023262,0.03488372093023262
21100527,2012-03-01 22:30:00,,Arbitrage,Moneyline,-160.0,165.0,true,0.007256894049346818,0.007256894049346818
21701175,2018-04-05 19:00:00,,Arbitrage,Moneyline,-138.0,140.0,true,0.003501400560224077,0.003501400560224077
21100589,2012-03-09 20:00:00,,Arbitrage,Moneyline,153.0,-150.0,true,0.004743083003952542,0.004743083003952542
21100585,2012-03-09 19:00:00,,Arbitrage,Moneyline,-112.0,115.0,true,0.006581834137779685,0.006581834137779685
21100591,2012-03-09 20:30:00,,Arbitrage,Moneyline,-167.0,190.0,true,0.02970424899909585,0.02970424899909585
21100591,2012-03-09 20:30:00,,Arbitrage,Moneyline,190.0,-175.0,true,0.018808777429467072,0.018808777429467072
21100591,2012-03-09 20:30:00,,Arbitrage,Moneyline,190.0,-175.0,true,0.018808777429467072,0.018808777429467072
21100591,2012-03-09 20:30:00,,Arbitrage,Moneyline,190.0,-175.0,true,0.018808777429467072,0.018808777429467072
21100591,2012-03-09 20:30:00,,Arbitrage,Moneyline,190.0,-160.0,true,0.039787798408488007,0.039787798408488007
21100591,2012-03-09 20:30:00,,Arbitrage,Moneyline,190.0,-180.0,true,0.012315270935960632,0.012315270935960632
21100591,2012-03-09 20:30:00,,Arbitrage,Moneyline,190.0,-175.0,true,0.018808777429467072,0.018808777429467072
21100591,2012-03-09 20:30:00,,Arbitrage,Moneyline,190.0,-175.0,true,0.018808777429467072,0.018808777429467072
21100591,2012-03-09 20:30:00,,Arbitrage,Moneyline,190.0,-175.0,true,0.018808777429467072,0.018808777429467072
40700164,2008-04-27 15:30:00,,Arbitrage,Moneyline,156.0,-155.0,true,0.0015318627450979783,0.0015318627450979783
20800698,2009-01-31 20:30:00,,Arbitrage,Moneyline,-109.0,110.0,true,0.0022784233310549906,0.0022784233310549906
20800698,2009-01-31 20:30:00,,Arbitrage,Moneyline,-109.0,110.0,true,0.0022784233310549906,0.0022784233310549906
20800699,2009-01-31 20:30:00,,Arbitrage,Moneyline,320.0,-310.0,true,0.005807200929152101,0.005807200929152101
21100555,2012-03-05 19:00:00,,Arbitrage,Moneyline,102.0,100.0,true,0.004950495049504955,0.004950495049504955
20800622,2009-01-21 20:00:00,,Arbitrage,Moneyline,-191.0,195.0,true,0.004659560836391186,0.004659560836391186
21400455,2014-12-28 19:30:00,,Arbitrage,Moneyline,-118.0,120.0,true,0.00417014178482078,0.00417014178482078
21400455,2014-12-28 19:30:00,,Arbitrage,Moneyline,-118.0,145.0,true,0.05055233102415291,0.05055233102415291
21400455,2014-12-28 19:30:00,,Arbitrage,Moneyline,-130.0,145.0,true,0.02661934338952965,0.02661934338952965
21400455,2014-12-28 19:30:00,,Arbitrage,Moneyline,-122.0,145.0,true,0.042287185144328054,0.042287185144328054
21400455,2014-12-28 19:30:00,,Arbitrage,Moneyline,-125.0,145.0,true,0.03628117913832196,0.03628117913832196
21400455,2014-12-28 19:30:00,,Arbitrage,Moneyline,145.0,-125.0,true,0.03628117913832196,0.03628117913832196
21400455,2014-12-28 19:30:00,,Arbitrage,Moneyline,145.0,-130.0,true,0.02661934338952965,0.02661934338952965
21400455,2014-12-28 19:30:00,,Arbitrage,Moneyline,145.0,-130.0,true,0.02661934338952965,0.02661934338952965
21400455,2014-12-28 19:30:00,,Arbitrage,Moneyline,145.0,-125.0,true,0.03628117913832196,0.03628117913832196
21400455,2014-12-28 19:30:00,,Arbitrage,Moneyline,145.0,-125.0,true,0.03628117913832196,0.03628117913832196
20800650,2009-01-25 18:30:00,,Arbitrage,Moneyline,151.0,-150.0,true,0.001593625498007789,0.001593625498007789
20800650,2009-01-25 18:30:00,,Arbitrage,Moneyline,151.0,-150.0,true,0.001593625498007789,0.001593625498007789
20800657,2009-01-26 19:30:00,,Arbitrage,Moneyline,102.0,110.0,true,0.02876001885902879,0.02876001885902879
20800657,2009-01-26 19:30:00,,Arbitrage,Moneyline,102.0,104.0,true,0.014754416618132371,0.014754416618132371
20800657,2009-01-26 19:30:00,,Arbitrage,Moneyline,102.0,110.0,true,0.02876001885902879,0.02876001885902879
20800657,2009-01-26 19:30:00,,Arbitrage,Moneyline,105.0,110.0,true,0.03600464576074325,0.03600464576074325
20800657,2009-01-26 19:30:00,,Arbitrage,Moneyline,105.0,104.0,true,0.02199904351984694,0.02199904351984694
20800657,2009-01-26 19:30:00,,Arbitrage,Moneyline,105.0,110.0,true,0.03600464576074325,0.03600464576074325
20800657,2009-01-26 19:30:00,,Arbitrage,Moneyline,-105.0,110.0,true,0.011614401858304313,0.011614401858304313
20800657,2009-01-26 19:30:00,,Arbitrage,Moneyline,-105.0,110.0,true,0.011614401858304313,0.011614401858304313
20800657,2009-01-26 19:30:00,,Arbitrage,Moneyline,110.0,-105.0,true,0.011614401858304313,0.011614401858304313
20800657,2009-01-26 19:30:00,,Arbitrage,Moneyline,-105.0,110.0,true,0.011614401858304313,0.011614401858304313
21400468,2014-12-30 20:00:00,,Arbitrage,Moneyline,102.0,100.0,true,0.004950495049504955,0.004950495049504955
21400479,2014-12-31 19:00:00,,Arbitrage,Moneyline,-104.0,138.0,true,0.07002801120448177,0.07002801120448177
21400479,2014-12-31 19:00:00,,Arbitrage,Moneyline,-104.0,138.0,true,0.07002801120448177,0.07002801120448177
21400479,2014-12-31 19:00:00,,Arbitrage,Moneyline,103.0,138.0,true,0.0872210953346857,0.0872210953346857
21400479,2014-12-31 19:00:00,,Arbitrage,Moneyline,103.0,138.0,true,0.0872210953346857,0.0872210953346857
21400479,2014-12-31 19:00:00,,Arbitrage,Moneyline,-110.0,138.0,true,0.05602240896358546,0.05602240896358546
21400479,2014-12-31 19:00:00,,Arbitrage,Moneyline,-110.0,138.0,true,0.05602240896358546,0.05602240896358546
21400479,2014-12-31 19:00:00,,Arbitrage,Moneyline,138.0,-105.0,true,0.06763681082188966,0.06763681082188966
21400479,2014-12-31 19:00:00,,Arbitrage,Moneyline,138.0,100.0,true,0.07983193277310918,0.07983193277310918
21400479,2014-12-31 19:00:00,,Arbitrage,Moneyline,138.0,100.0,true,0.07983193277310918,0.07983193277310918
21400479,2014-12-31 19:00:00,,Arbitrage,Moneyline,138.0,-110.0,true,0.05602240896358546,0.05602240896358546
21400479,2014-12-31 19:00:00,,Arbitrage,Moneyline,-105.0,138.0,true,0.06763681082188966,0.06763681082188966
21400479,2014-12-31 19:00:00,,Arbitrage,Moneyline,100.0,138.0,true,0.07983193277310918,0.07983193277310918
21400479,2014-12-31 19:00:00,,Arbitrage,Moneyline,100.0,138.0,true,0.07983193277310918,0.07983193277310918
21400479,2014-12-31 19:00:00,,Arbitrage,Moneyline,-110.0,138.0,true,0.05602240896358546,0.05602240896358546
40700224,2008-05-11 15:30:00,,Arbitrage,Moneyline,100.0,101.0,true,0.0024875621890546595,0.0024875621890546595
40700224,2008-05-11 15:30:00,,Arbitrage,Moneyline,-110.0,115.0,true,0.011074197120708673,0.011074197120708673
40700224,2008-05-11 15:30:00,,Arbitrage,Moneyline,-110.0,115.0,true,0.011074197120708673,0.011074197120708673
40700224,2008-05-11 15:30:00,,Arbitrage,Moneyline,101.0,115.0,true,0.03737128311928717,0.03737128311928717
40700224,2008-05-11 15:30:00,,Arbitrage,Moneyline,101.0,115.0,true,0.03737128311928717,0.03737128311928717
40700224,2008-05-11 15:30:00,,Arbitrage,Moneyline,-110.0,115.0,true,0.011074197120708673,0.011074197120708673
40700224,2008-05-11 15:30:00,,Arbitrage,Moneyline,-110.0,115.0,true,0.011074197120708673,0.011074197120708673
40700224,2008-05-11 15:30:00,,Arbitrage,Moneyline,115.0,100.0,true,0.03488372093023262,0.03488372093023262
40700224,2008-05-11 15:30:00,,Arbitrage,Moneyline,100.0,115.0,true,0.03488372093023262,0.03488372093023262
21400404,2014-12-21 18:00:00,,Arbitrage,Moneyline,145.0,-136.0,true,0.015565548253199557,0.015565548253199557
21400404,2014-12-21 18:00:00,,Arbitrage,Moneyline,145.0,-136.0,true,0.015565548253199557,0.015565548253199557
21400404,2014-12-21 18:00:00,,Arbitrage,Moneyline,140.0,-136.0,true,0.007062146892655274,0.007062146892655274
21400404,2014-12-21 18:00:00,,Arbitrage,Moneyline,140.0,-136.0,true,0.007062146892655274,0.007062146892655274
21400404,2014-12-21 18:00:00,,Arbitrage,Moneyline,140.0,-136.0,true,0.007062146892655274,0.007062146892655274
21400404,2014-12-21 18:00:00,,Arbitrage,Moneyline,-136.0,140.0,true,0.007062146892655274,0.007062146892655274
21400404,2014-12-21 18:00:00,,Arbitrage,Moneyline,-136.0,145.0,true,0.015565548253199557,0.015565548253199557
21400404,2014-12-21 18:00:00,,Arbitrage,Moneyline,-136.0,140.0,true,0.007062146892655274,0.007062146892655274
21400404,2014-12-21 18:00:00,,Arbitrage,Moneyline,-136.0,140.0,true,0.007062146892655274,0.007062146892655274
21400414,2014-12-22 20:30:00,,Arbitrage,Moneyline,103.0,100.0,true,0.007389162561576401,0.007389162561576401
21701110,2018-03-27 20:00:00,,Arbitrage,Moneyline,-123.0,125.0,true,0.003986048829098143,0.003986048829098143
21701110,2018-03-27 20:00:00,,Arbitrage,Moneyline,-120.0,125.0,true,0.010101010101010166,0.010101010101010166
21701110,2018-03-27 20:00:00,,Arbitrage,Moneyline,125.0,-120.0,true,0.010101010101010166,0.010101010101010166
21701116,2018-03-28 19:00:00,,Arbitrage,Moneyline,113.0,100.0,true,0.030516431924882625,0.030516431924882625
21701116,2018-03-28 19:00:00,,Arbitrage,Moneyline,118.0,100.0,true,0.041284403669724634,0.041284403669724634
21701116,2018-03-28 19:00:00,,Arbitrage,Moneyline,110.0,100.0,true,0.023809523809523836,0.023809523809523836
21701116,2018-03-28 19:00:00,,Arbitrage,Moneyline,105.0,100.0,true,0.012195121951219523,0.012195121951219523
21701116,2018-03-28 19:00:00,,Arbitrage,Moneyline,110.0,100.0,true,0.023809523809523836,0.023809523809523836
21701116,2018-03-28 19:00:00,,Arbitrage,Moneyline,105.0,100.0,true,0.012195121951219523,0.012195121951219523
21701116,2018-03-28 19:00:00,,Arbitrage,Moneyline,100.0,110.0,true,0.023809523809523836,0.023809523809523836
21701116,2018-03-28 19:00:00,,Arbitrage,Moneyline,100.0,105.0,true,0.012195121951219523,0.012195121951219523
21400427,2014-12-25 12:00:00,,Arbitrage,Moneyline,-185.0,200.0,true,0.01754385964912286,0.01754385964912286
21400427,2014-12-25 12:00:00,,Arbitrage,Moneyline,-195.0,200.0,true,0.005649717514124353,0.005649717514124353
21400427,2014-12-25 12:00:00,,Arbitrage,Moneyline,200.0,-195.0,true,0.005649717514124353,0.005649717514124353
21400427,2014-12-25 12:00:00,,Arbitrage,Moneyline,200.0,-195.0,true,0.005649717514124353,0.005649717514124353
21701142,2018-03-31 22:00:00,,Arbitrage,Moneyline,-420.0,430.0,true,0.0036284470246734646,0.0036284470246734646
21701142,2018-03-31 22:00:00,,Arbitrage,Moneyline,-420.0,430.0,true,0.0036284470246734646,0.0036284470246734646
21701145,2018-04-01 15:30:00,,Arbitrage,Moneyline,-100.0,105.0,true,0.012195121951219523,0.012195121951219523
21701145,2018-04-01 15:30:00,,Arbitrage,Moneyline,102.0,105.0,true,0.017145617000724478,0.017145617000724478
21400433,2014-12-26 19:00:00,,Arbitrage,Moneyline,-160.0,165.0,true,0.007256894049346818,0.007256894049346818
21701148,2018-04-01 18:00:00,,Arbitrage,Moneyline,103.0,103.0,true,0.014778325123152802,0.014778325123152802
21701148,2018-04-01 18:00:00,,Arbitrage,Moneyline,103.0,103.0,true,0.014778325123152802,0.014778325123152802
21701148,2018-04-01 18:00:00,,Arbitrage,Moneyline,100.0,103.0,true,0.007389162561576401,0.007389162561576401
21701148,2018-04-01 18:00:00,,Arbitrage,Moneyline,100.0,103.0,true,0.007389162561576401,0.007389162561576401
21701148,2018-04-01 18:00:00,,Arbitrage,Moneyline,103.0,100.0,true,0.007389162561576401,0.007389162561576401
21701148,2018-04-01 18:00:00,,Arbitrage,Moneyline,103.0,100.0,true,0.007389162561576401,0.007389162561576401
21701148,2018-04-01 18:00:00,,Arbitrage,Moneyline,103.0,100.0,true,0.007389162561576401,0.007389162561576401
21701148,2018-04-01 18:00:00,,Arbitrage,Moneyline,100.0,103.0,true,0.007389162561576401,0.007389162561576401
21701148,2018-04-01 18:00:00,,Arbitrage,Moneyline,100.0,103.0,true,0.007389162561576401,0.007389162561576401
21701148,2018-04-01 18:00:00,,Arbitrage,Moneyline,100.0,103.0,true,0.007389162561576401,0.007389162561576401
41500316,2016-05-28 21:00:00,,Arbitrage,Moneyline,141.0,-140.0,true,0.0017289073305671865,0.0017289073305671865
41500316,2016-05-28 21:00:00,,Arbitrage,Moneyline,-140.0,145.0,true,0.008503401360544283,0.008503401360544283
41500317,2016-05-30 21:00:00,,Arbitrage,Moneyline,285.0,-280.0,true,0.0034176349965824304,0.0034176349965824304
41500317,2016-05-30 21:00:00,,Arbitrage,Moneyline,285.0,-280.0,true,0.0034176349965824304,0.0034176349965824304
41500317,2016-05-30 21:00:00,,Arbitrage,Moneyline,-280.0,305.0,true,0.01624431448992858,0.01624431448992858
41500317,2016-05-30 21:00:00,,Arbitrage,Moneyline,-280.0,285.0,true,0.0034176349965824304,0.0034176349965824304
21100620,2012-03-13 19:00:00,,Arbitrage,Moneyline,-149.0,150.0,true,0.0016064257028112205,0.0016064257028112205
21100614,2012-03-12 20:30:00,,Arbitrage,Moneyline,1450.0,-1400.0,true,0.0021505376344086446,0.0021505376344086446
21100614,2012-03-12 20:30:00,,Arbitrage,Moneyline,1450.0,-1400.0,true,0.0021505376344086446,0.0021505376344086446
21100618,2012-03-13 19:00:00,,Arbitrage,Moneyline,-165.0,170.0,true,0.006988120195667302,0.006988120195667302
21100651,2012-03-16 22:00:00,,Arbitrage,Moneyline,160.0,-155.0,true,0.007541478129713397,0.007541478129713397
21100651,2012-03-16 22:00:00,,Arbitrage,Moneyline,160.0,-155.0,true,0.007541478129713397,0.007541478129713397
21100651,2012-03-16 22:00:00,,Arbitrage,Moneyline,160.0,-155.0,true,0.007541478129713397,0.007541478129713397
21100651,2012-03-16 22:00:00,,Arbitrage,Moneyline,160.0,-155.0,true,0.007541478129713397,0.007541478129713397
21100638,2012-03-15 20:00:00,,Arbitrage,Moneyline,-163.0,165.0,true,0.0028696463160915453,0.0028696463160915453
21100638,2012-03-15 20:00:00,,Arbitrage,Moneyline,-163.0,165.0,true,0.0028696463160915453,0.0028696463160915453
21100639,2012-03-15 20:30:00,,Arbitrage,Moneyline,1400.0,-110.0,true,0.4095238095238095,0.4095238095238095
21100639,2012-03-15 20:30:00,,Arbitrage,Moneyline,1400.0,-110.0,true,0.4095238095238095,0.4095238095238095
21100639,2012-03-15 20:30:00,,Arbitrage,Moneyline,1500.0,-110.0,true,0.41369047619047616,0.41369047619047616
21100639,2012-03-15 20:30:00,,Arbitrage,Moneyline,1400.0,-110.0,true,0.4095238095238095,0.4095238095238095
21100639,2012-03-15 20:30:00,,Arbitrage,Moneyline,1305.0,-110.0,true,0.4050160989662769,0.4050160989662769
21100639,2012-03-15 20:30:00,,Arbitrage,Moneyline,-110.0,1400.0,true,0.4095238095238095,0.4095238095238095
21100639,2012-03-15 20:30:00,,Arbitrage,Moneyline,-110.0,1450.0,true,0.41167434715821805,0.41167434715821805
21100639,2012-03-15 20:30:00,,Arbitrage,Moneyline,-110.0,1400.0,true,0.4095238095238095,0.4095238095238095
20800587,2009-01-16 22:00:00,,Arbitrage,Moneyline,-102.0,104.0,true,0.004853426519122461,0.004853426519122461
20800562,2009-01-13 20:30:00,,Arbitrage,Moneyline,-168.0,170.0,true,0.0027639579878386833,0.0027639579878386833
20800568,2009-01-14 19:00:00,,Arbitrage,Moneyline,-175.0,180.0,true,0.006493506493506551,0.006493506493506551
20800557,2009-01-12 20:30:00,,Arbitrage,Moneyline,-115.0,117.0,true,0.004286785982209773,0.004286785982209773
21400291,2014-12-06 20:30:00,,Arbitrage,Moneyline,1075.0,-1050.0,true,0.0018501387604070718,0.0018501387604070718
21400291,2014-12-06 20:30:00,,Arbitrage,Moneyline,1075.0,-1050.0,true,0.0018501387604070718,0.0018501387604070718
20800501,2009-01-05 19:30:00,,Arbitrage,Moneyline,151.0,-145.0,true,0.009756890804130336,0.009756890804130336
20800501,2009-01-05 19:30:00,,Arbitrage,Moneyline,151.0,-145.0,true,0.009756890804130336,0.009756890804130336
21400371,2014-12-17 19:30:00,,Arbitrage,Moneyline,-154.0,155.0,true,0.0015439246564766806,0.0015439246564766806
21400378,2014-12-17 22:30:00,,Arbitrage,Moneyline,-143.0,145.0,true,0.003359368438733412,0.003359368438733412
21400392,2014-12-19 22:30:00,,Arbitrage,Moneyline,-218.0,220.0,true,0.0019654088050313767,0.0019654088050313767
21400326,2014-12-11 20:00:00,,Arbitrage,Moneyline,281.0,-280.0,true,6.907031357923366E-4,6.907031357923366E-4
20800543,2009-01-10 20:30:00,,Arbitrage,Moneyline,-210.0,225.0,true,0.01488833746898266,0.01488833746898266
20800543,2009-01-10 20:30:00,,Arbitrage,Moneyline,-215.0,225.0,true,0.009768009768009733,0.009768009768009733
20800543,2009-01-10 20:30:00,,Arbitrage,Moneyline,225.0,-215.0,true,0.009768009768009733,0.009768009768009733
20800544,2009-01-10 21:00:00,,Arbitrage,Moneyline,-360.0,370.0,true,0.0046253469010175685,0.0046253469010175685
20800546,2009-01-11 12:30:00,,Arbitrage,Moneyline,-201.0,225.0,true,0.024533605928954705,0.024533605928954705
20800546,2009-01-11 12:30:00,,Arbitrage,Moneyline,-201.0,205.0,true,0.00435706116224599,0.00435706116224599
20800546,2009-01-11 12:30:00,,Arbitrage,Moneyline,-201.0,215.0,true,0.014765596160944972,0.014765596160944972
20800546,2009-01-11 12:30:00,,Arbitrage,Moneyline,-205.0,225.0,true,0.020176544766708715,0.020176544766708715
20800546,2009-01-11 12:30:00,,Arbitrage,Moneyline,-205.0,215.0,true,0.010408534998698982,0.010408534998698982
20800546,2009-01-11 12:30:00,,Arbitrage,Moneyline,225.0,-220.0,true,0.004807692307692291,0.004807692307692291
20800546,2009-01-11 12:30:00,,Arbitrage,Moneyline,225.0,-220.0,true,0.004807692307692291,0.004807692307692291
20800547,2009-01-11 14:00:00,,Arbitrage,Moneyline,216.0,-215.0,true,0.001004621257785887,0.001004621257785887
21400338,2014-12-12 21:00:00,,Arbitrage,Moneyline,-113.0,125.0,true,0.025039123630672955,0.025039123630672955
21400338,2014-12-12 21:00:00,,Arbitrage,Moneyline,-117.0,125.0,true,0.016385048643113187,0.016385048643113187
21400338,2014-12-12 21:00:00,,Arbitrage,Moneyline,125.0,-120.0,true,0.010101010101010166,0.010101010101010166
21400335,2014-12-12 20:00:00,,Arbitrage,Moneyline,-350.0,375.0,true,0.011695906432748426,0.011695906432748426
20800531,2009-01-09 20:00:00,,Arbitrage,Moneyline,168.0,-160.0,true,0.01148105625717566,0.01148105625717566
21400349,2014-12-14 18:00:00,,Arbitrage,Moneyline,260.0,-195.0,true,0.06120527306967982,0.06120527306967982
21400349,2014-12-14 18:00:00,,Arbitrage,Moneyline,260.0,-195.0,true,0.06120527306967982,0.06120527306967982
21400349,2014-12-14 18:00:00,,Arbitrage,Moneyline,250.0,-195.0,true,0.053268765133171914,0.053268765133171914
21400349,2014-12-14 18:00:00,,Arbitrage,Moneyline,250.0,-195.0,true,0.053268765133171914,0.053268765133171914
21400349,2014-12-14 18:00:00,,Arbitrage,Moneyline,235.0,-195.0,true,0.040475588160890474,0.040475588160890474
21400349,2014-12-14 18:00:00,,Arbitrage,Moneyline,-195.0,250.0,true,0.053268765133171914,0.053268765133171914
21400349,2014-12-14 18:00:00,,Arbitrage,Moneyline,-195.0,215.0,true,0.02152273338714017,0.02152273338714017
21400349,2014-12-14 18:00:00,,Arbitrage,Moneyline,-195.0,250.0,true,0.053268765133171914,0.053268765133171914
21400349,2014-12-14 18:00:00,,Arbitrage,Moneyline,-195.0,250.0,true,0.053268765133171914,0.053268765133171914
21400352,2014-12-14 19:00:00,,Arbitrage,Moneyline,277.0,-270.0,true,0.005018280880349724,0.005018280880349724
21400352,2014-12-14 19:00:00,,Arbitrage,Moneyline,285.0,-270.0,true,0.010530010530010459,0.010530010530010459
21400352,2014-12-14 19:00:00,,Arbitrage,Moneyline,275.0,-270.0,true,0.003603603603603567,0.003603603603603567
21400352,2014-12-14 19:00:00,,Arbitrage,Moneyline,-270.0,275.0,true,0.003603603603603567,0.003603603603603567
21400351,2014-12-14 19:00:00,,Arbitrage,Moneyline,147.0,-145.0,true,0.003304965710980712,0.003304965710980712
21400351,2014-12-14 19:00:00,,Arbitrage,Moneyline,150.0,-145.0,true,0.008163265306122436,0.008163265306122436
21400351,2014-12-14 19:00:00,,Arbitrage,Moneyline,150.0,-145.0,true,0.008163265306122436,0.008163265306122436
21400351,2014-12-14 19:00:00,,Arbitrage,Moneyline,-145.0,150.0,true,0.008163265306122436,0.008163265306122436
21400351,2014-12-14 19:00:00,,Arbitrage,Moneyline,-145.0,150.0,true,0.008163265306122436,0.008163265306122436
21400354,2014-12-14 20:00:00,,Arbitrage,Moneyline,-190.0,195.0,true,0.005844535359438852,0.005844535359438852
21400354,2014-12-14 20:00:00,,Arbitrage,Moneyline,187.0,-185.0,true,0.002445137233327177,0.002445137233327177
21400354,2014-12-14 20:00:00,,Arbitrage,Moneyline,195.0,-185.0,true,0.011894142134998509,0.011894142134998509
21400354,2014-12-14 20:00:00,,Arbitrage,Moneyline,-185.0,187.0,true,0.002445137233327177,0.002445137233327177
21701229,2018-04-11 22:30:00,,Arbitrage,Moneyline,-125.0,130.0,true,0.009661835748792202,0.009661835748792202
41500234,2016-05-08 20:00:00,,Arbitrage,Moneyline,-124.0,125.0,true,0.001984126984126977,0.001984126984126977
41500232,2016-05-02 21:30:00,,Arbitrage,Moneyline,-300.0,305.0,true,0.0030864197530864335,0.0030864197530864335
41500232,2016-05-02 21:30:00,,Arbitrage,Moneyline,-300.0,305.0,true,0.0030864197530864335,0.0030864197530864335
41500232,2016-05-02 21:30:00,,Arbitrage,Moneyline,-300.0,350.0,true,0.02777777777777779,0.02777777777777779
41500232,2016-05-02 21:30:00,,Arbitrage,Moneyline,-300.0,315.0,true,0.009036144578313254,0.009036144578313254
41500232,2016-05-02 21:30:00,,Arbitrage,Moneyline,-300.0,310.0,true,0.0060975609756097615,0.0060975609756097615
41500232,2016-05-02 21:30:00,,Arbitrage,Moneyline,-300.0,305.0,true,0.0030864197530864335,0.0030864197530864335
41500232,2016-05-02 21:30:00,,Arbitrage,Moneyline,-335.0,350.0,true,0.007662835249042099,0.007662835249042099
41500223,2016-05-07 20:30:00,,Arbitrage,Moneyline,-135.0,140.0,true,0.008865248226950229,0.008865248226950229
41500223,2016-05-07 20:30:00,,Arbitrage,Moneyline,140.0,-130.0,true,0.018115942028985366,0.018115942028985366
41500223,2016-05-07 20:30:00,,Arbitrage,Moneyline,140.0,-135.0,true,0.008865248226950229,0.008865248226950229
41500223,2016-05-07 20:30:00,,Arbitrage,Moneyline,-130.0,135.0,true,0.009250693802035137,0.009250693802035137
21701203,2018-04-08 21:00:00,,Arbitrage,Moneyline,-701.0,800.0,true,0.013732833957553092,0.013732833957553092
41500203,2016-05-06 19:00:00,,Arbitrage,Moneyline,-133.0,135.0,true,0.003652634462606219,0.003652634462606219
21701220,2018-04-11 20:00:00,,Arbitrage,Moneyline,-359.0,800.0,true,0.10675381263616557,0.10675381263616557
21701220,2018-04-11 20:00:00,,Arbitrage,Moneyline,-355.0,800.0,true,0.10866910866910873,0.10866910866910873
21701220,2018-04-11 20:00:00,,Arbitrage,Moneyline,-350.0,800.0,true,0.11111111111111094,0.11111111111111094
21701220,2018-04-11 20:00:00,,Arbitrage,Moneyline,-365.0,800.0,true,0.10394265232974909,0.10394265232974909
21701220,2018-04-11 20:00:00,,Arbitrage,Moneyline,800.0,-390.0,true,0.09297052154195007,0.09297052154195007
21701220,2018-04-11 20:00:00,,Arbitrage,Moneyline,800.0,-360.0,true,0.106280193236715,0.106280193236715
21701220,2018-04-11 20:00:00,,Arbitrage,Moneyline,800.0,-420.0,true,0.08119658119658113,0.08119658119658113
21701220,2018-04-11 20:00:00,,Arbitrage,Moneyline,800.0,-350.0,true,0.11111111111111094,0.11111111111111094
21701220,2018-04-11 20:00:00,,Arbitrage,Moneyline,800.0,-365.0,true,0.10394265232974909,0.10394265232974909
21701213,2018-04-10 19:00:00,,Arbitrage,Moneyline,-112.0,113.0,true,0.0022145451324298016,0.0022145451324298016
21701210,2018-04-09 20:30:00,,Arbitrage,Moneyline,-1100.0,1156.0,true,0.0037154989384288184,0.0037154989384288184
21701210,2018-04-09 20:30:00,,Arbitrage,Moneyline,-1100.0,1156.0,true,0.0037154989384288184,0.0037154989384288184
21701217,2018-04-10 21:00:00,,Arbitrage,Moneyline,-313.0,317.0,true,0.002322597128108672,0.002322597128108672
20700696,2008-02-03 12:00:00,,Arbitrage,Moneyline,-148.0,150.0,true,0.003225806451612856,0.003225806451612856
20700696,2008-02-03 12:00:00,,Arbitrage,Moneyline,-148.0,150.0,true,0.003225806451612856,0.003225806451612856
20700690,2008-02-02 19:30:00,,Arbitrage,Moneyline,648.0,-600.0,true,0.009167303284950412,0.009167303284950412
20700690,2008-02-02 19:30:00,,Arbitrage,Moneyline,648.0,-500.0,true,0.03297682709447414,0.03297682709447414
20700690,2008-02-02 19:30:00,,Arbitrage,Moneyline,648.0,-600.0,true,0.009167303284950412,0.009167303284950412
20700690,2008-02-02 19:30:00,,Arbitrage,Moneyline,585.0,-500.0,true,0.02068126520681257,0.02068126520681257
20700690,2008-02-02 19:30:00,,Arbitrage,Moneyline,600.0,-500.0,true,0.023809523809523725,0.023809523809523725
20700690,2008-02-02 19:30:00,,Arbitrage,Moneyline,-500.0,550.0,true,0.012820512820512775,0.012820512820512775
21100730,2012-03-26 19:00:00,,Arbitrage,Moneyline,-150.0,155.0,true,0.007843137254901822,0.007843137254901822
20700655,2008-01-28 22:30:00,,Arbitrage,Moneyline,-108.0,115.0,true,0.015652951699463458,0.015652951699463458
20700655,2008-01-28 22:30:00,,Arbitrage,Moneyline,-108.0,130.0,true,0.04598662207357862,0.04598662207357862
20700655,2008-01-28 22:30:00,,Arbitrage,Moneyline,-108.0,115.0,true,0.015652951699463458,0.015652951699463458
20700655,2008-01-28 22:30:00,,Arbitrage,Moneyline,-117.0,130.0,true,0.02604688439190539,0.02604688439190539
20700655,2008-01-28 22:30:00,,Arbitrage,Moneyline,-110.0,115.0,true,0.011074197120708673,0.011074197120708673
20700655,2008-01-28 22:30:00,,Arbitrage,Moneyline,-110.0,130.0,true,0.04140786749482395,0.04140786749482395
20700655,2008-01-28 22:30:00,,Arbitrage,Moneyline,-110.0,115.0,true,0.011074197120708673,0.011074197120708673
20700655,2008-01-28 22:30:00,,Arbitrage,Moneyline,130.0,-120.0,true,0.01976284584980237,0.01976284584980237
20700649,2008-01-27 19:00:00,,Arbitrage,Moneyline,105.0,101.0,true,0.014682684140274072,0.014682684140274072
20700649,2008-01-27 19:00:00,,Arbitrage,Moneyline,-115.0,120.0,true,0.010570824524312794,0.010570824524312794
20700649,2008-01-27 19:00:00,,Arbitrage,Moneyline,-115.0,130.0,true,0.030333670374115163,0.030333670374115163
20700649,2008-01-27 19:00:00,,Arbitrage,Moneyline,-115.0,120.0,true,0.010570824524312794,0.010570824524312794
20700649,2008-01-27 19:00:00,,Arbitrage,Moneyline,101.0,120.0,true,0.047942107643600185,0.047942107643600185
20700649,2008-01-27 19:00:00,,Arbitrage,Moneyline,101.0,130.0,true,0.06770495349340244,0.06770495349340244
20700649,2008-01-27 19:00:00,,Arbitrage,Moneyline,101.0,100.0,true,0.0024875621890546595,0.0024875621890546595
20700649,2008-01-27 19:00:00,,Arbitrage,Moneyline,101.0,120.0,true,0.047942107643600185,0.047942107643600185
20700649,2008-01-27 19:00:00,,Arbitrage,Moneyline,-115.0,120.0,true,0.010570824524312794,0.010570824524312794
20700649,2008-01-27 19:00:00,,Arbitrage,Moneyline,-115.0,130.0,true,0.030333670374115163,0.030333670374115163
20700649,2008-01-27 19:00:00,,Arbitrage,Moneyline,-115.0,120.0,true,0.010570824524312794,0.010570824524312794
20700649,2008-01-27 19:00:00,,Arbitrage,Moneyline,130.0,-120.0,true,0.01976284584980237,0.01976284584980237
20700644,2008-01-27 13:00:00,,Arbitrage,Moneyline,125.0,110.0,true,0.07936507936507942,0.07936507936507942
20700644,2008-01-27 13:00:00,,Arbitrage,Moneyline,125.0,110.0,true,0.07936507936507942,0.07936507936507942
20700644,2008-01-27 13:00:00,,Arbitrage,Moneyline,125.0,110.0,true,0.07936507936507942,0.07936507936507942
20700644,2008-01-27 13:00:00,,Arbitrage,Moneyline,125.0,110.0,true,0.07936507936507942,0.07936507936507942
20700644,2008-01-27 13:00:00,,Arbitrage,Moneyline,120.0,110.0,true,0.06926406926406936,0.06926406926406936
20700644,2008-01-27 13:00:00,,Arbitrage,Moneyline,120.0,110.0,true,0.06926406926406936,0.06926406926406936
20700644,2008-01-27 13:00:00,,Arbitrage,Moneyline,110.0,110.0,true,0.04761904761904767,0.04761904761904767
20700644,2008-01-27 13:00:00,,Arbitrage,Moneyline,110.0,110.0,true,0.04761904761904767,0.04761904761904767
20700638,2008-01-26 15:30:00,,Arbitrage,Moneyline,111.0,100.0,true,0.026066350710900466,0.026066350710900466
20700638,2008-01-26 15:30:00,,Arbitrage,Moneyline,111.0,-110.0,true,0.0022568269013767406,0.0022568269013767406
20700638,2008-01-26 15:30:00,,Arbitrage,Moneyline,100.0,105.0,true,0.012195121951219523,0.012195121951219523
41700215,2018-05-09 20:00:00,,Arbitrage,Moneyline,-113.0,115.0,true,0.004367289005349884,0.004367289005349884
41700215,2018-05-09 20:00:00,,Arbitrage,Moneyline,-112.0,115.0,true,0.006581834137779685,0.006581834137779685
20700661,2008-01-29 20:30:00,,Arbitrage,Moneyline,-139.0,140.0,true,0.0017433751743374248,0.0017433751743374248
20700661,2008-01-29 20:30:00,,Arbitrage,Moneyline,-135.0,140.0,true,0.008865248226950229,0.008865248226950229
20700668,2008-01-30 20:00:00,,Arbitrage,Moneyline,150.0,-145.0,true,0.008163265306122436,0.008163265306122436
20700668,2008-01-30 20:00:00,,Arbitrage,Moneyline,150.0,-145.0,true,0.008163265306122436,0.008163265306122436
20700601,2008-01-21 15:30:00,,Arbitrage,Moneyline,500.0,-110.0,true,0.30952380952380953,0.30952380952380953
20700601,2008-01-21 15:30:00,,Arbitrage,Moneyline,500.0,-110.0,true,0.30952380952380953,0.30952380952380953
20700601,2008-01-21 15:30:00,,Arbitrage,Moneyline,550.0,-110.0,true,0.3223443223443223,0.3223443223443223
20700601,2008-01-21 15:30:00,,Arbitrage,Moneyline,550.0,-110.0,true,0.3223443223443223,0.3223443223443223
20700601,2008-01-21 15:30:00,,Arbitrage,Moneyline,525.0,-110.0,true,0.31619047619047613,0.31619047619047613
20700601,2008-01-21 15:30:00,,Arbitrage,Moneyline,525.0,-110.0,true,0.31619047619047613,0.31619047619047613
20700601,2008-01-21 15:30:00,,Arbitrage,Moneyline,-110.0,500.0,true,0.30952380952380953,0.30952380952380953
20700601,2008-01-21 15:30:00,,Arbitrage,Moneyline,500.0,-110.0,true,0.30952380952380953,0.30952380952380953
21700436,2017-12-16 21:00:00,,Arbitrage,Moneyline,-194.0,195.0,true,0.001153003574311029,0.001153003574311029
21700436,2017-12-16 21:00:00,,Arbitrage,Moneyline,-194.0,195.0,true,0.001153003574311029,0.001153003574311029
21700425,2017-12-15 20:00:00,,Arbitrage,Moneyline,235.0,-230.0,true,0.0045228403437358455,0.0045228403437358455
21700453,2017-12-19 20:00:00,,Arbitrage,Moneyline,-105.0,110.0,true,0.011614401858304313,0.011614401858304313
21700442,2017-12-18 19:00:00,,Arbitrage,Moneyline,-128.0,130.0,true,0.0038138825324179892,0.0038138825324179892
21400691,2015-01-28 22:30:00,,Arbitrage,Moneyline,-223.0,230.0,true,0.00656722018951128,0.00656722018951128
21400691,2015-01-28 22:30:00,,Arbitrage,Moneyline,-225.0,230.0,true,0.004662004662004726,0.004662004662004726
21400666,2015-01-25 20:00:00,,Arbitrage,Moneyline,-147.0,150.0,true,0.004858299595141613,0.004858299595141613
21400672,2015-01-26 20:00:00,,Arbitrage,Moneyline,-1300.0,1400.0,true,0.004761904761904745,0.004761904761904745
21400672,2015-01-26 20:00:00,,Arbitrage,Moneyline,-1300.0,1400.0,true,0.004761904761904745,0.004761904761904745
21400672,2015-01-26 20:00:00,,Arbitrage,Moneyline,-1150.0,1400.0,true,0.013333333333333308,0.013333333333333308
21400672,2015-01-26 20:00:00,,Arbitrage,Moneyline,-1150.0,1400.0,true,0.013333333333333308,0.013333333333333308
21400672,2015-01-26 20:00:00,,Arbitrage,Moneyline,1400.0,-1300.0,true,0.004761904761904745,0.004761904761904745
21400672,2015-01-26 20:00:00,,Arbitrage,Moneyline,1400.0,-1245.0,true,0.007682775712515633,0.007682775712515633
21400672,2015-01-26 20:00:00,,Arbitrage,Moneyline,1400.0,-1300.0,true,0.004761904761904745,0.004761904761904745
21400672,2015-01-26 20:00:00,,Arbitrage,Moneyline,-1300.0,1400.0,true,0.004761904761904745,0.004761904761904745
21400672,2015-01-26 20:00:00,,Arbitrage,Moneyline,-1245.0,1400.0,true,0.007682775712515633,0.007682775712515633
21400672,2015-01-26 20:00:00,,Arbitrage,Moneyline,1400.0,-1300.0,true,0.004761904761904745,0.004761904761904745
21400680,2015-01-27 22:30:00,,Arbitrage,Moneyline,-374.0,375.0,true,4.4414834554740157E-4,4.4414834554740157E-4
21400680,2015-01-27 22:30:00,,Arbitrage,Moneyline,-374.0,375.0,true,4.4414834554740157E-4,4.4414834554740157E-4
21400680,2015-01-27 22:30:00,,Arbitrage,Moneyline,-374.0,375.0,true,4.4414834554740157E-4,4.4414834554740157E-4
21400680,2015-01-27 22:30:00,,Arbitrage,Moneyline,-374.0,385.0,true,0.004784897124711751,0.004784897124711751
21400680,2015-01-27 22:30:00,,Arbitrage,Moneyline,-374.0,380.0,true,0.0026371308016877038,0.0026371308016877038
21400680,2015-01-27 22:30:00,,Arbitrage,Moneyline,-374.0,375.0,true,4.4414834554740157E-4,4.4414834554740157E-4
21400680,2015-01-27 22:30:00,,Arbitrage,Moneyline,-365.0,375.0,true,0.004527447651386574,0.004527447651386574
21400680,2015-01-27 22:30:00,,Arbitrage,Moneyline,-365.0,375.0,true,0.004527447651386574,0.004527447651386574
21400680,2015-01-27 22:30:00,,Arbitrage,Moneyline,-365.0,375.0,true,0.004527447651386574,0.004527447651386574
21400680,2015-01-27 22:30:00,,Arbitrage,Moneyline,-365.0,385.0,true,0.008868196430550923,0.008868196430550923
21400680,2015-01-27 22:30:00,,Arbitrage,Moneyline,-365.0,380.0,true,0.006720430107526876,0.006720430107526876
21400680,2015-01-27 22:30:00,,Arbitrage,Moneyline,-365.0,375.0,true,0.004527447651386574,0.004527447651386574
21100828,2012-04-07 20:00:00,,Arbitrage,Moneyline,225.0,-220.0,true,0.004807692307692291,0.004807692307692291
21100829,2012-04-07 20:00:00,,Arbitrage,Moneyline,171.0,-170.0,true,0.0013666803334700939,0.0013666803334700939
21100829,2012-04-07 20:00:00,,Arbitrage,Moneyline,171.0,-165.0,true,0.008354800529137285,0.008354800529137285
21400607,2015-01-17 22:00:00,,Arbitrage,Moneyline,465.0,-430.0,true,0.011688094840540897,0.011688094840540897
21400607,2015-01-17 22:00:00,,Arbitrage,Moneyline,460.0,-430.0,true,0.010107816711590223,0.010107816711590223
21400607,2015-01-17 22:00:00,,Arbitrage,Moneyline,-430.0,445.0,true,0.005193006750908724,0.005193006750908724
21700470,2017-12-21 22:30:00,,Arbitrage,Moneyline,-119.0,125.0,true,0.012176560121765712,0.012176560121765712
21700470,2017-12-21 22:30:00,,Arbitrage,Moneyline,-123.0,125.0,true,0.003986048829098143,0.003986048829098143
21700470,2017-12-21 22:30:00,,Arbitrage,Moneyline,125.0,-123.0,true,0.003986048829098143,0.003986048829098143
21700476,2017-12-22 20:00:00,,Arbitrage,Moneyline,-175.0,180.0,true,0.006493506493506551,0.006493506493506551
21100813,2012-04-05 21:30:00,,Arbitrage,Moneyline,-243.0,245.0,true,0.0016901170406049548,0.0016901170406049548
21700462,2017-12-20 21:00:00,,Arbitrage,Moneyline,-110.0,115.0,true,0.011074197120708673,0.011074197120708673
21700462,2017-12-20 21:00:00,,Arbitrage,Moneyline,-105.0,115.0,true,0.022688598979013097,0.022688598979013097
21700462,2017-12-20 21:00:00,,Arbitrage,Moneyline,-110.0,115.0,true,0.011074197120708673,0.011074197120708673
21700462,2017-12-20 21:00:00,,Arbitrage,Moneyline,115.0,-110.0,true,0.011074197120708673,0.011074197120708673
21700469,2017-12-21 21:00:00,,Arbitrage,Moneyline,-144.0,145.0,true,0.0016728002676480447,0.0016728002676480447
21100806,2012-04-04 20:00:00,,Arbitrage,Moneyline,-230.0,240.0,true,0.008912655971479388,0.008912655971479388
21100806,2012-04-04 20:00:00,,Arbitrage,Moneyline,-230.0,235.0,true,0.0045228403437358455,0.0045228403437358455
21700491,2017-12-23 21:30:00,,Arbitrage,Moneyline,147.0,-145.0,true,0.003304965710980712,0.003304965710980712
21700495,2017-12-25 17:30:00,,Arbitrage,Moneyline,-163.0,165.0,true,0.0028696463160915453,0.0028696463160915453
21400633,2015-01-21 20:00:00,,Arbitrage,Moneyline,-103.0,105.0,true,0.004805959389643011,0.004805959389643011
21700487,2017-12-23 20:00:00,,Arbitrage,Moneyline,-126.0,130.0,true,0.0076952674105423835,0.0076952674105423835
21700486,2017-12-23 20:00:00,,Arbitrage,Moneyline,-143.0,145.0,true,0.003359368438733412,0.003359368438733412
41700307,2018-05-27 20:30:00,,Arbitrage,Moneyline,135.0,-125.0,true,0.01891252955082745,0.01891252955082745
41700307,2018-05-27 20:30:00,,Arbitrage,Moneyline,140.0,-125.0,true,0.02777777777777768,0.02777777777777768
41700307,2018-05-27 20:30:00,,Arbitrage,Moneyline,144.0,-125.0,true,0.03460837887067392,0.03460837887067392
41700307,2018-05-27 20:30:00,,Arbitrage,Moneyline,135.0,-125.0,true,0.01891252955082745,0.01891252955082745
41700307,2018-05-27 20:30:00,,Arbitrage,Moneyline,-125.0,135.0,true,0.01891252955082745,0.01891252955082745
41700307,2018-05-27 20:30:00,,Arbitrage,Moneyline,-125.0,130.0,true,0.009661835748792202,0.009661835748792202
41700307,2018-05-27 20:30:00,,Arbitrage,Moneyline,-125.0,144.0,true,0.03460837887067392,0.03460837887067392
41700307,2018-05-27 20:30:00,,Arbitrage,Moneyline,-125.0,135.0,true,0.01891252955082745,0.01891252955082745
20700563,2008-01-16 19:00:00,,Arbitrage,Moneyline,-107.0,110.0,true,0.0069013112491373985,0.0069013112491373985
20700563,2008-01-16 19:00:00,,Arbitrage,Moneyline,-107.0,110.0,true,0.0069013112491373985,0.0069013112491373985
20700599,2008-01-21 14:00:00,,Arbitrage,Moneyline,105.0,-102.0,true,0.007244626901714568,0.007244626901714568
20700593,2008-01-19 22:30:00,,Arbitrage,Moneyline,-108.0,110.0,true,0.0045787545787546735,0.0045787545787546735
20700593,2008-01-19 22:30:00,,Arbitrage,Moneyline,-108.0,110.0,true,0.0045787545787546735,0.0045787545787546735
41400231,2015-05-04 21:30:00,,Arbitrage,Moneyline,310.0,-240.0,true,0.050215208034433356,0.050215208034433356
41400231,2015-05-04 21:30:00,,Arbitrage,Moneyline,300.0,-240.0,true,0.044117647058823595,0.044117647058823595
41400231,2015-05-04 21:30:00,,Arbitrage,Moneyline,305.0,-240.0,true,0.04720406681191003,0.04720406681191003
41400231,2015-05-04 21:30:00,,Arbitrage,Moneyline,300.0,-240.0,true,0.044117647058823595,0.044117647058823595
41400231,2015-05-04 21:30:00,,Arbitrage,Moneyline,300.0,-240.0,true,0.044117647058823595,0.044117647058823595
41400231,2015-05-04 21:30:00,,Arbitrage,Moneyline,310.0,-240.0,true,0.050215208034433356,0.050215208034433356
41400231,2015-05-04 21:30:00,,Arbitrage,Moneyline,-240.0,315.0,true,0.05315379163713685,0.05315379163713685
41400231,2015-05-04 21:30:00,,Arbitrage,Moneyline,-240.0,305.0,true,0.04720406681191003,0.04720406681191003
41400231,2015-05-04 21:30:00,,Arbitrage,Moneyline,-240.0,300.0,true,0.044117647058823595,0.044117647058823595
21100832,2012-04-07 22:00:00,,Arbitrage,Moneyline,113.0,-110.0,true,0.0067069081153587895,0.0067069081153587895
21100832,2012-04-07 22:00:00,,Arbitrage,Moneyline,115.0,-110.0,true,0.011074197120708673,0.011074197120708673
21100832,2012-04-07 22:00:00,,Arbitrage,Moneyline,115.0,-110.0,true,0.011074197120708673,0.011074197120708673
21100832,2012-04-07 22:00:00,,Arbitrage,Moneyline,115.0,-110.0,true,0.011074197120708673,0.011074197120708673
21100832,2012-04-07 22:00:00,,Arbitrage,Moneyline,-110.0,115.0,true,0.011074197120708673,0.011074197120708673
21100832,2012-04-07 22:00:00,,Arbitrage,Moneyline,-110.0,115.0,true,0.011074197120708673,0.011074197120708673
21100832,2012-04-07 22:00:00,,Arbitrage,Moneyline,-110.0,118.0,true,0.01747487986020091,0.01747487986020091
21100832,2012-04-07 22:00:00,,Arbitrage,Moneyline,-110.0,115.0,true,0.011074197120708673,0.011074197120708673
21100838,2012-04-08 18:00:00,,Arbitrage,Moneyline,-808.0,850.0,true,0.0048690006955716125,0.0048690006955716125
21100838,2012-04-08 18:00:00,,Arbitrage,Moneyline,-750.0,850.0,true,0.012383900928792602,0.012383900928792602
21100838,2012-04-08 18:00:00,,Arbitrage,Moneyline,850.0,-780.0,true,0.00837320574162681,0.00837320574162681
21100838,2012-04-08 18:00:00,,Arbitrage,Moneyline,850.0,-780.0,true,0.00837320574162681,0.00837320574162681
20700534,2008-01-12 19:30:00,,Arbitrage,Moneyline,-233.0,248.0,true,0.012943978461219863,0.012943978461219863
20700534,2008-01-12 19:30:00,,Arbitrage,Moneyline,-233.0,250.0,true,0.014586014586014606,0.014586014586014606
20700534,2008-01-12 19:30:00,,Arbitrage,Moneyline,-233.0,290.0,true,0.043890043890043806,0.043890043890043806
20700534,2008-01-12 19:30:00,,Arbitrage,Moneyline,248.0,-245.0,true,0.002498750624687629,0.002498750624687629
20700534,2008-01-12 19:30:00,,Arbitrage,Moneyline,-270.0,290.0,true,0.013860013860013787,0.013860013860013787
20700534,2008-01-12 19:30:00,,Arbitrage,Moneyline,-245.0,250.0,true,0.0041407867494823725,0.0041407867494823725
20700534,2008-01-12 19:30:00,,Arbitrage,Moneyline,-245.0,290.0,true,0.03344481605351168,0.03344481605351168
20700534,2008-01-12 19:30:00,,Arbitrage,Moneyline,-265.0,290.0,true,0.017562346329469625,0.017562346329469625
20700534,2008-01-12 19:30:00,,Arbitrage,Moneyline,290.0,-265.0,true,0.017562346329469625,0.017562346329469625
20700552,2008-01-14 22:00:00,,Arbitrage,Moneyline,-220.0,235.0,true,0.013992537313432862,0.013992537313432862
21100883,2012-04-13 20:00:00,,Arbitrage,Moneyline,1075.0,-110.0,true,0.39108409321175275,0.39108409321175275
21100883,2012-04-13 20:00:00,,Arbitrage,Moneyline,1275.0,-110.0,true,0.4034632034632034,0.4034632034632034
21100883,2012-04-13 20:00:00,,Arbitrage,Moneyline,1000.0,-110.0,true,0.3852813852813852,0.3852813852813852
21100883,2012-04-13 20:00:00,,Arbitrage,Moneyline,1100.0,-110.0,true,0.3928571428571428,0.3928571428571428
21100883,2012-04-13 20:00:00,,Arbitrage,Moneyline,1130.0,-110.0,true,0.3948896631823461,0.3948896631823461
21100883,2012-04-13 20:00:00,,Arbitrage,Moneyline,-110.0,1045.0,true,0.38885423164899147,0.38885423164899147
21100883,2012-04-13 20:00:00,,Arbitrage,Moneyline,-110.0,1000.0,true,0.3852813852813852,0.3852813852813852
21100883,2012-04-13 20:00:00,,Arbitrage,Moneyline,-110.0,1100.0,true,0.3928571428571428,0.3928571428571428
20700540,2008-01-12 22:30:00,,Arbitrage,Moneyline,-220.0,280.0,true,0.049342105263157965,0.049342105263157965
20700540,2008-01-12 22:30:00,,Arbitrage,Moneyline,-220.0,280.0,true,0.049342105263157965,0.049342105263157965
20700540,2008-01-12 22:30:00,,Arbitrage,Moneyline,-235.0,280.0,true,0.0353495679497251,0.0353495679497251
20700540,2008-01-12 22:30:00,,Arbitrage,Moneyline,-225.0,280.0,true,0.044534412955465674,0.044534412955465674
20700540,2008-01-12 22:30:00,,Arbitrage,Moneyline,-250.0,280.0,true,0.022556390977443552,0.022556390977443552
20700540,2008-01-12 22:30:00,,Arbitrage,Moneyline,280.0,-225.0,true,0.044534412955465674,0.044534412955465674
21100874,2012-04-13 19:00:00,,Arbitrage,Moneyline,334.0,-325.0,true,0.004879371103280072,0.004879371103280072
21100874,2012-04-13 19:00:00,,Arbitrage,Moneyline,334.0,-330.0,true,0.0021433929911048866,0.0021433929911048866
20700539,2008-01-12 22:00:00,,Arbitrage,Moneyline,-122.0,125.0,true,0.006006006006006093,0.006006006006006093
20700538,2008-01-12 21:00:00,,Arbitrage,Moneyline,-950.0,1000.0,true,0.004329004329004182,0.004329004329004182
20700538,2008-01-12 21:00:00,,Arbitrage,Moneyline,-900.0,1000.0,true,0.00909090909090915,0.00909090909090915
20700508,2008-01-08 22:00:00,,Arbitrage,Moneyline,285.0,-280.0,true,0.0034176349965824304,0.0034176349965824304
20700508,2008-01-08 22:00:00,,Arbitrage,Moneyline,285.0,-280.0,true,0.0034176349965824304,0.0034176349965824304
20700508,2008-01-08 22:00:00,,Arbitrage,Moneyline,285.0,-280.0,true,0.0034176349965824304,0.0034176349965824304
41400202,2015-05-05 20:00:00,,Arbitrage,Moneyline,385.0,-300.0,true,0.04381443298969068,0.04381443298969068
41400202,2015-05-05 20:00:00,,Arbitrage,Moneyline,390.0,-300.0,true,0.04591836734693877,0.04591836734693877
41400202,2015-05-05 20:00:00,,Arbitrage,Moneyline,410.0,-300.0,true,0.05392156862745101,0.05392156862745101
41400202,2015-05-05 20:00:00,,Arbitrage,Moneyline,385.0,-300.0,true,0.04381443298969068,0.04381443298969068
41400202,2015-05-05 20:00:00,,Arbitrage,Moneyline,350.0,-300.0,true,0.02777777777777779,0.02777777777777779
41400202,2015-05-05 20:00:00,,Arbitrage,Moneyline,390.0,-300.0,true,0.04591836734693877,0.04591836734693877
41400202,2015-05-05 20:00:00,,Arbitrage,Moneyline,-300.0,400.0,true,0.050000000000000044,0.050000000000000044
41400202,2015-05-05 20:00:00,,Arbitrage,Moneyline,-300.0,410.0,true,0.05392156862745101,0.05392156862745101
41400202,2015-05-05 20:00:00,,Arbitrage,Moneyline,-300.0,385.0,true,0.04381443298969068,0.04381443298969068
21700571,2018-01-05 20:00:00,,Arbitrage,Moneyline,102.0,100.0,true,0.004950495049504955,0.004950495049504955
21700571,2018-01-05 20:00:00,,Arbitrage,Moneyline,102.0,100.0,true,0.004950495049504955,0.004950495049504955
21700571,2018-01-05 20:00:00,,Arbitrage,Moneyline,102.0,100.0,true,0.004950495049504955,0.004950495049504955
21700571,2018-01-05 20:00:00,,Arbitrage,Moneyline,100.0,102.0,true,0.004950495049504955,0.004950495049504955
21700570,2018-01-05 19:00:00,,Arbitrage,Moneyline,-143.0,150.0,true,0.011522633744855848,0.011522633744855848
21700570,2018-01-05 19:00:00,,Arbitrage,Moneyline,-145.0,150.0,true,0.008163265306122436,0.008163265306122436
21700577,2018-01-05 22:30:00,,Arbitrage,Moneyline,-117.0,120.0,true,0.006284038542103021,0.006284038542103021
21700577,2018-01-05 22:30:00,,Arbitrage,Moneyline,-117.0,120.0,true,0.006284038542103021,0.006284038542103021
21700579,2018-01-06 18:00:00,,Arbitrage,Moneyline,-143.0,145.0,true,0.003359368438733412,0.003359368438733412
21700579,2018-01-06 18:00:00,,Arbitrage,Moneyline,-140.0,145.0,true,0.008503401360544283,0.008503401360544283
21400570,2015-01-13 21:00:00,,Arbitrage,Moneyline,-178.0,195.0,true,0.02072917936836971,0.02072917936836971
21400570,2015-01-13 21:00:00,,Arbitrage,Moneyline,-170.0,195.0,true,0.03138731952291285,0.03138731952291285
21400570,2015-01-13 21:00:00,,Arbitrage,Moneyline,195.0,-178.0,true,0.02072917936836971,0.02072917936836971
21400570,2015-01-13 21:00:00,,Arbitrage,Moneyline,195.0,-175.0,true,0.024653312788906034,0.024653312788906034
21400570,2015-01-13 21:00:00,,Arbitrage,Moneyline,195.0,-185.0,true,0.011894142134998509,0.011894142134998509
21400570,2015-01-13 21:00:00,,Arbitrage,Moneyline,195.0,-190.0,true,0.005844535359438852,0.005844535359438852
21400570,2015-01-13 21:00:00,,Arbitrage,Moneyline,195.0,-180.0,true,0.018159806295399594,0.018159806295399594
21400570,2015-01-13 21:00:00,,Arbitrage,Moneyline,195.0,-190.0,true,0.005844535359438852,0.005844535359438852
21400570,2015-01-13 21:00:00,,Arbitrage,Moneyline,195.0,-178.0,true,0.02072917936836971,0.02072917936836971
21400578,2015-01-14 19:30:00,,Arbitrage,Moneyline,2424.0,-795.0,true,0.07211219222835086,0.07211219222835086
21400578,2015-01-14 19:30:00,,Arbitrage,Moneyline,2000.0,-795.0,true,0.06411279595637143,0.06411279595637143
21400578,2015-01-14 19:30:00,,Arbitrage,Moneyline,1700.0,-795.0,true,0.05617628801986341,0.05617628801986341
21400578,2015-01-14 19:30:00,,Arbitrage,Moneyline,-795.0,1400.0,true,0.045065176908752336,0.045065176908752336
21400578,2015-01-14 19:30:00,,Arbitrage,Moneyline,-795.0,1700.0,true,0.05617628801986341,0.05617628801986341
21400577,2015-01-14 19:30:00,,Arbitrage,Moneyline,163.0,-160.0,true,0.004387247733255273,0.004387247733255273
21400577,2015-01-14 19:30:00,,Arbitrage,Moneyline,165.0,-160.0,true,0.007256894049346818,0.007256894049346818
21400577,2015-01-14 19:30:00,,Arbitrage,Moneyline,-160.0,165.0,true,0.007256894049346818,0.007256894049346818
21400581,2015-01-14 21:00:00,,Arbitrage,Moneyline,182.0,-130.0,true,0.08017267961763797,0.08017267961763797
21400581,2015-01-14 21:00:00,,Arbitrage,Moneyline,185.0,-130.0,true,0.08390541571319599,0.08390541571319599
21400581,2015-01-14 21:00:00,,Arbitrage,Moneyline,-130.0,170.0,true,0.06441223832528176,0.06441223832528176
21400581,2015-01-14 21:00:00,,Arbitrage,Moneyline,-130.0,175.0,true,0.07114624505928846,0.07114624505928846
21400581,2015-01-14 21:00:00,,Arbitrage,Moneyline,-130.0,175.0,true,0.07114624505928846,0.07114624505928846
21400581,2015-01-14 21:00:00,,Arbitrage,Moneyline,-130.0,180.0,true,0.0776397515527949,0.0776397515527949
21400581,2015-01-14 21:00:00,,Arbitrage,Moneyline,-130.0,190.0,true,0.08995502248875553,0.08995502248875553
21400581,2015-01-14 21:00:00,,Arbitrage,Moneyline,-130.0,183.0,true,0.08142571823628808,0.08142571823628808
21400581,2015-01-14 21:00:00,,Arbitrage,Moneyline,-130.0,170.0,true,0.06441223832528176,0.06441223832528176
21700500,2017-12-26 19:30:00,,Arbitrage,Moneyline,-340.0,351.0,true,0.005543237250554389,0.005543237250554389
21700500,2017-12-26 19:30:00,,Arbitrage,Moneyline,-340.0,351.0,true,0.005543237250554389,0.005543237250554389
21700526,2017-12-29 20:00:00,,Arbitrage,Moneyline,-210.0,215.0,true,0.0051203277009729264,0.0051203277009729264
21700526,2017-12-29 20:00:00,,Arbitrage,Moneyline,-210.0,215.0,true,0.0051203277009729264,0.0051203277009729264
21700526,2017-12-29 20:00:00,,Arbitrage,Moneyline,-210.0,215.0,true,0.0051203277009729264,0.0051203277009729264
21700524,2017-12-29 20:00:00,,Arbitrage,Moneyline,-138.0,140.0,true,0.003501400560224077,0.003501400560224077
21700524,2017-12-29 20:00:00,,Arbitrage,Moneyline,-135.0,140.0,true,0.008865248226950229,0.008865248226950229
21700524,2017-12-29 20:00:00,,Arbitrage,Moneyline,-135.0,140.0,true,0.008865248226950229,0.008865248226950229
21700524,2017-12-29 20:00:00,,Arbitrage,Moneyline,140.0,-135.0,true,0.008865248226950229,0.008865248226950229
21700524,2017-12-29 20:00:00,,Arbitrage,Moneyline,140.0,-135.0,true,0.008865248226950229,0.008865248226950229
21400548,2015-01-09 22:30:00,,Arbitrage,Moneyline,-125.0,135.0,true,0.01891252955082745,0.01891252955082745
21400548,2015-01-09 22:30:00,,Arbitrage,Moneyline,-125.0,135.0,true,0.01891252955082745,0.01891252955082745
21400548,2015-01-09 22:30:00,,Arbitrage,Moneyline,-125.0,135.0,true,0.01891252955082745,0.01891252955082745
21400548,2015-01-09 22:30:00,,Arbitrage,Moneyline,135.0,-130.0,true,0.009250693802035137,0.009250693802035137
21400548,2015-01-09 22:30:00,,Arbitrage,Moneyline,135.0,-130.0,true,0.009250693802035137,0.009250693802035137
21400548,2015-01-09 22:30:00,,Arbitrage,Moneyline,135.0,-125.0,true,0.01891252955082745,0.01891252955082745
21400548,2015-01-09 22:30:00,,Arbitrage,Moneyline,135.0,-125.0,true,0.01891252955082745,0.01891252955082745
21700594,2018-01-08 20:00:00,,Arbitrage,Moneyline,-104.0,105.0,true,0.002391200382592107,0.002391200382592107
21700599,2018-01-09 19:30:00,,Arbitrage,Moneyline,-161.0,165.0,true,0.005783271886069419,0.005783271886069419
21700599,2018-01-09 19:30:00,,Arbitrage,Moneyline,-161.0,165.0,true,0.005783271886069419,0.005783271886069419
21700584,2018-01-06 21:00:00,,Arbitrage,Moneyline,-107.0,108.0,true,0.002322556670382836,0.002322556670382836
21700586,2018-01-07 15:30:00,,Arbitrage,Moneyline,-150.0,155.0,true,0.007843137254901822,0.007843137254901822
21400502,2015-01-03 22:30:00,,Arbitrage,Moneyline,4500.0,-4100.0,true,0.0020703933747412417,0.0020703933747412417
21400501,2015-01-03 22:00:00,,Arbitrage,Moneyline,229.0,-225.0,true,0.003740939911152763,0.003740939911152763
21400501,2015-01-03 22:00:00,,Arbitrage,Moneyline,-225.0,230.0,true,0.004662004662004726,0.004662004662004726
21400501,2015-01-03 22:00:00,,Arbitrage,Moneyline,-225.0,230.0,true,0.004662004662004726,0.004662004662004726
21400508,2015-01-04 21:30:00,,Arbitrage,Moneyline,103.0,105.0,true,0.019584284512795813,0.019584284512795813
21400508,2015-01-04 21:30:00,,Arbitrage,Moneyline,105.0,105.0,true,0.024390243902438935,0.024390243902438935
21400508,2015-01-04 21:30:00,,Arbitrage,Moneyline,105.0,105.0,true,0.024390243902438935,0.024390243902438935
21100919,2012-04-18 19:00:00,,Arbitrage,Moneyline,-450.0,1150.0,true,0.10181818181818192,0.10181818181818192
21100919,2012-04-18 19:00:00,,Arbitrage,Moneyline,-450.0,1100.0,true,0.09848484848484851,0.09848484848484851
21100919,2012-04-18 19:00:00,,Arbitrage,Moneyline,-450.0,1040.0,true,0.09409888357256779,0.09409888357256779
21100919,2012-04-18 19:00:00,,Arbitrage,Moneyline,-450.0,1055.0,true,0.09523809523809534,0.09523809523809534
21100919,2012-04-18 19:00:00,,Arbitrage,Moneyline,-450.0,825.0,true,0.07371007371007376,0.07371007371007376
21100919,2012-04-18 19:00:00,,Arbitrage,Moneyline,-450.0,955.0,true,0.087031451960362,0.087031451960362
21100919,2012-04-18 19:00:00,,Arbitrage,Moneyline,-450.0,950.0,true,0.08658008658008665,0.08658008658008665
21100919,2012-04-18 19:00:00,,Arbitrage,Moneyline,-450.0,1040.0,true,0.09409888357256779,0.09409888357256779
21100912,2012-04-16 22:30:00,,Arbitrage,Moneyline,498.0,-455.0,true,0.0129560999126217,0.0129560999126217
21100912,2012-04-16 22:30:00,,Arbitrage,Moneyline,475.0,-455.0,true,0.0062671367019193625,0.0062671367019193625
21100912,2012-04-16 22:30:00,,Arbitrage,Moneyline,500.0,-455.0,true,0.013513513513513598,0.013513513513513598
21100912,2012-04-16 22:30:00,,Arbitrage,Moneyline,470.0,-455.0,true,0.004741583688952167,0.004741583688952167
21100912,2012-04-16 22:30:00,,Arbitrage,Moneyline,-455.0,470.0,true,0.004741583688952167,0.004741583688952167
21400800,2015-02-12 20:00:00,,Arbitrage,Moneyline,-123.0,140.0,true,0.03176382660687582,0.03176382660687582
21400800,2015-02-12 20:00:00,,Arbitrage,Moneyline,-125.0,140.0,true,0.02777777777777768,0.02777777777777768
21400800,2015-02-12 20:00:00,,Arbitrage,Moneyline,-125.0,140.0,true,0.02777777777777768,0.02777777777777768
21400800,2015-02-12 20:00:00,,Arbitrage,Moneyline,-125.0,140.0,true,0.02777777777777768,0.02777777777777768
21400800,2015-02-12 20:00:00,,Arbitrage,Moneyline,140.0,-125.0,true,0.02777777777777768,0.02777777777777768
21400800,2015-02-12 20:00:00,,Arbitrage,Moneyline,140.0,-130.0,true,0.018115942028985366,0.018115942028985366
21400800,2015-02-12 20:00:00,,Arbitrage,Moneyline,140.0,-130.0,true,0.018115942028985366,0.018115942028985366
21400800,2015-02-12 20:00:00,,Arbitrage,Moneyline,140.0,-125.0,true,0.02777777777777768,0.02777777777777768
21400800,2015-02-12 20:00:00,,Arbitrage,Moneyline,140.0,-125.0,true,0.02777777777777768,0.02777777777777768
21100970,2012-04-24 22:30:00,,Arbitrage,Moneyline,-133.0,135.0,true,0.003652634462606219,0.003652634462606219
21400819,2015-02-21 20:00:00,,Arbitrage,Moneyline,-130.0,135.0,true,0.009250693802035137,0.009250693802035137
21400819,2015-02-21 20:00:00,,Arbitrage,Moneyline,-128.0,135.0,true,0.013064576334453237,0.013064576334453237
21400816,2015-02-21 19:00:00,,Arbitrage,Moneyline,-175.0,180.0,true,0.006493506493506551,0.006493506493506551
21400816,2015-02-21 19:00:00,,Arbitrage,Moneyline,180.0,-175.0,true,0.006493506493506551,0.006493506493506551
21100965,2012-04-23 20:30:00,,Arbitrage,Moneyline,1800.0,-110.0,true,0.4235588972431077,0.4235588972431077
21100965,2012-04-23 20:30:00,,Arbitrage,Moneyline,1800.0,-110.0,true,0.4235588972431077,0.4235588972431077
21100965,2012-04-23 20:30:00,,Arbitrage,Moneyline,1500.0,-110.0,true,0.41369047619047616,0.41369047619047616
21100965,2012-04-23 20:30:00,,Arbitrage,Moneyline,1400.0,-110.0,true,0.4095238095238095,0.4095238095238095
21100965,2012-04-23 20:30:00,,Arbitrage,Moneyline,1495.0,-110.0,true,0.4134945514255859,0.4134945514255859
21100965,2012-04-23 20:30:00,,Arbitrage,Moneyline,-110.0,1430.0,true,0.41083099906629317,0.41083099906629317
21100965,2012-04-23 20:30:00,,Arbitrage,Moneyline,-110.0,1200.0,true,0.3992673992673992,0.3992673992673992
21100965,2012-04-23 20:30:00,,Arbitrage,Moneyline,-110.0,1400.0,true,0.4095238095238095,0.4095238095238095
21100966,2012-04-24 19:30:00,,Arbitrage,Moneyline,104.0,100.0,true,0.009803921568627416,0.009803921568627416
21100966,2012-04-24 19:30:00,,Arbitrage,Moneyline,104.0,100.0,true,0.009803921568627416,0.009803921568627416
21100966,2012-04-24 19:30:00,,Arbitrage,Moneyline,102.0,100.0,true,0.004950495049504955,0.004950495049504955
21100966,2012-04-24 19:30:00,,Arbitrage,Moneyline,102.0,100.0,true,0.004950495049504955,0.004950495049504955
21400828,2015-02-22 21:00:00,,Arbitrage,Moneyline,-120.0,155.0,true,0.0623885918003565,0.0623885918003565
21400828,2015-02-22 21:00:00,,Arbitrage,Moneyline,-120.0,155.0,true,0.0623885918003565,0.0623885918003565
21400828,2015-02-22 21:00:00,,Arbitrage,Moneyline,-120.0,155.0,true,0.0623885918003565,0.0623885918003565
21400828,2015-02-22 21:00:00,,Arbitrage,Moneyline,-125.0,155.0,true,0.05228758169934633,0.05228758169934633
21400828,2015-02-22 21:00:00,,Arbitrage,Moneyline,155.0,-120.0,true,0.0623885918003565,0.0623885918003565
21400828,2015-02-22 21:00:00,,Arbitrage,Moneyline,155.0,-125.0,true,0.05228758169934633,0.05228758169934633
21400828,2015-02-22 21:00:00,,Arbitrage,Moneyline,155.0,-120.0,true,0.0623885918003565,0.0623885918003565
21400828,2015-02-22 21:00:00,,Arbitrage,Moneyline,155.0,-125.0,true,0.05228758169934633,0.05228758169934633
21301029,2014-03-21 22:00:00,,Arbitrage,Moneyline,-355.0,386.0,true,0.01401890290779173,0.01401890290779173
21301029,2014-03-21 22:00:00,,Arbitrage,Moneyline,-355.0,386.0,true,0.01401890290779173,0.01401890290779173
21301030,2014-03-21 22:00:00,,Arbitrage,Moneyline,-345.0,349.0,true,0.002001951903105592,0.002001951903105592
21100952,2012-04-22 15:30:00,,Arbitrage,Moneyline,-101.0,105.0,true,0.009707559762164752,0.009707559762164752
21301041,2014-03-23 15:30:00,,Arbitrage,Moneyline,-123.0,130.0,true,0.013647884577890346,0.013647884577890346
21301041,2014-03-23 15:30:00,,Arbitrage,Moneyline,-123.0,125.0,true,0.003986048829098143,0.003986048829098143
21301041,2014-03-23 15:30:00,,Arbitrage,Moneyline,-125.0,130.0,true,0.009661835748792202,0.009661835748792202
20700897,2008-03-05 19:00:00,,Arbitrage,Moneyline,-134.0,135.0,true,0.0018185124568101951,0.0018185124568101951
20700888,2008-03-03 22:30:00,,Arbitrage,Moneyline,-165.0,170.0,true,0.006988120195667302,0.006988120195667302
20700855,2008-02-28 19:30:00,,Arbitrage,Moneyline,-144.0,145.0,true,0.0016728002676480447,0.0016728002676480447
20700855,2008-02-28 19:30:00,,Arbitrage,Moneyline,-144.0,147.0,true,0.0049777659786287565,0.0049777659786287565
20700855,2008-02-28 19:30:00,,Arbitrage,Moneyline,-144.0,145.0,true,0.0016728002676480447,0.0016728002676480447
20700848,2008-02-27 19:00:00,,Arbitrage,Moneyline,103.0,103.0,true,0.014778325123152802,0.014778325123152802
20700848,2008-02-27 19:00:00,,Arbitrage,Moneyline,103.0,110.0,true,0.031198686371100237,0.031198686371100237
20700848,2008-02-27 19:00:00,,Arbitrage,Moneyline,103.0,100.0,true,0.007389162561576401,0.007389162561576401
20700848,2008-02-27 19:00:00,,Arbitrage,Moneyline,103.0,110.0,true,0.031198686371100237,0.031198686371100237
20700840,2008-02-26 20:00:00,,Arbitrage,Moneyline,680.0,-600.0,true,0.014652014652014711,0.014652014652014711
20700840,2008-02-26 20:00:00,,Arbitrage,Moneyline,680.0,-600.0,true,0.014652014652014711,0.014652014652014711
20700840,2008-02-26 20:00:00,,Arbitrage,Moneyline,668.0,-600.0,true,0.012648809523809534,0.012648809523809534
20700840,2008-02-26 20:00:00,,Arbitrage,Moneyline,668.0,-600.0,true,0.012648809523809534,0.012648809523809534
20700840,2008-02-26 20:00:00,,Arbitrage,Moneyline,650.0,-600.0,true,0.009523809523809601,0.009523809523809601
20700840,2008-02-26 20:00:00,,Arbitrage,Moneyline,650.0,-600.0,true,0.009523809523809601,0.009523809523809601
20700839,2008-02-26 20:00:00,,Arbitrage,Moneyline,-112.0,115.0,true,0.006581834137779685,0.006581834137779685
20700839,2008-02-26 20:00:00,,Arbitrage,Moneyline,-112.0,130.0,true,0.03691550451189496,0.03691550451189496
20700839,2008-02-26 20:00:00,,Arbitrage,Moneyline,-112.0,115.0,true,0.006581834137779685,0.006581834137779685
20700839,2008-02-26 20:00:00,,Arbitrage,Moneyline,-120.0,130.0,true,0.01976284584980237,0.01976284584980237
20700839,2008-02-26 20:00:00,,Arbitrage,Moneyline,-125.0,130.0,true,0.009661835748792202,0.009661835748792202
20700839,2008-02-26 20:00:00,,Arbitrage,Moneyline,130.0,-125.0,true,0.009661835748792202,0.009661835748792202
20700877,2008-03-02 18:00:00,,Arbitrage,Moneyline,700.0,-600.0,true,0.017857142857142905,0.017857142857142905
20700877,2008-03-02 18:00:00,,Arbitrage,Moneyline,700.0,-600.0,true,0.017857142857142905,0.017857142857142905
20700877,2008-03-02 18:00:00,,Arbitrage,Moneyline,668.0,-600.0,true,0.012648809523809534,0.012648809523809534
20700877,2008-03-02 18:00:00,,Arbitrage,Moneyline,668.0,-600.0,true,0.012648809523809534,0.012648809523809534
20700877,2008-03-02 18:00:00,,Arbitrage,Moneyline,700.0,-600.0,true,0.017857142857142905,0.017857142857142905
20700877,2008-03-02 18:00:00,,Arbitrage,Moneyline,700.0,-600.0,true,0.017857142857142905,0.017857142857142905
20700877,2008-03-02 18:00:00,,Arbitrage,Moneyline,-600.0,625.0,true,0.0049261083743843415,0.0049261083743843415
20700877,2008-03-02 18:00:00,,Arbitrage,Moneyline,625.0,-600.0,true,0.0049261083743843415,0.0049261083743843415
20700875,2008-03-02 13:00:00,,Arbitrage,Moneyline,-171.0,175.0,true,0.0053673264005367205,0.0053673264005367205
20700875,2008-03-02 13:00:00,,Arbitrage,Moneyline,-171.0,180.0,true,0.011860832894043272,0.011860832894043272
20601105,2007-04-03 20:00:00,,Arbitrage,Moneyline,146.0,-145.0,true,0.0016592002654720606,0.0016592002654720606
20601105,2007-04-03 20:00:00,,Arbitrage,Moneyline,146.0,-145.0,true,0.0016592002654720606,0.0016592002654720606
20601105,2007-04-03 20:00:00,,Arbitrage,Moneyline,-145.0,150.0,true,0.008163265306122436,0.008163265306122436
20601105,2007-04-03 20:00:00,,Arbitrage,Moneyline,150.0,-145.0,true,0.008163265306122436,0.008163265306122436
20601110,2007-04-04 19:30:00,,Arbitrage,Moneyline,630.0,-625.0,true,9.447331128955572E-4,9.447331128955572E-4
20601110,2007-04-04 19:30:00,,Arbitrage,Moneyline,630.0,-600.0,true,0.005870841487279899,0.005870841487279899
20601110,2007-04-04 19:30:00,,Arbitrage,Moneyline,630.0,-600.0,true,0.005870841487279899,0.005870841487279899
20601113,2007-04-04 20:00:00,,Arbitrage,Moneyline,-191.0,240.0,true,0.049524964625025314,0.049524964625025314
20601113,2007-04-04 20:00:00,,Arbitrage,Moneyline,-191.0,240.0,true,0.049524964625025314,0.049524964625025314
20601113,2007-04-04 20:00:00,,Arbitrage,Moneyline,-200.0,240.0,true,0.03921568627450989,0.03921568627450989
20601113,2007-04-04 20:00:00,,Arbitrage,Moneyline,-200.0,240.0,true,0.03921568627450989,0.03921568627450989
20601113,2007-04-04 20:00:00,,Arbitrage,Moneyline,-205.0,240.0,true,0.03375120540019294,0.03375120540019294
20601113,2007-04-04 20:00:00,,Arbitrage,Moneyline,-205.0,240.0,true,0.03375120540019294,0.03375120540019294
20601113,2007-04-04 20:00:00,,Arbitrage,Moneyline,240.0,-200.0,true,0.03921568627450989,0.03921568627450989
20601113,2007-04-04 20:00:00,,Arbitrage,Moneyline,-200.0,240.0,true,0.03921568627450989,0.03921568627450989
20700832,2008-02-25 20:00:00,,Arbitrage,Moneyline,660.0,-110.0,true,0.34461152882205515,0.34461152882205515
20700832,2008-02-25 20:00:00,,Arbitrage,Moneyline,660.0,-110.0,true,0.34461152882205515,0.34461152882205515
20700832,2008-02-25 20:00:00,,Arbitrage,Moneyline,600.0,-110.0,true,0.33333333333333326,0.33333333333333326
20700832,2008-02-25 20:00:00,,Arbitrage,Moneyline,600.0,-110.0,true,0.33333333333333326,0.33333333333333326
20700832,2008-02-25 20:00:00,,Arbitrage,Moneyline,625.0,-110.0,true,0.3382594417077176,0.3382594417077176
20700832,2008-02-25 20:00:00,,Arbitrage,Moneyline,625.0,-110.0,true,0.3382594417077176,0.3382594417077176
20700832,2008-02-25 20:00:00,,Arbitrage,Moneyline,-110.0,550.0,true,0.3223443223443223,0.3223443223443223
20700832,2008-02-25 20:00:00,,Arbitrage,Moneyline,550.0,-110.0,true,0.3223443223443223,0.3223443223443223
20601139,2007-04-07 20:30:00,,Arbitrage,Moneyline,113.0,115.0,true,0.06540015285511513,0.06540015285511513
20601139,2007-04-07 20:30:00,,Arbitrage,Moneyline,113.0,115.0,true,0.06540015285511513,0.06540015285511513
20601139,2007-04-07 20:30:00,,Arbitrage,Moneyline,110.0,115.0,true,0.058693244739756345,0.058693244739756345
20601139,2007-04-07 20:30:00,,Arbitrage,Moneyline,110.0,115.0,true,0.058693244739756345,0.058693244739756345
20601139,2007-04-07 20:30:00,,Arbitrage,Moneyline,110.0,115.0,true,0.058693244739756345,0.058693244739756345
20601139,2007-04-07 20:30:00,,Arbitrage,Moneyline,110.0,115.0,true,0.058693244739756345,0.058693244739756345
20601139,2007-04-07 20:30:00,,Arbitrage,Moneyline,115.0,115.0,true,0.06976744186046513,0.06976744186046513
20601139,2007-04-07 20:30:00,,Arbitrage,Moneyline,115.0,115.0,true,0.06976744186046513,0.06976744186046513
20700814,2008-02-22 22:30:00,,Arbitrage,Moneyline,-305.0,350.0,true,0.024691358024691357,0.024691358024691357
20700814,2008-02-22 22:30:00,,Arbitrage,Moneyline,-320.0,350.0,true,0.015873015873015928,0.015873015873015928
20700814,2008-02-22 22:30:00,,Arbitrage,Moneyline,-310.0,350.0,true,0.02168021680216803,0.02168021680216803
20700816,2008-02-23 19:00:00,,Arbitrage,Moneyline,315.0,-305.0,true,0.005949724825226821,0.005949724825226821
20700816,2008-02-23 19:00:00,,Arbitrage,Moneyline,315.0,-285.0,true,0.01877640431857297,0.01877640431857297
20700816,2008-02-23 19:00:00,,Arbitrage,Moneyline,315.0,-285.0,true,0.01877640431857297,0.01877640431857297
20700816,2008-02-23 19:00:00,,Arbitrage,Moneyline,-285.0,300.0,true,0.009740259740259716,0.009740259740259716
20700816,2008-02-23 19:00:00,,Arbitrage,Moneyline,300.0,-285.0,true,0.009740259740259716,0.009740259740259716
21700207,2017-11-15 20:00:00,,Arbitrage,Moneyline,-104.0,105.0,true,0.002391200382592107,0.002391200382592107
20601164,2007-04-11 19:30:00,,Arbitrage,Moneyline,-115.0,150.0,true,0.06511627906976736,0.06511627906976736
20601164,2007-04-11 19:30:00,,Arbitrage,Moneyline,-115.0,150.0,true,0.06511627906976736,0.06511627906976736
20601164,2007-04-11 19:30:00,,Arbitrage,Moneyline,-115.0,125.0,true,0.02067183462532296,0.02067183462532296
20601164,2007-04-11 19:30:00,,Arbitrage,Moneyline,-115.0,140.0,true,0.04844961240310064,0.04844961240310064
20601164,2007-04-11 19:30:00,,Arbitrage,Moneyline,-115.0,125.0,true,0.02067183462532296,0.02067183462532296
20601164,2007-04-11 19:30:00,,Arbitrage,Moneyline,150.0,-145.0,true,0.008163265306122436,0.008163265306122436
20601164,2007-04-11 19:30:00,,Arbitrage,Moneyline,150.0,-145.0,true,0.008163265306122436,0.008163265306122436
20601164,2007-04-11 19:30:00,,Arbitrage,Moneyline,150.0,-145.0,true,0.008163265306122436,0.008163265306122436
20601164,2007-04-11 19:30:00,,Arbitrage,Moneyline,150.0,-145.0,true,0.008163265306122436,0.008163265306122436
20601165,2007-04-11 19:30:00,,Arbitrage,Moneyline,460.0,-380.0,true,0.029761904761904656,0.029761904761904656
20601165,2007-04-11 19:30:00,,Arbitrage,Moneyline,460.0,-375.0,true,0.03195488721804507,0.03195488721804507
20601165,2007-04-11 19:30:00,,Arbitrage,Moneyline,460.0,-400.0,true,0.021428571428571352,0.021428571428571352
20601165,2007-04-11 19:30:00,,Arbitrage,Moneyline,460.0,-375.0,true,0.03195488721804507,0.03195488721804507
20601169,2007-04-11 20:00:00,,Arbitrage,Moneyline,122.0,110.0,true,0.07335907335907332,0.07335907335907332
20601169,2007-04-11 20:00:00,,Arbitrage,Moneyline,122.0,115.0,true,0.08443327047978211,0.08443327047978211
20601169,2007-04-11 20:00:00,,Arbitrage,Moneyline,122.0,110.0,true,0.07335907335907332,0.07335907335907332
20601169,2007-04-11 20:00:00,,Arbitrage,Moneyline,110.0,125.0,true,0.07936507936507942,0.07936507936507942
20601169,2007-04-11 20:00:00,,Arbitrage,Moneyline,110.0,125.0,true,0.07936507936507942,0.07936507936507942
20601169,2007-04-11 20:00:00,,Arbitrage,Moneyline,115.0,125.0,true,0.0904392764857882,0.0904392764857882
20601169,2007-04-11 20:00:00,,Arbitrage,Moneyline,115.0,125.0,true,0.0904392764857882,0.0904392764857882
20601169,2007-04-11 20:00:00,,Arbitrage,Moneyline,125.0,110.0,true,0.07936507936507942,0.07936507936507942
20601169,2007-04-11 20:00:00,,Arbitrage,Moneyline,110.0,125.0,true,0.07936507936507942,0.07936507936507942
20601174,2007-04-12 22:30:00,,Arbitrage,Moneyline,-139.0,140.0,true,0.0017433751743374248,0.0017433751743374248
21700201,2017-11-14 19:30:00,,Arbitrage,Moneyline,-250.0,255.0,true,0.004024144869215318,0.004024144869215318
20601190,2007-04-14 20:30:00,,Arbitrage,Moneyline,-151.0,155.0,true,0.006249511756893922,0.006249511756893922
20601190,2007-04-14 20:30:00,,Arbitrage,Moneyline,-151.0,160.0,true,0.01379098988660743,0.01379098988660743
20601190,2007-04-14 20:30:00,,Arbitrage,Moneyline,-151.0,155.0,true,0.006249511756893922,0.006249511756893922
20601194,2007-04-15 15:30:00,,Arbitrage,Moneyline,-161.0,165.0,true,0.005783271886069419,0.005783271886069419
20601194,2007-04-15 15:30:00,,Arbitrage,Moneyline,-161.0,167.0,true,0.008609927246114646,0.008609927246114646
20601194,2007-04-15 15:30:00,,Arbitrage,Moneyline,165.0,-160.0,true,0.007256894049346818,0.007256894049346818
20601194,2007-04-15 15:30:00,,Arbitrage,Moneyline,165.0,-160.0,true,0.007256894049346818,0.007256894049346818
20601194,2007-04-15 15:30:00,,Arbitrage,Moneyline,-160.0,167.0,true,0.010083549409392045,0.010083549409392045
20601194,2007-04-15 15:30:00,,Arbitrage,Moneyline,167.0,-160.0,true,0.010083549409392045,0.010083549409392045
21700272,2017-11-24 20:00:00,,Arbitrage,Moneyline,-154.0,175.0,true,0.030064423765211123,0.030064423765211123
21700272,2017-11-24 20:00:00,,Arbitrage,Moneyline,-150.0,175.0,true,0.036363636363636265,0.036363636363636265
21700272,2017-11-24 20:00:00,,Arbitrage,Moneyline,-155.0,175.0,true,0.028520499108734332,0.028520499108734332
21700272,2017-11-24 20:00:00,,Arbitrage,Moneyline,-163.0,175.0,true,0.016591773245765662,0.016591773245765662
21700272,2017-11-24 20:00:00,,Arbitrage,Moneyline,175.0,-160.0,true,0.020979020979020935,0.020979020979020935
21700272,2017-11-24 20:00:00,,Arbitrage,Moneyline,175.0,-160.0,true,0.020979020979020935,0.020979020979020935
21700272,2017-11-24 20:00:00,,Arbitrage,Moneyline,175.0,-170.0,true,0.006734006734006814,0.006734006734006814
21700272,2017-11-24 20:00:00,,Arbitrage,Moneyline,175.0,-155.0,true,0.028520499108734332,0.028520499108734332
21700272,2017-11-24 20:00:00,,Arbitrage,Moneyline,175.0,-163.0,true,0.016591773245765662,0.016591773245765662
21700277,2017-11-25 19:00:00,,Arbitrage,Moneyline,118.0,100.0,true,0.041284403669724634,0.041284403669724634
21700277,2017-11-25 19:00:00,,Arbitrage,Moneyline,110.0,100.0,true,0.023809523809523836,0.023809523809523836
21700277,2017-11-25 19:00:00,,Arbitrage,Moneyline,110.0,100.0,true,0.023809523809523836,0.023809523809523836
21700277,2017-11-25 19:00:00,,Arbitrage,Moneyline,120.0,100.0,true,0.045454545454545414,0.045454545454545414
21700277,2017-11-25 19:00:00,,Arbitrage,Moneyline,100.0,105.0,true,0.012195121951219523,0.012195121951219523
21700277,2017-11-25 19:00:00,,Arbitrage,Moneyline,100.0,110.0,true,0.023809523809523836,0.023809523809523836
21700277,2017-11-25 19:00:00,,Arbitrage,Moneyline,100.0,105.0,true,0.012195121951219523,0.012195121951219523
21700277,2017-11-25 19:00:00,,Arbitrage,Moneyline,100.0,110.0,true,0.023809523809523836,0.023809523809523836
21700277,2017-11-25 19:00:00,,Arbitrage,Moneyline,100.0,120.0,true,0.045454545454545414,0.045454545454545414
21700260,2017-11-22 20:00:00,,Arbitrage,Moneyline,-210.0,215.0,true,0.0051203277009729264,0.0051203277009729264
21700265,2017-11-22 21:00:00,,Arbitrage,Moneyline,369.0,-365.0,true,0.00183414723616937,0.00183414723616937
21700298,2017-11-28 19:00:00,,Arbitrage,Moneyline,-169.0,175.0,true,0.00811084825954711,0.00811084825954711
21700298,2017-11-28 19:00:00,,Arbitrage,Moneyline,-170.0,175.0,true,0.006734006734006814,0.006734006734006814
21700298,2017-11-28 19:00:00,,Arbitrage,Moneyline,-170.0,175.0,true,0.006734006734006814,0.006734006734006814
21700298,2017-11-28 19:00:00,,Arbitrage,Moneyline,175.0,-170.0,true,0.006734006734006814,0.006734006734006814
21700281,2017-11-25 20:00:00,,Arbitrage,Moneyline,-150.0,165.0,true,0.022641509433962148,0.022641509433962148
21700281,2017-11-25 20:00:00,,Arbitrage,Moneyline,-150.0,165.0,true,0.022641509433962148,0.022641509433962148
21700281,2017-11-25 20:00:00,,Arbitrage,Moneyline,-155.0,165.0,true,0.014798372179060215,0.014798372179060215
21700281,2017-11-25 20:00:00,,Arbitrage,Moneyline,-155.0,165.0,true,0.014798372179060215,0.014798372179060215
21700281,2017-11-25 20:00:00,,Arbitrage,Moneyline,165.0,-155.0,true,0.014798372179060215,0.014798372179060215
21700281,2017-11-25 20:00:00,,Arbitrage,Moneyline,165.0,-155.0,true,0.014798372179060215,0.014798372179060215
21700281,2017-11-25 20:00:00,,Arbitrage,Moneyline,165.0,-160.0,true,0.007256894049346818,0.007256894049346818
21700281,2017-11-25 20:00:00,,Arbitrage,Moneyline,165.0,-155.0,true,0.014798372179060215,0.014798372179060215
21700281,2017-11-25 20:00:00,,Arbitrage,Moneyline,165.0,-155.0,true,0.014798372179060215,0.014798372179060215
21700282,2017-11-25 20:00:00,,Arbitrage,Moneyline,1886.0,-1500.0,true,0.012147532729103738,0.012147532729103738
21700282,2017-11-25 20:00:00,,Arbitrage,Moneyline,1886.0,-1400.0,true,0.01631419939577039,0.01631419939577039
21700282,2017-11-25 20:00:00,,Arbitrage,Moneyline,1886.0,-1400.0,true,0.01631419939577039,0.01631419939577039
21700282,2017-11-25 20:00:00,,Arbitrage,Moneyline,1886.0,-1500.0,true,0.012147532729103738,0.012147532729103738
21700282,2017-11-25 20:00:00,,Arbitrage,Moneyline,2950.0,-1500.0,true,0.029713114754098324,0.029713114754098324
21700282,2017-11-25 20:00:00,,Arbitrage,Moneyline,2950.0,-1400.0,true,0.033879781420764976,0.033879781420764976
21700282,2017-11-25 20:00:00,,Arbitrage,Moneyline,2950.0,-1400.0,true,0.033879781420764976,0.033879781420764976
21700282,2017-11-25 20:00:00,,Arbitrage,Moneyline,2950.0,-1500.0,true,0.029713114754098324,0.029713114754098324
21700282,2017-11-25 20:00:00,,Arbitrage,Moneyline,-1500.0,1700.0,true,0.00694444444444442,0.00694444444444442
21700282,2017-11-25 20:00:00,,Arbitrage,Moneyline,-1500.0,1815.0,true,0.010280678851174896,0.010280678851174896
21700282,2017-11-25 20:00:00,,Arbitrage,Moneyline,-1500.0,1700.0,true,0.00694444444444442,0.00694444444444442
21700282,2017-11-25 20:00:00,,Arbitrage,Moneyline,1700.0,-1400.0,true,0.011111111111111072,0.011111111111111072
21700282,2017-11-25 20:00:00,,Arbitrage,Moneyline,1700.0,-1400.0,true,0.011111111111111072,0.011111111111111072
21700282,2017-11-25 20:00:00,,Arbitrage,Moneyline,1700.0,-1500.0,true,0.00694444444444442,0.00694444444444442
21700282,2017-11-25 20:00:00,,Arbitrage,Moneyline,-1400.0,1815.0,true,0.014447345517841548,0.014447345517841548
21700282,2017-11-25 20:00:00,,Arbitrage,Moneyline,-1400.0,1700.0,true,0.011111111111111072,0.011111111111111072
21700282,2017-11-25 20:00:00,,Arbitrage,Moneyline,1815.0,-1400.0,true,0.014447345517841548,0.014447345517841548
21700282,2017-11-25 20:00:00,,Arbitrage,Moneyline,1815.0,-1500.0,true,0.010280678851174896,0.010280678851174896
21700282,2017-11-25 20:00:00,,Arbitrage,Moneyline,-1400.0,1700.0,true,0.011111111111111072,0.011111111111111072
21700282,2017-11-25 20:00:00,,Arbitrage,Moneyline,-1500.0,1700.0,true,0.00694444444444442,0.00694444444444442
21700286,2017-11-25 22:00:00,,Arbitrage,Moneyline,175.0,-170.0,true,0.006734006734006814,0.006734006734006814
21700233,2017-11-18 21:00:00,,Arbitrage,Moneyline,-220.0,230.0,true,0.009469696969697017,0.009469696969697017
21400856,2015-02-27 19:00:00,,Arbitrage,Moneyline,124.0,150.0,true,0.15357142857142858,0.15357142857142858
21400856,2015-02-27 19:00:00,,Arbitrage,Moneyline,120.0,150.0,true,0.1454545454545455,0.1454545454545455
21400856,2015-02-27 19:00:00,,Arbitrage,Moneyline,120.0,150.0,true,0.1454545454545455,0.1454545454545455
21400856,2015-02-27 19:00:00,,Arbitrage,Moneyline,115.0,150.0,true,0.1348837209302325,0.1348837209302325
21400856,2015-02-27 19:00:00,,Arbitrage,Moneyline,150.0,120.0,true,0.1454545454545455,0.1454545454545455
21400856,2015-02-27 19:00:00,,Arbitrage,Moneyline,150.0,115.0,true,0.1348837209302325,0.1348837209302325
21400856,2015-02-27 19:00:00,,Arbitrage,Moneyline,150.0,120.0,true,0.1454545454545455,0.1454545454545455
21400856,2015-02-27 19:00:00,,Arbitrage,Moneyline,150.0,120.0,true,0.1454545454545455,0.1454545454545455
21400856,2015-02-27 19:00:00,,Arbitrage,Moneyline,150.0,115.0,true,0.1348837209302325,0.1348837209302325
21700224,2017-11-17 20:30:00,,Arbitrage,Moneyline,-225.0,235.0,true,0.009184845005740572,0.009184845005740572
21700224,2017-11-17 20:30:00,,Arbitrage,Moneyline,-230.0,235.0,true,0.0045228403437358455,0.0045228403437358455
21700252,2017-11-21 22:30:00,,Arbitrage,Moneyline,-220.0,225.0,true,0.004807692307692291,0.004807692307692291
21700257,2017-11-22 19:30:00,,Arbitrage,Moneyline,-114.0,125.0,true,0.022845275181723856,0.022845275181723856
21700257,2017-11-22 19:30:00,,Arbitrage,Moneyline,-117.0,125.0,true,0.016385048643113187,0.016385048643113187
21700257,2017-11-22 19:30:00,,Arbitrage,Moneyline,-120.0,125.0,true,0.010101010101010166,0.010101010101010166
21700257,2017-11-22 19:30:00,,Arbitrage,Moneyline,125.0,-120.0,true,0.010101010101010166,0.010101010101010166
21400871,2015-02-28 19:30:00,,Arbitrage,Moneyline,-140.0,175.0,true,0.053030303030303094,0.053030303030303094
21400871,2015-02-28 19:30:00,,Arbitrage,Moneyline,-135.0,175.0,true,0.06189555125725332,0.06189555125725332
21400871,2015-02-28 19:30:00,,Arbitrage,Moneyline,-145.0,175.0,true,0.04452690166975881,0.04452690166975881
21400871,2015-02-28 19:30:00,,Arbitrage,Moneyline,-145.0,175.0,true,0.04452690166975881,0.04452690166975881
21400871,2015-02-28 19:30:00,,Arbitrage,Moneyline,175.0,-140.0,true,0.053030303030303094,0.053030303030303094
21400871,2015-02-28 19:30:00,,Arbitrage,Moneyline,175.0,-140.0,true,0.053030303030303094,0.053030303030303094
21400871,2015-02-28 19:30:00,,Arbitrage,Moneyline,175.0,-140.0,true,0.053030303030303094,0.053030303030303094
21400871,2015-02-28 19:30:00,,Arbitrage,Moneyline,175.0,-145.0,true,0.04452690166975881,0.04452690166975881
21400871,2015-02-28 19:30:00,,Arbitrage,Moneyline,175.0,-145.0,true,0.04452690166975881,0.04452690166975881
21700241,2017-11-20 19:00:00,,Arbitrage,Moneyline,137.0,-130.0,true,0.012841680425609958,0.012841680425609958
21700241,2017-11-20 19:00:00,,Arbitrage,Moneyline,135.0,-130.0,true,0.009250693802035137,0.009250693802035137
21700241,2017-11-20 19:00:00,,Arbitrage,Moneyline,133.0,-130.0,true,0.005598059339428918,0.005598059339428918
21700241,2017-11-20 19:00:00,,Arbitrage,Moneyline,-130.0,140.0,true,0.018115942028985366,0.018115942028985366
21700241,2017-11-20 19:00:00,,Arbitrage,Moneyline,-130.0,133.0,true,0.005598059339428918,0.005598059339428918
21700242,2017-11-20 19:00:00,,Arbitrage,Moneyline,-120.0,125.0,true,0.010101010101010166,0.010101010101010166
21700249,2017-11-20 20:30:00,,Arbitrage,Moneyline,-260.0,265.0,true,0.003805175038051778,0.003805175038051778
21700249,2017-11-20 20:30:00,,Arbitrage,Moneyline,-260.0,265.0,true,0.003805175038051778,0.003805175038051778
21700249,2017-11-20 20:30:00,,Arbitrage,Moneyline,-260.0,265.0,true,0.003805175038051778,0.003805175038051778
21700249,2017-11-20 20:30:00,,Arbitrage,Moneyline,265.0,-260.0,true,0.003805175038051778,0.003805175038051778
21400701,2015-01-30 20:00:00,,Arbitrage,Moneyline,365.0,-315.0,true,0.02591009198082661,0.02591009198082661
21400701,2015-01-30 20:00:00,,Arbitrage,Moneyline,365.0,-350.0,true,0.007168458781361853,0.007168458781361853
21400701,2015-01-30 20:00:00,,Arbitrage,Moneyline,-315.0,355.0,true,0.02118363564146697,0.02118363564146697
21400701,2015-01-30 20:00:00,,Arbitrage,Moneyline,-315.0,320.0,true,0.002868617326448719,0.002868617326448719
21400701,2015-01-30 20:00:00,,Arbitrage,Moneyline,-315.0,325.0,true,0.005669737774627981,0.005669737774627981
21400701,2015-01-30 20:00:00,,Arbitrage,Moneyline,-315.0,355.0,true,0.02118363564146697,0.02118363564146697
21400701,2015-01-30 20:00:00,,Arbitrage,Moneyline,-315.0,320.0,true,0.002868617326448719,0.002868617326448719
21400701,2015-01-30 20:00:00,,Arbitrage,Moneyline,355.0,-350.0,true,0.0024420024420023223,0.0024420024420023223
21400701,2015-01-30 20:00:00,,Arbitrage,Moneyline,-350.0,355.0,true,0.0024420024420023223,0.0024420024420023223
21400710,2015-01-31 20:00:00,,Arbitrage,Moneyline,-165.0,205.0,true,0.04948963810702123,0.04948963810702123
21400710,2015-01-31 20:00:00,,Arbitrage,Moneyline,-170.0,205.0,true,0.042501517911354036,0.042501517911354036
21400710,2015-01-31 20:00:00,,Arbitrage,Moneyline,-175.0,205.0,true,0.03576751117734722,0.03576751117734722
21400710,2015-01-31 20:00:00,,Arbitrage,Moneyline,-170.0,205.0,true,0.042501517911354036,0.042501517911354036
21400710,2015-01-31 20:00:00,,Arbitrage,Moneyline,-180.0,205.0,true,0.029274004683840782,0.029274004683840782
21400710,2015-01-31 20:00:00,,Arbitrage,Moneyline,205.0,-175.0,true,0.03576751117734722,0.03576751117734722
21400710,2015-01-31 20:00:00,,Arbitrage,Moneyline,205.0,-180.0,true,0.029274004683840782,0.029274004683840782
21400710,2015-01-31 20:00:00,,Arbitrage,Moneyline,205.0,-175.0,true,0.03576751117734722,0.03576751117734722
21400710,2015-01-31 20:00:00,,Arbitrage,Moneyline,205.0,-170.0,true,0.042501517911354036,0.042501517911354036
21400713,2015-01-31 21:00:00,,Arbitrage,Moneyline,-193.0,210.0,true,0.018716283166354764,0.018716283166354764
21400713,2015-01-31 21:00:00,,Arbitrage,Moneyline,-200.0,210.0,true,0.010752688172043001,0.010752688172043001
21400713,2015-01-31 21:00:00,,Arbitrage,Moneyline,-195.0,210.0,true,0.016402405686167354,0.016402405686167354
21400713,2015-01-31 21:00:00,,Arbitrage,Moneyline,-195.0,210.0,true,0.016402405686167354,0.016402405686167354
21400713,2015-01-31 21:00:00,,Arbitrage,Moneyline,-200.0,210.0,true,0.010752688172043001,0.010752688172043001
21400713,2015-01-31 21:00:00,,Arbitrage,Moneyline,210.0,-190.0,true,0.022246941045606095,0.022246941045606095
21400713,2015-01-31 21:00:00,,Arbitrage,Moneyline,210.0,-200.0,true,0.010752688172043001,0.010752688172043001
21400713,2015-01-31 21:00:00,,Arbitrage,Moneyline,210.0,-195.0,true,0.016402405686167354,0.016402405686167354
21400713,2015-01-31 21:00:00,,Arbitrage,Moneyline,210.0,-195.0,true,0.016402405686167354,0.016402405686167354
21400718,2015-02-02 19:00:00,,Arbitrage,Moneyline,2500.0,-2450.0,true,7.541478129714507E-4,7.541478129714507E-4
21301164,2014-04-09 19:00:00,,Arbitrage,Moneyline,1200.0,-1150.0,true,0.003076923076922977,0.003076923076922977
20700773,2008-02-13 20:30:00,,Arbitrage,Moneyline,-420.0,425.0,true,0.001831501831501825,0.001831501831501825
20700775,2008-02-13 21:00:00,,Arbitrage,Moneyline,-140.0,145.0,true,0.008503401360544283,0.008503401360544283
41700111,2018-04-15 13:00:00,,Arbitrage,Moneyline,-169.0,170.0,true,0.0013768415255404065,0.0013768415255404065
41700111,2018-04-15 13:00:00,,Arbitrage,Moneyline,-165.0,170.0,true,0.006988120195667302,0.006988120195667302
41700111,2018-04-15 13:00:00,,Arbitrage,Moneyline,-163.0,170.0,true,0.009857766511758959,0.009857766511758959
41700111,2018-04-15 13:00:00,,Arbitrage,Moneyline,170.0,-165.0,true,0.006988120195667302,0.006988120195667302
41700111,2018-04-15 13:00:00,,Arbitrage,Moneyline,170.0,-163.0,true,0.009857766511758959,0.009857766511758959
21301138,2014-04-04 21:00:00,,Arbitrage,Moneyline,-128.0,145.0,true,0.03043322592194775,0.03043322592194775
21301138,2014-04-04 21:00:00,,Arbitrage,Moneyline,-130.0,145.0,true,0.02661934338952965,0.02661934338952965
21301138,2014-04-04 21:00:00,,Arbitrage,Moneyline,-135.0,145.0,true,0.01736864958749451,0.01736864958749451
21301138,2014-04-04 21:00:00,,Arbitrage,Moneyline,-137.0,145.0,true,0.01377766296391969,0.01377766296391969
21301138,2014-04-04 21:00:00,,Arbitrage,Moneyline,145.0,-135.0,true,0.01736864958749451,0.01736864958749451
21301138,2014-04-04 21:00:00,,Arbitrage,Moneyline,145.0,-135.0,true,0.01736864958749451,0.01736864958749451
21301138,2014-04-04 21:00:00,,Arbitrage,Moneyline,145.0,-135.0,true,0.01736864958749451,0.01736864958749451
21301138,2014-04-04 21:00:00,,Arbitrage,Moneyline,145.0,-135.0,true,0.01736864958749451,0.01736864958749451
21301138,2014-04-04 21:00:00,,Arbitrage,Moneyline,145.0,-137.0,true,0.01377766296391969,0.01377766296391969
21301143,2014-04-05 19:00:00,,Arbitrage,Moneyline,-123.0,125.0,true,0.003986048829098143,0.003986048829098143
21301143,2014-04-05 19:00:00,,Arbitrage,Moneyline,-123.0,175.0,true,0.08479412963717892,0.08479412963717892
21301143,2014-04-05 19:00:00,,Arbitrage,Moneyline,-123.0,125.0,true,0.003986048829098143,0.003986048829098143
21301143,2014-04-05 19:00:00,,Arbitrage,Moneyline,-123.0,140.0,true,0.03176382660687582,0.03176382660687582
21301143,2014-04-05 19:00:00,,Arbitrage,Moneyline,-135.0,175.0,true,0.06189555125725332,0.06189555125725332
21301143,2014-04-05 19:00:00,,Arbitrage,Moneyline,-135.0,140.0,true,0.008865248226950229,0.008865248226950229
21301143,2014-04-05 19:00:00,,Arbitrage,Moneyline,-135.0,175.0,true,0.06189555125725332,0.06189555125725332
21301143,2014-04-05 19:00:00,,Arbitrage,Moneyline,-135.0,140.0,true,0.008865248226950229,0.008865248226950229
21301143,2014-04-05 19:00:00,,Arbitrage,Moneyline,-140.0,175.0,true,0.053030303030303094,0.053030303030303094
21301143,2014-04-05 19:00:00,,Arbitrage,Moneyline,175.0,-130.0,true,0.07114624505928846,0.07114624505928846
21301143,2014-04-05 19:00:00,,Arbitrage,Moneyline,175.0,-145.0,true,0.04452690166975881,0.04452690166975881
21301143,2014-04-05 19:00:00,,Arbitrage,Moneyline,175.0,-160.0,true,0.020979020979020935,0.020979020979020935
21301143,2014-04-05 19:00:00,,Arbitrage,Moneyline,175.0,-135.0,true,0.06189555125725332,0.06189555125725332
21301143,2014-04-05 19:00:00,,Arbitrage,Moneyline,175.0,-140.0,true,0.053030303030303094,0.053030303030303094
21301143,2014-04-05 19:00:00,,Arbitrage,Moneyline,-130.0,140.0,true,0.018115942028985366,0.018115942028985366
21301143,2014-04-05 19:00:00,,Arbitrage,Moneyline,140.0,-135.0,true,0.008865248226950229,0.008865248226950229
41700104,2018-04-22 18:00:00,,Arbitrage,Moneyline,110.0,-105.0,true,0.011614401858304313,0.011614401858304313
41700104,2018-04-22 18:00:00,,Arbitrage,Moneyline,110.0,-105.0,true,0.011614401858304313,0.011614401858304313
20700759,2008-02-12 19:00:00,,Arbitrage,Moneyline,-168.0,170.0,true,0.0027639579878386833,0.0027639579878386833
20700759,2008-02-12 19:00:00,,Arbitrage,Moneyline,-168.0,170.0,true,0.0027639579878386833,0.0027639579878386833
20700759,2008-02-12 19:00:00,,Arbitrage,Moneyline,-168.0,170.0,true,0.0027639579878386833,0.0027639579878386833
20700757,2008-02-11 22:30:00,,Arbitrage,Moneyline,705.0,-700.0,true,7.763975155279379E-4,7.763975155279379E-4
20700757,2008-02-11 22:30:00,,Arbitrage,Moneyline,705.0,-600.0,true,0.018633540372670843,0.018633540372670843
20700757,2008-02-11 22:30:00,,Arbitrage,Moneyline,705.0,-650.0,true,0.009109730848861242,0.009109730848861242
20700757,2008-02-11 22:30:00,,Arbitrage,Moneyline,705.0,-600.0,true,0.018633540372670843,0.018633540372670843
41700106,2018-04-27 19:00:00,,Arbitrage,Moneyline,-128.0,130.0,true,0.0038138825324179892,0.0038138825324179892
41700106,2018-04-27 19:00:00,,Arbitrage,Moneyline,-127.0,130.0,true,0.005746025665581245,0.005746025665581245
20700793,2008-02-20 19:30:00,,Arbitrage,Moneyline,-148.0,150.0,true,0.003225806451612856,0.003225806451612856
20700793,2008-02-20 19:30:00,,Arbitrage,Moneyline,-142.0,150.0,true,0.013223140495867702,0.013223140495867702
20700792,2008-02-20 19:00:00,,Arbitrage,Moneyline,-117.0,130.0,true,0.02604688439190539,0.02604688439190539
20700792,2008-02-20 19:00:00,,Arbitrage,Moneyline,-120.0,130.0,true,0.01976284584980237,0.01976284584980237
20700792,2008-02-20 19:00:00,,Arbitrage,Moneyline,-125.0,130.0,true,0.009661835748792202,0.009661835748792202
20700792,2008-02-20 19:00:00,,Arbitrage,Moneyline,130.0,-125.0,true,0.009661835748792202,0.009661835748792202
20700782,2008-02-19 19:30:00,,Arbitrage,Moneyline,-240.0,248.0,true,0.006761325219743153,0.006761325219743153
20700730,2008-02-08 19:30:00,,Arbitrage,Moneyline,160.0,-159.0,true,0.0014850014850014137,0.0014850014850014137
41700153,2018-04-19 21:30:00,,Arbitrage,Moneyline,-149.0,155.0,true,0.009449562957713153,0.009449562957713153
41700153,2018-04-19 21:30:00,,Arbitrage,Moneyline,-149.0,150.0,true,0.0016064257028112205,0.0016064257028112205
41700153,2018-04-19 21:30:00,,Arbitrage,Moneyline,-150.0,155.0,true,0.007843137254901822,0.007843137254901822
41700152,2018-04-16 22:30:00,,Arbitrage,Moneyline,-561.0,1200.0,true,0.07436285348539506,0.07436285348539506
41700152,2018-04-16 22:30:00,,Arbitrage,Moneyline,-545.0,1200.0,true,0.07811568276684566,0.07811568276684566
41700152,2018-04-16 22:30:00,,Arbitrage,Moneyline,-530.0,1200.0,true,0.08180708180708174,0.08180708180708174
41700152,2018-04-16 22:30:00,,Arbitrage,Moneyline,-565.0,1200.0,true,0.07345286292654718,0.07345286292654718
41700152,2018-04-16 22:30:00,,Arbitrage,Moneyline,1200.0,-560.0,true,0.07459207459207451,0.07459207459207451
41700152,2018-04-16 22:30:00,,Arbitrage,Moneyline,1200.0,-600.0,true,0.06593406593406592,0.06593406593406592
41700152,2018-04-16 22:30:00,,Arbitrage,Moneyline,1200.0,-550.0,true,0.07692307692307687,0.07692307692307687
41700152,2018-04-16 22:30:00,,Arbitrage,Moneyline,1200.0,-530.0,true,0.08180708180708174,0.08180708180708174
41700152,2018-04-16 22:30:00,,Arbitrage,Moneyline,1200.0,-565.0,true,0.07345286292654718,0.07345286292654718
20700728,2008-02-08 19:00:00,,Arbitrage,Moneyline,-103.0,110.0,true,0.016420361247947435,0.016420361247947435
20700728,2008-02-08 19:00:00,,Arbitrage,Moneyline,-103.0,110.0,true,0.016420361247947435,0.016420361247947435
20700728,2008-02-08 19:00:00,,Arbitrage,Moneyline,110.0,-105.0,true,0.011614401858304313,0.011614401858304313
20700728,2008-02-08 19:00:00,,Arbitrage,Moneyline,-105.0,110.0,true,0.011614401858304313,0.011614401858304313
20700722,2008-02-06 22:00:00,,Arbitrage,Moneyline,245.0,-240.0,true,0.004262574595055524,0.004262574595055524
20700722,2008-02-06 22:00:00,,Arbitrage,Moneyline,245.0,-240.0,true,0.004262574595055524,0.004262574595055524
41700141,2018-04-15 21:00:00,,Arbitrage,Moneyline,-962.0,1300.0,true,0.022733387140166705,0.022733387140166705
41700141,2018-04-15 21:00:00,,Arbitrage,Moneyline,-1000.0,1300.0,true,0.019480519480519543,0.019480519480519543
41700141,2018-04-15 21:00:00,,Arbitrage,Moneyline,-1000.0,1300.0,true,0.019480519480519543,0.019480519480519543
41700141,2018-04-15 21:00:00,,Arbitrage,Moneyline,1300.0,-950.0,true,0.023809523809523725,0.023809523809523725
41700141,2018-04-15 21:00:00,,Arbitrage,Moneyline,1300.0,-1200.0,true,0.005494505494505475,0.005494505494505475
41700141,2018-04-15 21:00:00,,Arbitrage,Moneyline,1300.0,-900.0,true,0.028571428571428692,0.028571428571428692
41700141,2018-04-15 21:00:00,,Arbitrage,Moneyline,1300.0,-1000.0,true,0.019480519480519543,0.019480519480519543
41700131,2018-04-15 15:30:00,,Arbitrage,Moneyline,322.0,-220.0,true,0.07553317535545023,0.07553317535545023
41700131,2018-04-15 15:30:00,,Arbitrage,Moneyline,315.0,-220.0,true,0.07153614457831325,0.07153614457831325
41700131,2018-04-15 15:30:00,,Arbitrage,Moneyline,296.0,-220.0,true,0.0599747474747474,0.0599747474747474
41700131,2018-04-15 15:30:00,,Arbitrage,Moneyline,345.0,-220.0,true,0.0877808988764045,0.0877808988764045
41700131,2018-04-15 15:30:00,,Arbitrage,Moneyline,-220.0,285.0,true,0.052759740259740284,0.052759740259740284
41700131,2018-04-15 15:30:00,,Arbitrage,Moneyline,-220.0,295.0,true,0.05933544303797467,0.05933544303797467
41700131,2018-04-15 15:30:00,,Arbitrage,Moneyline,-220.0,310.0,true,0.06859756097560976,0.06859756097560976
41700131,2018-04-15 15:30:00,,Arbitrage,Moneyline,-220.0,296.0,true,0.0599747474747474,0.0599747474747474
41700131,2018-04-15 15:30:00,,Arbitrage,Moneyline,-220.0,345.0,true,0.0877808988764045,0.0877808988764045
20700749,2008-02-10 13:00:00,,Arbitrage,Moneyline,-126.0,130.0,true,0.0076952674105423835,0.0076952674105423835
41700135,2018-04-25 19:00:00,,Arbitrage,Moneyline,-275.0,525.0,true,0.10666666666666669,0.10666666666666669
41700135,2018-04-25 19:00:00,,Arbitrage,Moneyline,-305.0,525.0,true,0.08691358024691354,0.08691358024691354
41700135,2018-04-25 19:00:00,,Arbitrage,Moneyline,-300.0,525.0,true,0.08999999999999997,0.08999999999999997
41700135,2018-04-25 19:00:00,,Arbitrage,Moneyline,-310.0,525.0,true,0.08390243902439021,0.08390243902439021
41700135,2018-04-25 19:00:00,,Arbitrage,Moneyline,525.0,-310.0,true,0.08390243902439021,0.08390243902439021
41700135,2018-04-25 19:00:00,,Arbitrage,Moneyline,525.0,-300.0,true,0.08999999999999997,0.08999999999999997
41700135,2018-04-25 19:00:00,,Arbitrage,Moneyline,525.0,-300.0,true,0.08999999999999997,0.08999999999999997
41700135,2018-04-25 19:00:00,,Arbitrage,Moneyline,525.0,-300.0,true,0.08999999999999997,0.08999999999999997
41700135,2018-04-25 19:00:00,,Arbitrage,Moneyline,525.0,-310.0,true,0.08390243902439021,0.08390243902439021
41700134,2018-04-22 20:30:00,,Arbitrage,Moneyline,-123.0,125.0,true,0.003986048829098143,0.003986048829098143
41700134,2018-04-22 20:30:00,,Arbitrage,Moneyline,-118.0,120.0,true,0.00417014178482078,0.00417014178482078
41700134,2018-04-22 20:30:00,,Arbitrage,Moneyline,-118.0,125.0,true,0.014271151885830835,0.014271151885830835
41700134,2018-04-22 20:30:00,,Arbitrage,Moneyline,-118.0,120.0,true,0.00417014178482078,0.00417014178482078
41700134,2018-04-22 20:30:00,,Arbitrage,Moneyline,-118.0,120.0,true,0.00417014178482078,0.00417014178482078
20700744,2008-02-10 19:00:00,,Arbitrage,Moneyline,102.0,103.0,true,0.012339657611081356,0.012339657611081356
20700744,2008-02-10 19:00:00,,Arbitrage,Moneyline,102.0,100.0,true,0.004950495049504955,0.004950495049504955
20700743,2008-02-09 22:30:00,,Arbitrage,Moneyline,290.0,-280.0,true,0.006747638326585648,0.006747638326585648
20700736,2008-02-08 22:30:00,,Arbitrage,Moneyline,-575.0,580.0,true,0.0010893246187362315,0.0010893246187362315
41400401,2015-06-04 21:00:00,,Arbitrage,Moneyline,216.0,-210.0,true,0.0061249489587587025,0.0061249489587587025
20700735,2008-02-08 22:00:00,,Arbitrage,Moneyline,-116.0,117.0,true,0.0021334698754053028,0.0021334698754053028
20700711,2008-02-05 20:00:00,,Arbitrage,Moneyline,172.0,-170.0,true,0.002723311546841023,0.002723311546841023
20700711,2008-02-05 20:00:00,,Arbitrage,Moneyline,172.0,-170.0,true,0.002723311546841023,0.002723311546841023
41700172,2018-04-18 20:00:00,,Arbitrage,Moneyline,-162.0,165.0,true,0.004320898746939417,0.004320898746939417
41700172,2018-04-18 20:00:00,,Arbitrage,Moneyline,-163.0,165.0,true,0.0028696463160915453,0.0028696463160915453
41700172,2018-04-18 20:00:00,,Arbitrage,Moneyline,165.0,-163.0,true,0.0028696463160915453,0.0028696463160915453
41700171,2018-04-15 18:30:00,,Arbitrage,Moneyline,-179.0,185.0,true,0.007545746085644289,0.007545746085644289
41700171,2018-04-15 18:30:00,,Arbitrage,Moneyline,185.0,-180.0,true,0.006265664160401085,0.006265664160401085
20700703,2008-02-04 21:00:00,,Arbitrage,Moneyline,-131.0,135.0,true,0.007368518006815927,0.007368518006815927
20700703,2008-02-04 21:00:00,,Arbitrage,Moneyline,-130.0,135.0,true,0.009250693802035137,0.009250693802035137
20601029,2007-03-23 22:30:00,,Arbitrage,Moneyline,-138.0,140.0,true,0.003501400560224077,0.003501400560224077
20601023,2007-03-23 19:00:00,,Arbitrage,Moneyline,-126.0,130.0,true,0.0076952674105423835,0.0076952674105423835
20601038,2007-03-25 15:30:00,,Arbitrage,Moneyline,-167.0,180.0,true,0.01738897806313533,0.01738897806313533
20601039,2007-03-25 20:00:00,,Arbitrage,Moneyline,207.0,-185.0,true,0.025144293959654784,0.025144293959654784
20601039,2007-03-25 20:00:00,,Arbitrage,Moneyline,200.0,-185.0,true,0.01754385964912286,0.01754385964912286
20601039,2007-03-25 20:00:00,,Arbitrage,Moneyline,-185.0,210.0,true,0.028296547821165863,0.028296547821165863
20601037,2007-03-25 15:30:00,,Arbitrage,Moneyline,-103.0,105.0,true,0.004805959389643011,0.004805959389643011
21700301,2017-11-28 22:00:00,,Arbitrage,Moneyline,102.0,100.0,true,0.004950495049504955,0.004950495049504955
21700301,2017-11-28 22:00:00,,Arbitrage,Moneyline,103.0,100.0,true,0.007389162561576401,0.007389162561576401
20601044,2007-03-25 21:30:00,,Arbitrage,Moneyline,205.0,-180.0,true,0.029274004683840782,0.029274004683840782
20601044,2007-03-25 21:30:00,,Arbitrage,Moneyline,220.0,-180.0,true,0.044642857142857206,0.044642857142857206
20601044,2007-03-25 21:30:00,,Arbitrage,Moneyline,-180.0,220.0,true,0.044642857142857206,0.044642857142857206
21700337,2017-12-03 19:00:00,,Arbitrage,Moneyline,-325.0,330.0,true,0.002735978112175186,0.002735978112175186
21700337,2017-12-03 19:00:00,,Arbitrage,Moneyline,330.0,-325.0,true,0.002735978112175186,0.002735978112175186
21700317,2017-11-30 22:30:00,,Arbitrage,Moneyline,-103.0,105.0,true,0.004805959389643011,0.004805959389643011
21700320,2017-12-01 19:00:00,,Arbitrage,Moneyline,-105.0,110.0,true,0.011614401858304313,0.011614401858304313
21700320,2017-12-01 19:00:00,,Arbitrage,Moneyline,-105.0,110.0,true,0.011614401858304313,0.011614401858304313
21700320,2017-12-01 19:00:00,,Arbitrage,Moneyline,110.0,-105.0,true,0.011614401858304313,0.011614401858304313
21700320,2017-12-01 19:00:00,,Arbitrage,Moneyline,-105.0,110.0,true,0.011614401858304313,0.011614401858304313
20601058,2007-03-28 19:00:00,,Arbitrage,Moneyline,153.0,-150.0,true,0.004743083003952542,0.004743083003952542
20601062,2007-03-28 19:30:00,,Arbitrage,Moneyline,295.0,-280.0,true,0.009993337774816924,0.009993337774816924
20601062,2007-03-28 19:30:00,,Arbitrage,Moneyline,290.0,-280.0,true,0.006747638326585648,0.006747638326585648
20601068,2007-03-28 22:00:00,,Arbitrage,Moneyline,150.0,-145.0,true,0.008163265306122436,0.008163265306122436
20601075,2007-03-30 20:00:00,,Arbitrage,Moneyline,-235.0,240.0,true,0.004389815627743543,0.004389815627743543
20601095,2007-04-01 18:00:00,,Arbitrage,Moneyline,-285.0,290.0,true,0.0033300033300032172,0.0033300033300032172
21700380,2017-12-09 20:00:00,,Arbitrage,Moneyline,-152.0,155.0,true,0.00466853408029877,0.00466853408029877
21700380,2017-12-09 20:00:00,,Arbitrage,Moneyline,-150.0,155.0,true,0.007843137254901822,0.007843137254901822
21700380,2017-12-09 20:00:00,,Arbitrage,Moneyline,155.0,-150.0,true,0.007843137254901822,0.007843137254901822
21700381,2017-12-09 20:30:00,,Arbitrage,Moneyline,-104.0,105.0,true,0.002391200382592107,0.002391200382592107
21700383,2017-12-09 21:00:00,,Arbitrage,Moneyline,-183.0,190.0,true,0.008529304252467451,0.008529304252467451
21700383,2017-12-09 21:00:00,,Arbitrage,Moneyline,-183.0,190.0,true,0.008529304252467451,0.008529304252467451
21700383,2017-12-09 21:00:00,,Arbitrage,Moneyline,-183.0,185.0,true,0.002479697476907905,0.002479697476907905
21700383,2017-12-09 21:00:00,,Arbitrage,Moneyline,190.0,-180.0,true,0.012315270935960632,0.012315270935960632
21700383,2017-12-09 21:00:00,,Arbitrage,Moneyline,190.0,-185.0,true,0.006049606775559546,0.006049606775559546
21700383,2017-12-09 21:00:00,,Arbitrage,Moneyline,190.0,-180.0,true,0.012315270935960632,0.012315270935960632
21700383,2017-12-09 21:00:00,,Arbitrage,Moneyline,190.0,-185.0,true,0.006049606775559546,0.006049606775559546
21700383,2017-12-09 21:00:00,,Arbitrage,Moneyline,-180.0,190.0,true,0.012315270935960632,0.012315270935960632
21700383,2017-12-09 21:00:00,,Arbitrage,Moneyline,-180.0,185.0,true,0.006265664160401085,0.006265664160401085
21700383,2017-12-09 21:00:00,,Arbitrage,Moneyline,-185.0,190.0,true,0.006049606775559546,0.006049606775559546
21700383,2017-12-09 21:00:00,,Arbitrage,Moneyline,190.0,-180.0,true,0.012315270935960632,0.012315270935960632
21700383,2017-12-09 21:00:00,,Arbitrage,Moneyline,190.0,-185.0,true,0.006049606775559546,0.006049606775559546
21700383,2017-12-09 21:00:00,,Arbitrage,Moneyline,185.0,-180.0,true,0.006265664160401085,0.006265664160401085
21400780,2015-02-09 20:00:00,,Arbitrage,Moneyline,-136.0,140.0,true,0.007062146892655274,0.007062146892655274
21400780,2015-02-09 20:00:00,,Arbitrage,Moneyline,-135.0,140.0,true,0.008865248226950229,0.008865248226950229
21400780,2015-02-09 20:00:00,,Arbitrage,Moneyline,-135.0,140.0,true,0.008865248226950229,0.008865248226950229
21400780,2015-02-09 20:00:00,,Arbitrage,Moneyline,140.0,-135.0,true,0.008865248226950229,0.008865248226950229
21400782,2015-02-09 21:00:00,,Arbitrage,Moneyline,-250.0,255.0,true,0.004024144869215318,0.004024144869215318
21400799,2015-02-11 22:30:00,,Arbitrage,Moneyline,144.0,-140.0,true,0.006830601092896238,0.006830601092896238
21400722,2015-02-02 20:00:00,,Arbitrage,Moneyline,-143.0,145.0,true,0.003359368438733412,0.003359368438733412
21700358,2017-12-06 20:00:00,,Arbitrage,Moneyline,-140.0,145.0,true,0.008503401360544283,0.008503401360544283
21700358,2017-12-06 20:00:00,,Arbitrage,Moneyline,145.0,-140.0,true,0.008503401360544283,0.008503401360544283
21400744,2015-02-05 22:00:00,,Arbitrage,Moneyline,-142.0,145.0,true,0.0050598751897452665,0.0050598751897452665
21700371,2017-12-08 20:00:00,,Arbitrage,Moneyline,-200.0,205.0,true,0.005464480874316946,0.005464480874316946
21700371,2017-12-08 20:00:00,,Arbitrage,Moneyline,205.0,-200.0,true,0.005464480874316946,0.005464480874316946
21400763,2015-02-07 20:30:00,,Arbitrage,Moneyline,-230.0,235.0,true,0.0045228403437358455,0.0045228403437358455
21400763,2015-02-07 20:30:00,,Arbitrage,Moneyline,-230.0,240.0,true,0.008912655971479388,0.008912655971479388
21400762,2015-02-07 20:30:00,,Arbitrage,Moneyline,-135.0,140.0,true,0.008865248226950229,0.008865248226950229
21400762,2015-02-07 20:30:00,,Arbitrage,Moneyline,140.0,-135.0,true,0.008865248226950229,0.008865248226950229
20700212,2007-11-28 19:00:00,,Arbitrage,Moneyline,-236.0,240.0,true,0.003501400560224077,0.003501400560224077
21601109,2017-03-28 22:00:00,,Arbitrage,Moneyline,127.0,-125.0,true,0.003915810083210958,0.003915810083210958
20700209,2007-11-27 21:00:00,,Arbitrage,Moneyline,-290.0,295.0,true,0.003245699448231054,0.003245699448231054
20700200,2007-11-26 22:00:00,,Arbitrage,Moneyline,-240.0,250.0,true,0.008403361344537896,0.008403361344537896
21000917,2011-03-04 19:30:00,,Arbitrage,Moneyline,-127.0,135.0,true,0.014996719467616382,0.014996719467616382
21000917,2011-03-04 19:30:00,,Arbitrage,Moneyline,-130.0,135.0,true,0.009250693802035137,0.009250693802035137
21000917,2011-03-04 19:30:00,,Arbitrage,Moneyline,-130.0,135.0,true,0.009250693802035137,0.009250693802035137
21000917,2011-03-04 19:30:00,,Arbitrage,Moneyline,135.0,-130.0,true,0.009250693802035137,0.009250693802035137
20700233,2007-11-30 22:30:00,,Arbitrage,Moneyline,500.0,-490.0,true,0.0028248587570621764,0.0028248587570621764
20700239,2007-12-01 20:30:00,,Arbitrage,Moneyline,285.0,-270.0,true,0.010530010530010459,0.010530010530010459
21000911,2011-03-02 22:30:00,,Arbitrage,Moneyline,-132.0,135.0,true,0.0055025678650035825,0.0055025678650035825
20700228,2007-11-30 20:00:00,,Arbitrage,Moneyline,-136.0,140.0,true,0.007062146892655274,0.007062146892655274
21000908,2011-03-02 20:00:00,,Arbitrage,Moneyline,346.0,-340.0,true,0.0030574806359560114,0.0030574806359560114
21601198,2017-04-09 17:00:00,,Arbitrage,Moneyline,202.0,-200.0,true,0.002207505518763808,0.002207505518763808
21601198,2017-04-09 17:00:00,,Arbitrage,Moneyline,202.0,-190.0,true,0.013701758392326902,0.013701758392326902
21601195,2017-04-08 22:30:00,,Arbitrage,Moneyline,2050.0,-2000.0,true,0.0011074197120709561,0.0011074197120709561
21601195,2017-04-08 22:30:00,,Arbitrage,Moneyline,2050.0,-2000.0,true,0.0011074197120709561,0.0011074197120709561
21601195,2017-04-08 22:30:00,,Arbitrage,Moneyline,2050.0,-2000.0,true,0.0011074197120709561,0.0011074197120709561
21601197,2017-04-09 15:30:00,,Arbitrage,Moneyline,-183.0,185.0,true,0.002479697476907905,0.002479697476907905
21601197,2017-04-09 15:30:00,,Arbitrage,Moneyline,-183.0,185.0,true,0.002479697476907905,0.002479697476907905
21700937,2018-03-03 19:30:00,,Arbitrage,Moneyline,-162.0,165.0,true,0.004320898746939417,0.004320898746939417
21301216,2014-04-16 20:00:00,,Arbitrage,Moneyline,-125.0,135.0,true,0.01891252955082745,0.01891252955082745
21301216,2014-04-16 20:00:00,,Arbitrage,Moneyline,-125.0,130.0,true,0.009661835748792202,0.009661835748792202
21301216,2014-04-16 20:00:00,,Arbitrage,Moneyline,-125.0,130.0,true,0.009661835748792202,0.009661835748792202
21301216,2014-04-16 20:00:00,,Arbitrage,Moneyline,-125.0,135.0,true,0.01891252955082745,0.01891252955082745
21301216,2014-04-16 20:00:00,,Arbitrage,Moneyline,-125.0,130.0,true,0.009661835748792202,0.009661835748792202
21301222,2014-04-16 20:00:00,,Arbitrage,Moneyline,-315.0,320.0,true,0.002868617326448719,0.002868617326448719
21301222,2014-04-16 20:00:00,,Arbitrage,Moneyline,-315.0,320.0,true,0.002868617326448719,0.002868617326448719
21301222,2014-04-16 20:00:00,,Arbitrage,Moneyline,-315.0,320.0,true,0.002868617326448719,0.002868617326448719
21700966,2018-03-07 20:00:00,,Arbitrage,Moneyline,-183.0,185.0,true,0.002479697476907905,0.002479697476907905
21700966,2018-03-07 20:00:00,,Arbitrage,Moneyline,-183.0,185.0,true,0.002479697476907905,0.002479697476907905
21700966,2018-03-07 20:00:00,,Arbitrage,Moneyline,-183.0,185.0,true,0.002479697476907905,0.002479697476907905
21601173,2017-04-06 19:00:00,,Arbitrage,Moneyline,222.0,-220.0,true,0.0019409937888199558,0.0019409937888199558
21700970,2018-03-07 22:30:00,,Arbitrage,Moneyline,139.0,-135.0,true,0.007121873052612804,0.007121873052612804
21700970,2018-03-07 22:30:00,,Arbitrage,Moneyline,140.0,-135.0,true,0.008865248226950229,0.008865248226950229
21700970,2018-03-07 22:30:00,,Arbitrage,Moneyline,136.0,-135.0,true,0.0018031013342949542,0.0018031013342949542
21700970,2018-03-07 22:30:00,,Arbitrage,Moneyline,-135.0,140.0,true,0.008865248226950229,0.008865248226950229
21700970,2018-03-07 22:30:00,,Arbitrage,Moneyline,-135.0,136.0,true,0.0018031013342949542,0.0018031013342949542
21700974,2018-03-08 20:00:00,,Arbitrage,Moneyline,-129.0,130.0,true,0.0018986140117713823,0.0018986140117713823
21301200,2014-04-13 13:00:00,,Arbitrage,Moneyline,102.0,100.0,true,0.004950495049504955,0.004950495049504955
21301200,2014-04-13 13:00:00,,Arbitrage,Moneyline,102.0,100.0,true,0.004950495049504955,0.004950495049504955
21301200,2014-04-13 13:00:00,,Arbitrage,Moneyline,102.0,-101.0,true,0.0024629328604501843,0.0024629328604501843
21301200,2014-04-13 13:00:00,,Arbitrage,Moneyline,102.0,100.0,true,0.004950495049504955,0.004950495049504955
21301200,2014-04-13 13:00:00,,Arbitrage,Moneyline,102.0,100.0,true,0.004950495049504955,0.004950495049504955
21301200,2014-04-13 13:00:00,,Arbitrage,Moneyline,102.0,-101.0,true,0.0024629328604501843,0.0024629328604501843
21700961,2018-03-06 20:30:00,,Arbitrage,Moneyline,-230.0,234.0,true,0.0036291054255125355,0.0036291054255125355
21700961,2018-03-06 20:30:00,,Arbitrage,Moneyline,-230.0,235.0,true,0.0045228403437358455,0.0045228403437358455
21700961,2018-03-06 20:30:00,,Arbitrage,Moneyline,-230.0,234.0,true,0.0036291054255125355,0.0036291054255125355
21700904,2018-02-26 20:30:00,,Arbitrage,Moneyline,-138.0,150.0,true,0.020168067226890796,0.020168067226890796
21700904,2018-02-26 20:30:00,,Arbitrage,Moneyline,-140.0,150.0,true,0.01666666666666672,0.01666666666666672
21700904,2018-02-26 20:30:00,,Arbitrage,Moneyline,-140.0,150.0,true,0.01666666666666672,0.01666666666666672
21700904,2018-02-26 20:30:00,,Arbitrage,Moneyline,-145.0,150.0,true,0.008163265306122436,0.008163265306122436
21700904,2018-02-26 20:30:00,,Arbitrage,Moneyline,150.0,-145.0,true,0.008163265306122436,0.008163265306122436
21700904,2018-02-26 20:30:00,,Arbitrage,Moneyline,150.0,-140.0,true,0.01666666666666672,0.01666666666666672
21700904,2018-02-26 20:30:00,,Arbitrage,Moneyline,150.0,-145.0,true,0.008163265306122436,0.008163265306122436
21601118,2017-03-29 21:30:00,,Arbitrage,Moneyline,-170.0,175.0,true,0.006734006734006814,0.006734006734006814
21700869,2018-02-22 20:00:00,,Arbitrage,Moneyline,-255.0,470.0,true,0.10625154435384232,0.10625154435384232
21700869,2018-02-22 20:00:00,,Arbitrage,Moneyline,-255.0,470.0,true,0.10625154435384232,0.10625154435384232
21700869,2018-02-22 20:00:00,,Arbitrage,Moneyline,-250.0,470.0,true,0.11027568922305764,0.11027568922305764
21700869,2018-02-22 20:00:00,,Arbitrage,Moneyline,-250.0,470.0,true,0.11027568922305764,0.11027568922305764
21700869,2018-02-22 20:00:00,,Arbitrage,Moneyline,-290.0,470.0,true,0.08097165991902833,0.08097165991902833
21700869,2018-02-22 20:00:00,,Arbitrage,Moneyline,-290.0,470.0,true,0.08097165991902833,0.08097165991902833
21700869,2018-02-22 20:00:00,,Arbitrage,Moneyline,470.0,-290.0,true,0.08097165991902833,0.08097165991902833
21700869,2018-02-22 20:00:00,,Arbitrage,Moneyline,470.0,-285.0,true,0.08430166324903166,0.08430166324903166
21700869,2018-02-22 20:00:00,,Arbitrage,Moneyline,470.0,-265.0,true,0.09853400624849795,0.09853400624849795
21700869,2018-02-22 20:00:00,,Arbitrage,Moneyline,470.0,-275.0,true,0.09122807017543866,0.09122807017543866
21700869,2018-02-22 20:00:00,,Arbitrage,Moneyline,470.0,-290.0,true,0.08097165991902833,0.08097165991902833
21700869,2018-02-22 20:00:00,,Arbitrage,Moneyline,-290.0,470.0,true,0.08097165991902833,0.08097165991902833
21700869,2018-02-22 20:00:00,,Arbitrage,Moneyline,-285.0,470.0,true,0.08430166324903166,0.08430166324903166
21700869,2018-02-22 20:00:00,,Arbitrage,Moneyline,-265.0,470.0,true,0.09853400624849795,0.09853400624849795
21700869,2018-02-22 20:00:00,,Arbitrage,Moneyline,-275.0,470.0,true,0.09122807017543866,0.09122807017543866
21700869,2018-02-22 20:00:00,,Arbitrage,Moneyline,-290.0,470.0,true,0.08097165991902833,0.08097165991902833
21700873,2018-02-23 19:00:00,,Arbitrage,Moneyline,-124.0,125.0,true,0.001984126984126977,0.001984126984126977
21700873,2018-02-23 19:00:00,,Arbitrage,Moneyline,-124.0,125.0,true,0.001984126984126977,0.001984126984126977
21700856,2018-02-14 19:30:00,,Arbitrage,Moneyline,-150.0,165.0,true,0.022641509433962148,0.022641509433962148
21700856,2018-02-14 19:30:00,,Arbitrage,Moneyline,-155.0,165.0,true,0.014798372179060215,0.014798372179060215
21700856,2018-02-14 19:30:00,,Arbitrage,Moneyline,-160.0,165.0,true,0.007256894049346818,0.007256894049346818
21700856,2018-02-14 19:30:00,,Arbitrage,Moneyline,-158.0,165.0,true,0.01023840865876846,0.01023840865876846
21700856,2018-02-14 19:30:00,,Arbitrage,Moneyline,165.0,-160.0,true,0.007256894049346818,0.007256894049346818
21700856,2018-02-14 19:30:00,,Arbitrage,Moneyline,165.0,-160.0,true,0.007256894049346818,0.007256894049346818
21700856,2018-02-14 19:30:00,,Arbitrage,Moneyline,165.0,-158.0,true,0.01023840865876846,0.01023840865876846
21700855,2018-02-14 19:00:00,,Arbitrage,Moneyline,-156.0,160.0,true,0.006009615384615419,0.006009615384615419
21700894,2018-02-25 15:30:00,,Arbitrage,Moneyline,-174.0,185.0,true,0.014086310667178914,0.014086310667178914
21700894,2018-02-25 15:30:00,,Arbitrage,Moneyline,-170.0,185.0,true,0.01949317738791434,0.01949317738791434
21700896,2018-02-25 20:00:00,,Arbitrage,Moneyline,-183.0,185.0,true,0.002479697476907905,0.002479697476907905
21700897,2018-02-26 19:30:00,,Arbitrage,Moneyline,-123.0,125.0,true,0.003986048829098143,0.003986048829098143
21700878,2018-02-23 20:00:00,,Arbitrage,Moneyline,-197.0,200.0,true,0.0033670033670034627,0.0033670033670034627
21700884,2018-02-24 17:00:00,,Arbitrage,Moneyline,464.0,-450.0,true,0.004513217279174753,0.004513217279174753
21700884,2018-02-24 17:00:00,,Arbitrage,Moneyline,-450.0,455.0,true,0.0016380016380016515,0.0016380016380016515
21700884,2018-02-24 17:00:00,,Arbitrage,Moneyline,-450.0,455.0,true,0.0016380016380016515,0.0016380016380016515
20700291,2007-12-08 20:30:00,,Arbitrage,Moneyline,-210.0,220.0,true,0.01008064516129037,0.01008064516129037
41100111,2012-04-28 15:30:00,,Arbitrage,Moneyline,-580.0,665.0,true,0.016339869281045916,0.016339869281045916
41100111,2012-04-28 15:30:00,,Arbitrage,Moneyline,-580.0,1250.0,true,0.07298474945533784,0.07298474945533784
41100111,2012-04-28 15:30:00,,Arbitrage,Moneyline,665.0,-625.0,true,0.0072120802343925705,0.0072120802343925705
41100111,2012-04-28 15:30:00,,Arbitrage,Moneyline,665.0,-600.0,true,0.012138188608776912,0.012138188608776912
41100111,2012-04-28 15:30:00,,Arbitrage,Moneyline,665.0,-600.0,true,0.012138188608776912,0.012138188608776912
41100111,2012-04-28 15:30:00,,Arbitrage,Moneyline,-845.0,1250.0,true,0.031746031746031744,0.031746031746031744
41100111,2012-04-28 15:30:00,,Arbitrage,Moneyline,665.0,-580.0,true,0.016339869281045916,0.016339869281045916
41100111,2012-04-28 15:30:00,,Arbitrage,Moneyline,665.0,-600.0,true,0.012138188608776912,0.012138188608776912
41100111,2012-04-28 15:30:00,,Arbitrage,Moneyline,665.0,-620.0,true,0.008169934640522958,0.008169934640522958
41100111,2012-04-28 15:30:00,,Arbitrage,Moneyline,665.0,-600.0,true,0.012138188608776912,0.012138188608776912
41100111,2012-04-28 15:30:00,,Arbitrage,Moneyline,-625.0,1250.0,true,0.0638569604086845,0.0638569604086845
41100111,2012-04-28 15:30:00,,Arbitrage,Moneyline,-600.0,1250.0,true,0.06878306878306883,0.06878306878306883
41100111,2012-04-28 15:30:00,,Arbitrage,Moneyline,-600.0,1250.0,true,0.06878306878306883,0.06878306878306883
41100111,2012-04-28 15:30:00,,Arbitrage,Moneyline,1250.0,-580.0,true,0.07298474945533784,0.07298474945533784
41100111,2012-04-28 15:30:00,,Arbitrage,Moneyline,1250.0,-600.0,true,0.06878306878306883,0.06878306878306883
41100111,2012-04-28 15:30:00,,Arbitrage,Moneyline,1250.0,-620.0,true,0.06481481481481488,0.06481481481481488
41100111,2012-04-28 15:30:00,,Arbitrage,Moneyline,1250.0,-600.0,true,0.06878306878306883,0.06878306878306883
20700282,2007-12-07 20:00:00,,Arbitrage,Moneyline,-245.0,250.0,true,0.0041407867494823725,0.0041407867494823725
20700282,2007-12-07 20:00:00,,Arbitrage,Moneyline,-245.0,250.0,true,0.0041407867494823725,0.0041407867494823725
20700282,2007-12-07 20:00:00,,Arbitrage,Moneyline,-245.0,250.0,true,0.0041407867494823725,0.0041407867494823725
20700282,2007-12-07 20:00:00,,Arbitrage,Moneyline,250.0,-240.0,true,0.008403361344537896,0.008403361344537896
20700282,2007-12-07 20:00:00,,Arbitrage,Moneyline,250.0,-240.0,true,0.008403361344537896,0.008403361344537896
20700282,2007-12-07 20:00:00,,Arbitrage,Moneyline,-240.0,250.0,true,0.008403361344537896,0.008403361344537896
20700281,2007-12-07 19:30:00,,Arbitrage,Moneyline,-186.0,200.0,true,0.01631701631701632,0.01631701631701632
20700281,2007-12-07 19:30:00,,Arbitrage,Moneyline,-186.0,200.0,true,0.01631701631701632,0.01631701631701632
20700281,2007-12-07 19:30:00,,Arbitrage,Moneyline,-195.0,200.0,true,0.005649717514124353,0.005649717514124353
20700281,2007-12-07 19:30:00,,Arbitrage,Moneyline,-195.0,200.0,true,0.005649717514124353,0.005649717514124353
20700285,2007-12-07 22:30:00,,Arbitrage,Moneyline,400.0,-370.0,true,0.012765957446808418,0.012765957446808418
20700285,2007-12-07 22:30:00,,Arbitrage,Moneyline,375.0,-370.0,true,0.002239641657334812,0.002239641657334812
41100101,2012-04-28 13:00:00,,Arbitrage,Moneyline,-535.0,975.0,true,0.06445705914667643,0.06445705914667643
41100101,2012-04-28 13:00:00,,Arbitrage,Moneyline,975.0,-525.0,true,0.06697674418604649,0.06697674418604649
41100101,2012-04-28 13:00:00,,Arbitrage,Moneyline,975.0,-550.0,true,0.06082289803220031,0.06082289803220031
41100101,2012-04-28 13:00:00,,Arbitrage,Moneyline,975.0,-550.0,true,0.06082289803220031,0.06082289803220031
41100101,2012-04-28 13:00:00,,Arbitrage,Moneyline,975.0,-560.0,true,0.05849189570119795,0.05849189570119795
41100101,2012-04-28 13:00:00,,Arbitrage,Moneyline,975.0,-540.0,true,0.06322674418604657,0.06322674418604657
41100101,2012-04-28 13:00:00,,Arbitrage,Moneyline,975.0,-550.0,true,0.06082289803220031,0.06082289803220031
41100101,2012-04-28 13:00:00,,Arbitrage,Moneyline,975.0,-550.0,true,0.06082289803220031,0.06082289803220031
41100101,2012-04-28 13:00:00,,Arbitrage,Moneyline,975.0,-550.0,true,0.06082289803220031,0.06082289803220031
41100121,2012-04-28 19:00:00,,Arbitrage,Moneyline,497.0,-347.0,true,0.05620945892774831,0.05620945892774831
41100121,2012-04-28 19:00:00,,Arbitrage,Moneyline,510.0,-347.0,true,0.05977922030293015,0.05977922030293015
41100121,2012-04-28 19:00:00,,Arbitrage,Moneyline,500.0,-347.0,true,0.057046979865771785,0.057046979865771785
41100121,2012-04-28 19:00:00,,Arbitrage,Moneyline,495.0,-347.0,true,0.055646419641682154,0.055646419641682154
41100121,2012-04-28 19:00:00,,Arbitrage,Moneyline,425.0,-347.0,true,0.03323745605624795,0.03323745605624795
41100121,2012-04-28 19:00:00,,Arbitrage,Moneyline,-347.0,470.0,true,0.048275050041210354,0.048275050041210354
41100121,2012-04-28 19:00:00,,Arbitrage,Moneyline,-347.0,450.0,true,0.04189546471425665,0.04189546471425665
41100121,2012-04-28 19:00:00,,Arbitrage,Moneyline,-347.0,475.0,true,0.04980060305417755,0.04980060305417755
41100121,2012-04-28 19:00:00,,Arbitrage,Moneyline,-347.0,495.0,true,0.055646419641682154,0.055646419641682154
20700257,2007-12-04 19:00:00,,Arbitrage,Moneyline,129.0,-120.0,true,0.017864231838030986,0.017864231838030986
20700250,2007-12-03 19:00:00,,Arbitrage,Moneyline,161.0,-160.0,true,0.0014736221632773994,0.0014736221632773994
20700250,2007-12-03 19:00:00,,Arbitrage,Moneyline,161.0,-160.0,true,0.0014736221632773994,0.0014736221632773994
41100151,2012-04-28 21:30:00,,Arbitrage,Moneyline,-410.0,572.0,true,0.04726890756302515,0.04726890756302515
41100151,2012-04-28 21:30:00,,Arbitrage,Moneyline,-400.0,572.0,true,0.05119047619047612,0.05119047619047612
41100151,2012-04-28 21:30:00,,Arbitrage,Moneyline,-425.0,572.0,true,0.04166666666666663,0.04166666666666663
41100151,2012-04-28 21:30:00,,Arbitrage,Moneyline,-425.0,572.0,true,0.04166666666666663,0.04166666666666663
41100151,2012-04-28 21:30:00,,Arbitrage,Moneyline,-440.0,572.0,true,0.036375661375661394,0.036375661375661394
41100151,2012-04-28 21:30:00,,Arbitrage,Moneyline,572.0,-430.0,true,0.03986972147349499,0.03986972147349499
41100151,2012-04-28 21:30:00,,Arbitrage,Moneyline,572.0,-420.0,true,0.043498168498168455,0.043498168498168455
41100151,2012-04-28 21:30:00,,Arbitrage,Moneyline,572.0,-420.0,true,0.043498168498168455,0.043498168498168455
41100151,2012-04-28 21:30:00,,Arbitrage,Moneyline,572.0,-425.0,true,0.04166666666666663,0.04166666666666663
20700244,2007-12-02 15:30:00,,Arbitrage,Moneyline,-105.0,110.0,true,0.011614401858304313,0.011614401858304313
20700244,2007-12-02 15:30:00,,Arbitrage,Moneyline,-105.0,110.0,true,0.011614401858304313,0.011614401858304313
41100141,2012-04-29 13:00:00,,Arbitrage,Moneyline,-1150.0,1655.0,true,0.023019943019942923,0.023019943019942923
41100141,2012-04-29 13:00:00,,Arbitrage,Moneyline,-1050.0,1655.0,true,0.02997646475907345,0.02997646475907345
41100141,2012-04-29 13:00:00,,Arbitrage,Moneyline,-1300.0,1655.0,true,0.014448514448514471,0.014448514448514471
41100141,2012-04-29 13:00:00,,Arbitrage,Moneyline,-1200.0,1655.0,true,0.019943019943019946,0.019943019943019946
41100141,2012-04-29 13:00:00,,Arbitrage,Moneyline,1655.0,-1200.0,true,0.019943019943019946,0.019943019943019946
41100141,2012-04-29 13:00:00,,Arbitrage,Moneyline,1655.0,-1300.0,true,0.014448514448514471,0.014448514448514471
41100141,2012-04-29 13:00:00,,Arbitrage,Moneyline,1655.0,-1300.0,true,0.014448514448514471,0.014448514448514471
41100141,2012-04-29 13:00:00,,Arbitrage,Moneyline,1655.0,-1200.0,true,0.019943019943019946,0.019943019943019946
40800165,2009-04-28 21:30:00,,Arbitrage,Moneyline,202.0,-200.0,true,0.002207505518763808,0.002207505518763808
40800165,2009-04-28 21:30:00,,Arbitrage,Moneyline,202.0,-200.0,true,0.002207505518763808,0.002207505518763808
21400925,2015-03-07 19:30:00,,Arbitrage,Moneyline,102.0,100.0,true,0.004950495049504955,0.004950495049504955
21300087,2013-11-09 19:30:00,,Arbitrage,Moneyline,-104.0,105.0,true,0.002391200382592107,0.002391200382592107
21601220,2017-04-12 20:00:00,,Arbitrage,Moneyline,-145.0,148.0,true,0.004937458854509469,0.004937458854509469
21601220,2017-04-12 20:00:00,,Arbitrage,Moneyline,-145.0,148.0,true,0.004937458854509469,0.004937458854509469
21601220,2017-04-12 20:00:00,,Arbitrage,Moneyline,148.0,-145.0,true,0.004937458854509469,0.004937458854509469
21601220,2017-04-12 20:00:00,,Arbitrage,Moneyline,-145.0,148.0,true,0.004937458854509469,0.004937458854509469
21300091,2013-11-09 20:00:00,,Arbitrage,Moneyline,-119.0,120.0,true,0.0020755500207556565,0.0020755500207556565
20700117,2007-11-15 20:00:00,,Arbitrage,Moneyline,-115.0,117.0,true,0.004286785982209773,0.004286785982209773
20700104,2007-11-14 19:00:00,,Arbitrage,Moneyline,-105.0,106.0,true,0.0023679848448969754,0.0023679848448969754
21300046,2013-11-03 21:30:00,,Arbitrage,Moneyline,-103.0,105.0,true,0.004805959389643011,0.004805959389643011
21300046,2013-11-03 21:30:00,,Arbitrage,Moneyline,105.0,-103.0,true,0.004805959389643011,0.004805959389643011
21300046,2013-11-03 21:30:00,,Arbitrage,Moneyline,105.0,100.0,true,0.012195121951219523,0.012195121951219523
21300046,2013-11-03 21:30:00,,Arbitrage,Moneyline,105.0,105.0,true,0.024390243902438935,0.024390243902438935
21300046,2013-11-03 21:30:00,,Arbitrage,Moneyline,105.0,-103.0,true,0.004805959389643011,0.004805959389643011
21300053,2013-11-05 19:30:00,,Arbitrage,Moneyline,103.0,-101.0,true,0.004901600372521631,0.004901600372521631
21300053,2013-11-05 19:30:00,,Arbitrage,Moneyline,103.0,100.0,true,0.007389162561576401,0.007389162561576401
21300053,2013-11-05 19:30:00,,Arbitrage,Moneyline,103.0,-101.0,true,0.004901600372521631,0.004901600372521631
21400908,2015-03-04 22:30:00,,Arbitrage,Moneyline,107.0,105.0,true,0.02910333451160607,0.02910333451160607
21400908,2015-03-04 22:30:00,,Arbitrage,Moneyline,112.0,105.0,true,0.04049700874367235,0.04049700874367235
21400908,2015-03-04 22:30:00,,Arbitrage,Moneyline,115.0,105.0,true,0.04707884288145203,0.04707884288145203
21400908,2015-03-04 22:30:00,,Arbitrage,Moneyline,-102.0,105.0,true,0.007244626901714568,0.007244626901714568
21400908,2015-03-04 22:30:00,,Arbitrage,Moneyline,105.0,105.0,true,0.024390243902438935,0.024390243902438935
21400908,2015-03-04 22:30:00,,Arbitrage,Moneyline,100.0,105.0,true,0.012195121951219523,0.012195121951219523
21400908,2015-03-04 22:30:00,,Arbitrage,Moneyline,105.0,115.0,true,0.04707884288145203,0.04707884288145203
21400908,2015-03-04 22:30:00,,Arbitrage,Moneyline,105.0,-102.0,true,0.007244626901714568,0.007244626901714568
21000858,2011-02-23 22:30:00,,Arbitrage,Moneyline,-138.0,140.0,true,0.003501400560224077,0.003501400560224077
21000844,2011-02-22 21:00:00,,Arbitrage,Moneyline,-114.0,115.0,true,0.0021734405564008963,0.0021734405564008963
21000877,2011-02-26 20:30:00,,Arbitrage,Moneyline,165.0,-164.0,true,0.0014293882218410214,0.0014293882218410214
21000863,2011-02-25 19:00:00,,Arbitrage,Moneyline,638.0,-600.0,true,0.007355787843592809,0.007355787843592809
21000863,2011-02-25 19:00:00,,Arbitrage,Moneyline,638.0,-600.0,true,0.007355787843592809,0.007355787843592809
21000861,2011-02-25 19:00:00,,Arbitrage,Moneyline,-215.0,220.0,true,0.004960317460317443,0.004960317460317443
21000861,2011-02-25 19:00:00,,Arbitrage,Moneyline,-210.0,220.0,true,0.01008064516129037,0.01008064516129037
21000779,2011-02-09 19:30:00,,Arbitrage,Moneyline,305.0,-300.0,true,0.0030864197530864335,0.0030864197530864335
21000771,2011-02-08 20:00:00,,Arbitrage,Moneyline,318.0,-270.0,true,0.031035820509504597,0.031035820509504597
21000771,2011-02-08 20:00:00,,Arbitrage,Moneyline,320.0,-270.0,true,0.03217503217503204,0.03217503217503204
21000771,2011-02-08 20:00:00,,Arbitrage,Moneyline,-270.0,280.0,true,0.007112375533428139,0.007112375533428139
21000771,2011-02-08 20:00:00,,Arbitrage,Moneyline,-270.0,275.0,true,0.003603603603603567,0.003603603603603567
21000771,2011-02-08 20:00:00,,Arbitrage,Moneyline,-270.0,280.0,true,0.007112375533428139,0.007112375533428139
21000771,2011-02-08 20:00:00,,Arbitrage,Moneyline,-270.0,290.0,true,0.013860013860013787,0.013860013860013787
21000771,2011-02-08 20:00:00,,Arbitrage,Moneyline,-270.0,280.0,true,0.007112375533428139,0.007112375533428139
21700994,2018-03-11 15:30:00,,Arbitrage,Moneyline,-150.0,160.0,true,0.01538461538461533,0.01538461538461533
21700994,2018-03-11 15:30:00,,Arbitrage,Moneyline,-155.0,160.0,true,0.007541478129713397,0.007541478129713397
21700994,2018-03-11 15:30:00,,Arbitrage,Moneyline,-155.0,160.0,true,0.007541478129713397,0.007541478129713397
21700994,2018-03-11 15:30:00,,Arbitrage,Moneyline,-157.0,160.0,true,0.0044896737503741235,0.0044896737503741235
21700994,2018-03-11 15:30:00,,Arbitrage,Moneyline,160.0,-155.0,true,0.007541478129713397,0.007541478129713397
21700994,2018-03-11 15:30:00,,Arbitrage,Moneyline,160.0,-155.0,true,0.007541478129713397,0.007541478129713397
21700994,2018-03-11 15:30:00,,Arbitrage,Moneyline,160.0,-157.0,true,0.0044896737503741235,0.0044896737503741235
21700984,2018-03-09 22:00:00,,Arbitrage,Moneyline,116.0,100.0,true,0.03703703703703709,0.03703703703703709
21700984,2018-03-09 22:00:00,,Arbitrage,Moneyline,116.0,-115.0,true,0.0021533161068044704,0.0021533161068044704
21700984,2018-03-09 22:00:00,,Arbitrage,Moneyline,110.0,100.0,true,0.023809523809523836,0.023809523809523836
21700984,2018-03-09 22:00:00,,Arbitrage,Moneyline,105.0,100.0,true,0.012195121951219523,0.012195121951219523
21700984,2018-03-09 22:00:00,,Arbitrage,Moneyline,115.0,100.0,true,0.03488372093023262,0.03488372093023262
21700984,2018-03-09 22:00:00,,Arbitrage,Moneyline,100.0,105.0,true,0.012195121951219523,0.012195121951219523
21700984,2018-03-09 22:00:00,,Arbitrage,Moneyline,100.0,105.0,true,0.012195121951219523,0.012195121951219523
21700984,2018-03-09 22:00:00,,Arbitrage,Moneyline,100.0,110.0,true,0.023809523809523836,0.023809523809523836
21700984,2018-03-09 22:00:00,,Arbitrage,Moneyline,100.0,115.0,true,0.03488372093023262,0.03488372093023262
21700983,2018-03-09 21:00:00,,Arbitrage,Moneyline,285.0,-270.0,true,0.010530010530010459,0.010530010530010459
21700983,2018-03-09 21:00:00,,Arbitrage,Moneyline,290.0,-270.0,true,0.013860013860013787,0.013860013860013787
21700983,2018-03-09 21:00:00,,Arbitrage,Moneyline,290.0,-270.0,true,0.013860013860013787,0.013860013860013787
21700983,2018-03-09 21:00:00,,Arbitrage,Moneyline,-270.0,275.0,true,0.003603603603603567,0.003603603603603567
21700983,2018-03-09 21:00:00,,Arbitrage,Moneyline,-270.0,280.0,true,0.007112375533428139,0.007112375533428139
21700983,2018-03-09 21:00:00,,Arbitrage,Moneyline,-270.0,289.0,true,0.01320086152991029,0.01320086152991029
21700983,2018-03-09 21:00:00,,Arbitrage,Moneyline,-270.0,290.0,true,0.013860013860013787,0.013860013860013787
21700986,2018-03-09 22:30:00,,Arbitrage,Moneyline,-110.0,115.0,true,0.011074197120708673,0.011074197120708673
21700986,2018-03-09 22:30:00,,Arbitrage,Moneyline,-112.0,115.0,true,0.006581834137779685,0.006581834137779685
21000793,2011-02-11 20:00:00,,Arbitrage,Moneyline,-140.0,145.0,true,0.008503401360544283,0.008503401360544283
21000793,2011-02-11 20:00:00,,Arbitrage,Moneyline,-140.0,145.0,true,0.008503401360544283,0.008503401360544283
21000793,2011-02-11 20:00:00,,Arbitrage,Moneyline,145.0,-144.0,true,0.0016728002676480447,0.0016728002676480447
20700177,2007-11-23 21:00:00,,Arbitrage,Moneyline,1500.0,-1400.0,true,0.004166666666666652,0.004166666666666652
20700174,2007-11-23 20:00:00,,Arbitrage,Moneyline,-460.0,475.0,true,0.004658385093167738,0.004658385093167738
20700167,2007-11-21 21:00:00,,Arbitrage,Moneyline,1100.0,-1050.0,true,0.0036231884057971175,0.0036231884057971175
20700162,2007-11-21 20:00:00,,Arbitrage,Moneyline,-127.0,130.0,true,0.005746025665581245,0.005746025665581245
20700162,2007-11-21 20:00:00,,Arbitrage,Moneyline,-127.0,130.0,true,0.005746025665581245,0.005746025665581245
20700192,2007-11-25 12:00:00,,Arbitrage,Moneyline,-177.0,180.0,true,0.0038679731820525642,0.0038679731820525642
20700139,2007-11-17 21:00:00,,Arbitrage,Moneyline,1250.0,-1000.0,true,0.01683501683501687,0.01683501683501687
21400972,2015-03-13 20:30:00,,Arbitrage,Moneyline,-131.0,135.0,true,0.007368518006815927,0.007368518006815927
21400972,2015-03-13 20:30:00,,Arbitrage,Moneyline,-125.0,135.0,true,0.01891252955082745,0.01891252955082745
21400972,2015-03-13 20:30:00,,Arbitrage,Moneyline,135.0,-125.0,true,0.01891252955082745,0.01891252955082745
20700124,2007-11-16 19:30:00,,Arbitrage,Moneyline,-105.0,106.0,true,0.0023679848448969754,0.0023679848448969754
20700124,2007-11-16 19:30:00,,Arbitrage,Moneyline,106.0,-105.0,true,0.0023679848448969754,0.0023679848448969754
20700158,2007-11-21 19:30:00,,Arbitrage,Moneyline,620.0,-600.0,true,0.003968253968253954,0.003968253968253954
20700158,2007-11-21 19:30:00,,Arbitrage,Moneyline,620.0,-600.0,true,0.003968253968253954,0.003968253968253954
20700148,2007-11-19 21:00:00,,Arbitrage,Moneyline,675.0,-650.0,true,0.004301075268817178,0.004301075268817178
20700148,2007-11-19 21:00:00,,Arbitrage,Moneyline,675.0,-650.0,true,0.004301075268817178,0.004301075268817178
20700447,2007-12-30 21:00:00,,Arbitrage,Moneyline,410.0,-400.0,true,0.0039215686274509665,0.0039215686274509665
20700447,2007-12-30 21:00:00,,Arbitrage,Moneyline,410.0,-400.0,true,0.0039215686274509665,0.0039215686274509665
41400113,2015-04-23 19:00:00,,Arbitrage,Moneyline,-231.0,250.0,true,0.016400517911091983,0.016400517911091983
41400113,2015-04-23 19:00:00,,Arbitrage,Moneyline,-215.0,250.0,true,0.031746031746031744,0.031746031746031744
41400113,2015-04-23 19:00:00,,Arbitrage,Moneyline,250.0,-245.0,true,0.0041407867494823725,0.0041407867494823725
41400113,2015-04-23 19:00:00,,Arbitrage,Moneyline,250.0,-245.0,true,0.0041407867494823725,0.0041407867494823725
41400113,2015-04-23 19:00:00,,Arbitrage,Moneyline,250.0,-240.0,true,0.008403361344537896,0.008403361344537896
41400113,2015-04-23 19:00:00,,Arbitrage,Moneyline,250.0,-240.0,true,0.008403361344537896,0.008403361344537896
41400113,2015-04-23 19:00:00,,Arbitrage,Moneyline,250.0,-240.0,true,0.008403361344537896,0.008403361344537896
41400113,2015-04-23 19:00:00,,Arbitrage,Moneyline,250.0,-215.0,true,0.031746031746031744,0.031746031746031744
41400113,2015-04-23 19:00:00,,Arbitrage,Moneyline,250.0,-245.0,true,0.0041407867494823725,0.0041407867494823725
41400172,2015-04-22 20:00:00,,Arbitrage,Moneyline,-218.0,225.0,true,0.006773101112723667,0.006773101112723667
41400172,2015-04-22 20:00:00,,Arbitrage,Moneyline,-218.0,220.0,true,0.0019654088050313767,0.0019654088050313767
41400174,2015-04-27 22:30:00,,Arbitrage,Moneyline,160.0,-155.0,true,0.007541478129713397,0.007541478129713397
41400174,2015-04-27 22:30:00,,Arbitrage,Moneyline,-155.0,160.0,true,0.007541478129713397,0.007541478129713397
41400174,2015-04-27 22:30:00,,Arbitrage,Moneyline,-155.0,160.0,true,0.007541478129713397,0.007541478129713397
41400174,2015-04-27 22:30:00,,Arbitrage,Moneyline,-155.0,160.0,true,0.007541478129713397,0.007541478129713397
20700406,2007-12-25 17:00:00,,Arbitrage,Moneyline,-119.0,120.0,true,0.0020755500207556565,0.0020755500207556565
20700406,2007-12-25 17:00:00,,Arbitrage,Moneyline,-119.0,130.0,true,0.021838395870557914,0.021838395870557914
20700406,2007-12-25 17:00:00,,Arbitrage,Moneyline,-119.0,120.0,true,0.0020755500207556565,0.0020755500207556565
20700406,2007-12-25 17:00:00,,Arbitrage,Moneyline,-125.0,130.0,true,0.009661835748792202,0.009661835748792202
20700400,2007-12-23 12:00:00,,Arbitrage,Moneyline,-255.0,260.0,true,0.00391236306729259,0.00391236306729259
20700404,2007-12-23 21:00:00,,Arbitrage,Moneyline,-140.0,150.0,true,0.01666666666666672,0.01666666666666672
20700404,2007-12-23 21:00:00,,Arbitrage,Moneyline,-140.0,145.0,true,0.008503401360544283,0.008503401360544283
20700403,2007-12-23 18:30:00,,Arbitrage,Moneyline,470.0,-460.0,true,0.0031328320802005427,0.0031328320802005427
20700402,2007-12-23 18:00:00,,Arbitrage,Moneyline,-142.0,145.0,true,0.0050598751897452665,0.0050598751897452665
20700402,2007-12-23 18:00:00,,Arbitrage,Moneyline,-142.0,145.0,true,0.0050598751897452665,0.0050598751897452665
21300173,2013-11-20 22:30:00,,Arbitrage,Moneyline,193.0,-175.0,true,0.022339435308718514,0.022339435308718514
21300173,2013-11-20 22:30:00,,Arbitrage,Moneyline,193.0,-190.0,true,0.003530657879251331,0.003530657879251331
21300173,2013-11-20 22:30:00,,Arbitrage,Moneyline,-175.0,189.0,true,0.017615602390688823,0.017615602390688823
21300173,2013-11-20 22:30:00,,Arbitrage,Moneyline,-175.0,185.0,true,0.012759170653907526,0.012759170653907526
21300173,2013-11-20 22:30:00,,Arbitrage,Moneyline,-175.0,185.0,true,0.012759170653907526,0.012759170653907526
21300146,2013-11-16 22:30:00,,Arbitrage,Moneyline,1075.0,-760.0,true,0.03117268678871843,0.03117268678871843
21300146,2013-11-16 22:30:00,,Arbitrage,Moneyline,1075.0,-780.0,true,0.02852998065764023,0.02852998065764023
21300146,2013-11-16 22:30:00,,Arbitrage,Moneyline,1075.0,-760.0,true,0.03117268678871843,0.03117268678871843
21300146,2013-11-16 22:30:00,,Arbitrage,Moneyline,1075.0,-780.0,true,0.02852998065764023,0.02852998065764023
21300146,2013-11-16 22:30:00,,Arbitrage,Moneyline,925.0,-760.0,true,0.018718094157685772,0.018718094157685772
21300146,2013-11-16 22:30:00,,Arbitrage,Moneyline,925.0,-780.0,true,0.016075388026607573,0.016075388026607573
21300146,2013-11-16 22:30:00,,Arbitrage,Moneyline,925.0,-760.0,true,0.018718094157685772,0.018718094157685772
21300146,2013-11-16 22:30:00,,Arbitrage,Moneyline,925.0,-780.0,true,0.016075388026607573,0.016075388026607573
21300146,2013-11-16 22:30:00,,Arbitrage,Moneyline,-760.0,1010.0,true,0.026188979677351787,0.026188979677351787
21300146,2013-11-16 22:30:00,,Arbitrage,Moneyline,-760.0,910.0,true,0.017269168777342858,0.017269168777342858
21300146,2013-11-16 22:30:00,,Arbitrage,Moneyline,-780.0,1010.0,true,0.02354627354627359,0.02354627354627359
21300146,2013-11-16 22:30:00,,Arbitrage,Moneyline,-780.0,910.0,true,0.01462646264626466,0.01462646264626466
21300146,2013-11-16 22:30:00,,Arbitrage,Moneyline,1010.0,-760.0,true,0.026188979677351787,0.026188979677351787
21300146,2013-11-16 22:30:00,,Arbitrage,Moneyline,1010.0,-780.0,true,0.02354627354627359,0.02354627354627359
21300146,2013-11-16 22:30:00,,Arbitrage,Moneyline,910.0,-760.0,true,0.017269168777342858,0.017269168777342858
21300146,2013-11-16 22:30:00,,Arbitrage,Moneyline,910.0,-780.0,true,0.01462646264626466,0.01462646264626466
20700428,2007-12-28 20:30:00,,Arbitrage,Moneyline,-264.0,270.0,true,0.004455004455004463,0.004455004455004463
20700428,2007-12-28 20:30:00,,Arbitrage,Moneyline,-264.0,280.0,true,0.011567379988432602,0.011567379988432602
20700428,2007-12-28 20:30:00,,Arbitrage,Moneyline,-264.0,280.0,true,0.011567379988432602,0.011567379988432602
41400154,2015-04-26 21:00:00,,Arbitrage,Moneyline,-143.0,145.0,true,0.003359368438733412,0.003359368438733412
41400154,2015-04-26 21:00:00,,Arbitrage,Moneyline,-140.0,145.0,true,0.008503401360544283,0.008503401360544283
41400154,2015-04-26 21:00:00,,Arbitrage,Moneyline,145.0,-135.0,true,0.01736864958749451,0.01736864958749451
41400153,2015-04-24 19:00:00,,Arbitrage,Moneyline,105.0,100.0,true,0.012195121951219523,0.012195121951219523
20700426,2007-12-28 20:00:00,,Arbitrage,Moneyline,-101.0,102.0,true,0.0024629328604501843,0.0024629328604501843
20700424,2007-12-28 19:30:00,,Arbitrage,Moneyline,175.0,-170.0,true,0.006734006734006814,0.006734006734006814
41400161,2015-04-19 22:30:00,,Arbitrage,Moneyline,114.0,-103.0,true,0.025321117812255323,0.025321117812255323
41400161,2015-04-19 22:30:00,,Arbitrage,Moneyline,105.0,-103.0,true,0.004805959389643011,0.004805959389643011
41400161,2015-04-19 22:30:00,,Arbitrage,Moneyline,-103.0,105.0,true,0.004805959389643011,0.004805959389643011
41400161,2015-04-19 22:30:00,,Arbitrage,Moneyline,-103.0,110.0,true,0.016420361247947435,0.016420361247947435
41400161,2015-04-19 22:30:00,,Arbitrage,Moneyline,-103.0,105.0,true,0.004805959389643011,0.004805959389643011
41400161,2015-04-19 22:30:00,,Arbitrage,Moneyline,-103.0,110.0,true,0.016420361247947435,0.016420361247947435
41400161,2015-04-19 22:30:00,,Arbitrage,Moneyline,-103.0,105.0,true,0.004805959389643011,0.004805959389643011
21700709,2018-01-24 22:30:00,,Arbitrage,Moneyline,149.0,-145.0,true,0.006556839603311326,0.006556839603311326
21000727,2011-02-02 21:00:00,,Arbitrage,Moneyline,210.0,-195.0,true,0.016402405686167354,0.016402405686167354
21000727,2011-02-02 21:00:00,,Arbitrage,Moneyline,205.0,-195.0,true,0.011114198388441188,0.011114198388441188
21000727,2011-02-02 21:00:00,,Arbitrage,Moneyline,-195.0,210.0,true,0.016402405686167354,0.016402405686167354
21000727,2011-02-02 21:00:00,,Arbitrage,Moneyline,-195.0,205.0,true,0.011114198388441188,0.011114198388441188
21000727,2011-02-02 21:00:00,,Arbitrage,Moneyline,-195.0,200.0,true,0.005649717514124353,0.005649717514124353
21000727,2011-02-02 21:00:00,,Arbitrage,Moneyline,-195.0,200.0,true,0.005649717514124353,0.005649717514124353
21000727,2011-02-02 21:00:00,,Arbitrage,Moneyline,-195.0,210.0,true,0.016402405686167354,0.016402405686167354
21000721,2011-02-02 19:00:00,,Arbitrage,Moneyline,-124.0,128.0,true,0.00783208020050119,0.00783208020050119
21000721,2011-02-02 19:00:00,,Arbitrage,Moneyline,-124.0,125.0,true,0.001984126984126977,0.001984126984126977
21000720,2011-02-02 19:00:00,,Arbitrage,Moneyline,-215.0,235.0,true,0.018952854773750305,0.018952854773750305
21000720,2011-02-02 19:00:00,,Arbitrage,Moneyline,-215.0,230.0,true,0.01443001443001446,0.01443001443001446
21000720,2011-02-02 19:00:00,,Arbitrage,Moneyline,-215.0,245.0,true,0.027605244996549372,0.027605244996549372
21000720,2011-02-02 19:00:00,,Arbitrage,Moneyline,-215.0,235.0,true,0.018952854773750305,0.018952854773750305
21000720,2011-02-02 19:00:00,,Arbitrage,Moneyline,-215.0,230.0,true,0.01443001443001446,0.01443001443001446
21300132,2013-11-15 21:00:00,,Arbitrage,Moneyline,103.0,100.0,true,0.007389162561576401,0.007389162561576401
21300132,2013-11-15 21:00:00,,Arbitrage,Moneyline,103.0,100.0,true,0.007389162561576401,0.007389162561576401
21300132,2013-11-15 21:00:00,,Arbitrage,Moneyline,103.0,100.0,true,0.007389162561576401,0.007389162561576401
21700700,2018-01-23 22:30:00,,Arbitrage,Moneyline,-207.0,225.0,true,0.018040591330493516,0.018040591330493516
21700700,2018-01-23 22:30:00,,Arbitrage,Moneyline,-207.0,225.0,true,0.018040591330493516,0.018040591330493516
21700700,2018-01-23 22:30:00,,Arbitrage,Moneyline,-210.0,225.0,true,0.01488833746898266,0.01488833746898266
21700700,2018-01-23 22:30:00,,Arbitrage,Moneyline,-210.0,225.0,true,0.01488833746898266,0.01488833746898266
21700700,2018-01-23 22:30:00,,Arbitrage,Moneyline,-210.0,225.0,true,0.01488833746898266,0.01488833746898266
21700700,2018-01-23 22:30:00,,Arbitrage,Moneyline,-210.0,225.0,true,0.01488833746898266,0.01488833746898266
21700700,2018-01-23 22:30:00,,Arbitrage,Moneyline,225.0,-220.0,true,0.004807692307692291,0.004807692307692291
21700700,2018-01-23 22:30:00,,Arbitrage,Moneyline,225.0,-220.0,true,0.004807692307692291,0.004807692307692291
21700700,2018-01-23 22:30:00,,Arbitrage,Moneyline,225.0,-210.0,true,0.01488833746898266,0.01488833746898266
21700700,2018-01-23 22:30:00,,Arbitrage,Moneyline,-220.0,225.0,true,0.004807692307692291,0.004807692307692291
21700700,2018-01-23 22:30:00,,Arbitrage,Moneyline,-220.0,225.0,true,0.004807692307692291,0.004807692307692291
21700700,2018-01-23 22:30:00,,Arbitrage,Moneyline,-210.0,225.0,true,0.01488833746898266,0.01488833746898266
21700724,2018-01-27 17:00:00,,Arbitrage,Moneyline,-158.0,160.0,true,0.0029815146094216427,0.0029815146094216427
21700726,2018-01-27 19:30:00,,Arbitrage,Moneyline,-152.0,155.0,true,0.00466853408029877,0.00466853408029877
21700726,2018-01-27 19:30:00,,Arbitrage,Moneyline,-153.0,155.0,true,0.00310005425094928,0.00310005425094928
21700726,2018-01-27 19:30:00,,Arbitrage,Moneyline,155.0,-153.0,true,0.00310005425094928,0.00310005425094928
21000756,2011-02-06 12:00:00,,Arbitrage,Moneyline,-170.0,175.0,true,0.006734006734006814,0.006734006734006814
21000756,2011-02-06 12:00:00,,Arbitrage,Moneyline,-170.0,175.0,true,0.006734006734006814,0.006734006734006814
21000756,2011-02-06 12:00:00,,Arbitrage,Moneyline,175.0,-173.0,true,0.002664002664002574,0.002664002664002574
21000750,2011-02-05 20:30:00,,Arbitrage,Moneyline,264.0,-260.0,true,0.0030525030525030417,0.0030525030525030417
21700713,2018-01-25 22:30:00,,Arbitrage,Moneyline,-794.0,797.0,true,3.741030878467999E-4,3.741030878467999E-4
21700713,2018-01-25 22:30:00,,Arbitrage,Moneyline,-794.0,797.0,true,3.741030878467999E-4,3.741030878467999E-4
21000746,2011-02-05 19:00:00,,Arbitrage,Moneyline,-119.0,120.0,true,0.0020755500207556565,0.0020755500207556565
21000746,2011-02-05 19:00:00,,Arbitrage,Moneyline,-119.0,130.0,true,0.021838395870557914,0.021838395870557914
21000746,2011-02-05 19:00:00,,Arbitrage,Moneyline,-119.0,120.0,true,0.0020755500207556565,0.0020755500207556565
21000746,2011-02-05 19:00:00,,Arbitrage,Moneyline,-120.0,130.0,true,0.01976284584980237,0.01976284584980237
21300104,2013-11-11 21:00:00,,Arbitrage,Moneyline,-123.0,125.0,true,0.003986048829098143,0.003986048829098143
21000701,2011-01-30 13:00:00,,Arbitrage,Moneyline,-105.0,115.0,true,0.022688598979013097,0.022688598979013097
21000701,2011-01-30 13:00:00,,Arbitrage,Moneyline,-105.0,115.0,true,0.022688598979013097,0.022688598979013097
21000701,2011-01-30 13:00:00,,Arbitrage,Moneyline,-110.0,115.0,true,0.011074197120708673,0.011074197120708673
21000701,2011-01-30 13:00:00,,Arbitrage,Moneyline,-110.0,115.0,true,0.011074197120708673,0.011074197120708673
21700669,2018-01-19 20:00:00,,Arbitrage,Moneyline,102.0,100.0,true,0.004950495049504955,0.004950495049504955
21000696,2011-01-29 20:30:00,,Arbitrage,Moneyline,-195.0,200.0,true,0.005649717514124353,0.005649717514124353
21700662,2018-01-17 22:30:00,,Arbitrage,Moneyline,-168.0,170.0,true,0.0027639579878386833,0.0027639579878386833
21700662,2018-01-17 22:30:00,,Arbitrage,Moneyline,170.0,-168.0,true,0.0027639579878386833,0.0027639579878386833
21700679,2018-01-20 20:30:00,,Arbitrage,Moneyline,-129.0,140.0,true,0.02001455604075697,0.02001455604075697
21700679,2018-01-20 20:30:00,,Arbitrage,Moneyline,-129.0,130.0,true,0.0018986140117713823,0.0018986140117713823
21700679,2018-01-20 20:30:00,,Arbitrage,Moneyline,-135.0,140.0,true,0.008865248226950229,0.008865248226950229
21700679,2018-01-20 20:30:00,,Arbitrage,Moneyline,-135.0,140.0,true,0.008865248226950229,0.008865248226950229
21700679,2018-01-20 20:30:00,,Arbitrage,Moneyline,140.0,-135.0,true,0.008865248226950229,0.008865248226950229
41100306,2012-06-07 20:30:00,,Arbitrage,Moneyline,121.0,-120.0,true,0.002056766762649209,0.002056766762649209
21700614,2018-01-11 15:00:00,,Arbitrage,Moneyline,-116.0,130.0,true,0.028180354267310692,0.028180354267310692
21700614,2018-01-11 15:00:00,,Arbitrage,Moneyline,-118.0,130.0,true,0.023932987634623037,0.023932987634623037
21700614,2018-01-11 15:00:00,,Arbitrage,Moneyline,-125.0,130.0,true,0.009661835748792202,0.009661835748792202
21700614,2018-01-11 15:00:00,,Arbitrage,Moneyline,-120.0,130.0,true,0.01976284584980237,0.01976284584980237
21700614,2018-01-11 15:00:00,,Arbitrage,Moneyline,130.0,-125.0,true,0.009661835748792202,0.009661835748792202
21700614,2018-01-11 15:00:00,,Arbitrage,Moneyline,130.0,-125.0,true,0.009661835748792202,0.009661835748792202
21700614,2018-01-11 15:00:00,,Arbitrage,Moneyline,130.0,-125.0,true,0.009661835748792202,0.009661835748792202
21700614,2018-01-11 15:00:00,,Arbitrage,Moneyline,130.0,-120.0,true,0.01976284584980237,0.01976284584980237
21700615,2018-01-11 20:00:00,,Arbitrage,Moneyline,-135.0,140.0,true,0.008865248226950229,0.008865248226950229
21700615,2018-01-11 20:00:00,,Arbitrage,Moneyline,-135.0,140.0,true,0.008865248226950229,0.008865248226950229
21700615,2018-01-11 20:00:00,,Arbitrage,Moneyline,-136.0,140.0,true,0.007062146892655274,0.007062146892655274
21700615,2018-01-11 20:00:00,,Arbitrage,Moneyline,140.0,-136.0,true,0.007062146892655274,0.007062146892655274
21700617,2018-01-11 22:30:00,,Arbitrage,Moneyline,-128.0,130.0,true,0.0038138825324179892,0.0038138825324179892
21000649,2011-01-22 20:30:00,,Arbitrage,Moneyline,-127.0,135.0,true,0.014996719467616382,0.014996719467616382
21000649,2011-01-22 20:30:00,,Arbitrage,Moneyline,-130.0,135.0,true,0.009250693802035137,0.009250693802035137
21000649,2011-01-22 20:30:00,,Arbitrage,Moneyline,-130.0,135.0,true,0.009250693802035137,0.009250693802035137
21000649,2011-01-22 20:30:00,,Arbitrage,Moneyline,135.0,-130.0,true,0.009250693802035137,0.009250693802035137
21000649,2011-01-22 20:30:00,,Arbitrage,Moneyline,135.0,-130.0,true,0.009250693802035137,0.009250693802035137
21000649,2011-01-22 20:30:00,,Arbitrage,Moneyline,135.0,-130.0,true,0.009250693802035137,0.009250693802035137
21000643,2011-01-22 19:30:00,,Arbitrage,Moneyline,638.0,-600.0,true,0.007355787843592809,0.007355787843592809
21000643,2011-01-22 19:30:00,,Arbitrage,Moneyline,638.0,-600.0,true,0.007355787843592809,0.007355787843592809
21000643,2011-01-22 19:30:00,,Arbitrage,Moneyline,635.0,-600.0,true,0.006802721088435382,0.006802721088435382
21000643,2011-01-22 19:30:00,,Arbitrage,Moneyline,635.0,-600.0,true,0.006802721088435382,0.006802721088435382
21000643,2011-01-22 19:30:00,,Arbitrage,Moneyline,700.0,-600.0,true,0.017857142857142905,0.017857142857142905
21000643,2011-01-22 19:30:00,,Arbitrage,Moneyline,700.0,-600.0,true,0.017857142857142905,0.017857142857142905
21000643,2011-01-22 19:30:00,,Arbitrage,Moneyline,-600.0,650.0,true,0.009523809523809601,0.009523809523809601
21000643,2011-01-22 19:30:00,,Arbitrage,Moneyline,-600.0,650.0,true,0.009523809523809601,0.009523809523809601
21000643,2011-01-22 19:30:00,,Arbitrage,Moneyline,-600.0,700.0,true,0.017857142857142905,0.017857142857142905
21000643,2011-01-22 19:30:00,,Arbitrage,Moneyline,650.0,-600.0,true,0.009523809523809601,0.009523809523809601
21000643,2011-01-22 19:30:00,,Arbitrage,Moneyline,650.0,-600.0,true,0.009523809523809601,0.009523809523809601
21000643,2011-01-22 19:30:00,,Arbitrage,Moneyline,700.0,-600.0,true,0.017857142857142905,0.017857142857142905
21700622,2018-01-12 20:00:00,,Arbitrage,Moneyline,-167.0,175.0,true,0.010895471569628778,0.010895471569628778
21700622,2018-01-12 20:00:00,,Arbitrage,Moneyline,-167.0,175.0,true,0.010895471569628778,0.010895471569628778
21700622,2018-01-12 20:00:00,,Arbitrage,Moneyline,-167.0,170.0,true,0.004161464835622075,0.004161464835622075
21700648,2018-01-15 22:30:00,,Arbitrage,Moneyline,182.0,-180.0,true,0.002532928064843065,0.002532928064843065
21700648,2018-01-15 22:30:00,,Arbitrage,Moneyline,182.0,-180.0,true,0.002532928064843065,0.002532928064843065
21700648,2018-01-15 22:30:00,,Arbitrage,Moneyline,-180.0,182.0,true,0.002532928064843065,0.002532928064843065
21700648,2018-01-15 22:30:00,,Arbitrage,Moneyline,182.0,-180.0,true,0.002532928064843065,0.002532928064843065
21700638,2018-01-15 12:30:00,,Arbitrage,Moneyline,-135.0,140.0,true,0.008865248226950229,0.008865248226950229
20700493,2008-01-06 15:30:00,,Arbitrage,Moneyline,-285.0,290.0,true,0.0033300033300032172,0.0033300033300032172
20700492,2008-01-06 15:30:00,,Arbitrage,Moneyline,-345.0,355.0,true,0.004938881343375723,0.004938881343375723
20700486,2008-01-05 20:30:00,,Arbitrage,Moneyline,370.0,-345.0,true,0.011953143676787015,0.011953143676787015
20700486,2008-01-05 20:30:00,,Arbitrage,Moneyline,370.0,-365.0,true,0.0022878059940517614,0.0022878059940517614
20700486,2008-01-05 20:30:00,,Arbitrage,Moneyline,370.0,-365.0,true,0.0022878059940517614,0.0022878059940517614
20700335,2007-12-14 20:30:00,,Arbitrage,Moneyline,610.0,-600.0,true,0.002012072434607659,0.002012072434607659
20700335,2007-12-14 20:30:00,,Arbitrage,Moneyline,610.0,-600.0,true,0.002012072434607659,0.002012072434607659
20700326,2007-12-13 22:30:00,,Arbitrage,Moneyline,245.0,-240.0,true,0.004262574595055524,0.004262574595055524
20700351,2007-12-16 13:00:00,,Arbitrage,Moneyline,108.0,106.0,true,0.03379387602688577,0.03379387602688577
20700351,2007-12-16 13:00:00,,Arbitrage,Moneyline,108.0,100.0,true,0.019230769230769273,0.019230769230769273
20700342,2007-12-15 19:30:00,,Arbitrage,Moneyline,162.0,-160.0,true,0.0029359953024075125,0.0029359953024075125
20700339,2007-12-15 19:00:00,,Arbitrage,Moneyline,318.0,-315.0,true,0.0017294056609211683,0.0017294056609211683
20700313,2007-12-11 22:30:00,,Arbitrage,Moneyline,121.0,120.0,true,0.09296585767174004,0.09296585767174004
20700313,2007-12-11 22:30:00,,Arbitrage,Moneyline,121.0,135.0,true,0.12197939732357754,0.12197939732357754
20700313,2007-12-11 22:30:00,,Arbitrage,Moneyline,121.0,120.0,true,0.09296585767174004,0.09296585767174004
20700313,2007-12-11 22:30:00,,Arbitrage,Moneyline,120.0,120.0,true,0.09090909090909094,0.09090909090909094
20700313,2007-12-11 22:30:00,,Arbitrage,Moneyline,120.0,135.0,true,0.11992263056092844,0.11992263056092844
20700313,2007-12-11 22:30:00,,Arbitrage,Moneyline,120.0,120.0,true,0.09090909090909094,0.09090909090909094
20700313,2007-12-11 22:30:00,,Arbitrage,Moneyline,115.0,120.0,true,0.08033826638477803,0.08033826638477803
20700313,2007-12-11 22:30:00,,Arbitrage,Moneyline,115.0,135.0,true,0.10935180603661554,0.10935180603661554
20700313,2007-12-11 22:30:00,,Arbitrage,Moneyline,115.0,120.0,true,0.08033826638477803,0.08033826638477803
20700313,2007-12-11 22:30:00,,Arbitrage,Moneyline,120.0,120.0,true,0.09090909090909094,0.09090909090909094
20700313,2007-12-11 22:30:00,,Arbitrage,Moneyline,135.0,120.0,true,0.11992263056092844,0.11992263056092844
20700313,2007-12-11 22:30:00,,Arbitrage,Moneyline,120.0,120.0,true,0.09090909090909094,0.09090909090909094
20700308,2007-12-11 19:00:00,,Arbitrage,Moneyline,-136.0,140.0,true,0.007062146892655274,0.007062146892655274
20700308,2007-12-11 19:00:00,,Arbitrage,Moneyline,126.0,-125.0,true,0.001966568338249708,0.001966568338249708
20700308,2007-12-11 19:00:00,,Arbitrage,Moneyline,130.0,-125.0,true,0.009661835748792202,0.009661835748792202
20700308,2007-12-11 19:00:00,,Arbitrage,Moneyline,-135.0,140.0,true,0.008865248226950229,0.008865248226950229
20700308,2007-12-11 19:00:00,,Arbitrage,Moneyline,140.0,-125.0,true,0.02777777777777768,0.02777777777777768
20700307,2007-12-11 19:00:00,,Arbitrage,Moneyline,-136.0,140.0,true,0.007062146892655274,0.007062146892655274
20700307,2007-12-11 19:00:00,,Arbitrage,Moneyline,-136.0,140.0,true,0.007062146892655274,0.007062146892655274
21300278,2013-12-05 20:00:00,,Arbitrage,Moneyline,-119.0,120.0,true,0.0020755500207556565,0.0020755500207556565
21300278,2013-12-05 20:00:00,,Arbitrage,Moneyline,108.0,-105.0,true,0.0070356472795497504,0.0070356472795497504
21300278,2013-12-05 20:00:00,,Arbitrage,Moneyline,108.0,100.0,true,0.019230769230769273,0.019230769230769273
21300278,2013-12-05 20:00:00,,Arbitrage,Moneyline,120.0,-105.0,true,0.03325942350332589,0.03325942350332589
21300278,2013-12-05 20:00:00,,Arbitrage,Moneyline,120.0,100.0,true,0.045454545454545414,0.045454545454545414
21300278,2013-12-05 20:00:00,,Arbitrage,Moneyline,110.0,-105.0,true,0.011614401858304313,0.011614401858304313
21300278,2013-12-05 20:00:00,,Arbitrage,Moneyline,110.0,100.0,true,0.023809523809523836,0.023809523809523836
21300278,2013-12-05 20:00:00,,Arbitrage,Moneyline,105.0,100.0,true,0.012195121951219523,0.012195121951219523
21300278,2013-12-05 20:00:00,,Arbitrage,Moneyline,105.0,100.0,true,0.012195121951219523,0.012195121951219523
21300278,2013-12-05 20:00:00,,Arbitrage,Moneyline,-105.0,110.0,true,0.011614401858304313,0.011614401858304313
21300278,2013-12-05 20:00:00,,Arbitrage,Moneyline,100.0,110.0,true,0.023809523809523836,0.023809523809523836
21300278,2013-12-05 20:00:00,,Arbitrage,Moneyline,100.0,105.0,true,0.012195121951219523,0.012195121951219523
21300237,2013-11-29 20:00:00,,Arbitrage,Moneyline,-164.0,165.0,true,0.0014293882218410214,0.0014293882218410214
21300237,2013-11-29 20:00:00,,Arbitrage,Moneyline,-160.0,165.0,true,0.007256894049346818,0.007256894049346818
21700830,2018-02-10 20:30:00,,Arbitrage,Moneyline,145.0,-140.0,true,0.008503401360544283,0.008503401360544283
21700830,2018-02-10 20:30:00,,Arbitrage,Moneyline,144.0,-140.0,true,0.006830601092896238,0.006830601092896238
21700830,2018-02-10 20:30:00,,Arbitrage,Moneyline,-140.0,144.0,true,0.006830601092896238,0.006830601092896238
21700813,2018-02-08 20:00:00,,Arbitrage,Moneyline,-119.0,120.0,true,0.0020755500207556565,0.0020755500207556565
21000605,2011-01-17 15:30:00,,Arbitrage,Moneyline,165.0,-160.0,true,0.007256894049346818,0.007256894049346818
21700817,2018-02-09 19:00:00,,Arbitrage,Moneyline,-154.0,155.0,true,0.0015439246564766806,0.0015439246564766806
21700819,2018-02-09 19:30:00,,Arbitrage,Moneyline,-117.0,118.0,true,0.002113896757282241,0.002113896757282241
21700819,2018-02-09 19:30:00,,Arbitrage,Moneyline,-117.0,120.0,true,0.006284038542103021,0.006284038542103021
21000601,2011-01-17 14:00:00,,Arbitrage,Moneyline,205.0,-200.0,true,0.005464480874316946,0.005464480874316946
21601064,2017-03-22 21:00:00,,Arbitrage,Moneyline,130.0,-125.0,true,0.009661835748792202,0.009661835748792202
21700835,2018-02-11 15:30:00,,Arbitrage,Moneyline,176.0,-175.0,true,0.0013175230566534468,0.0013175230566534468
21700835,2018-02-11 15:30:00,,Arbitrage,Moneyline,177.0,-175.0,true,0.002625533311453876,0.002625533311453876
21700835,2018-02-11 15:30:00,,Arbitrage,Moneyline,-175.0,176.0,true,0.0013175230566534468,0.0013175230566534468
21700835,2018-02-11 15:30:00,,Arbitrage,Moneyline,-175.0,177.0,true,0.002625533311453876,0.002625533311453876
21300200,2013-11-24 19:00:00,,Arbitrage,Moneyline,-1050.0,1100.0,true,0.0036231884057971175,0.0036231884057971175
21300200,2013-11-24 19:00:00,,Arbitrage,Moneyline,-1050.0,1100.0,true,0.0036231884057971175,0.0036231884057971175
21300200,2013-11-24 19:00:00,,Arbitrage,Moneyline,-1085.0,1100.0,true,0.0010548523206751481,0.0010548523206751481
21300200,2013-11-24 19:00:00,,Arbitrage,Moneyline,-1085.0,1100.0,true,0.0010548523206751481,0.0010548523206751481
21700801,2018-02-06 19:30:00,,Arbitrage,Moneyline,105.0,105.0,true,0.024390243902438935,0.024390243902438935
21700801,2018-02-06 19:30:00,,Arbitrage,Moneyline,108.0,105.0,true,0.031425891181988685,0.031425891181988685
21700801,2018-02-06 19:30:00,,Arbitrage,Moneyline,100.0,105.0,true,0.012195121951219523,0.012195121951219523
21700801,2018-02-06 19:30:00,,Arbitrage,Moneyline,105.0,105.0,true,0.024390243902438935,0.024390243902438935
21700801,2018-02-06 19:30:00,,Arbitrage,Moneyline,105.0,100.0,true,0.012195121951219523,0.012195121951219523
21700801,2018-02-06 19:30:00,,Arbitrage,Moneyline,105.0,105.0,true,0.024390243902438935,0.024390243902438935
21700801,2018-02-06 19:30:00,,Arbitrage,Moneyline,105.0,105.0,true,0.024390243902438935,0.024390243902438935
21700801,2018-02-06 19:30:00,,Arbitrage,Moneyline,105.0,100.0,true,0.012195121951219523,0.012195121951219523
21700801,2018-02-06 19:30:00,,Arbitrage,Moneyline,105.0,105.0,true,0.024390243902438935,0.024390243902438935
21700805,2018-02-07 19:00:00,,Arbitrage,Moneyline,432.0,-430.0,true,7.093204709887058E-4,7.093204709887058E-4
21700805,2018-02-07 19:00:00,,Arbitrage,Moneyline,-430.0,435.0,true,0.0017633574325515156,0.0017633574325515156
21601012,2017-03-15 22:00:00,,Arbitrage,Moneyline,-200.0,205.0,true,0.005464480874316946,0.005464480874316946
21601012,2017-03-15 22:00:00,,Arbitrage,Moneyline,-200.0,205.0,true,0.005464480874316946,0.005464480874316946
21601012,2017-03-15 22:00:00,,Arbitrage,Moneyline,205.0,-200.0,true,0.005464480874316946,0.005464480874316946
21601012,2017-03-15 22:00:00,,Arbitrage,Moneyline,205.0,-200.0,true,0.005464480874316946,0.005464480874316946
21601012,2017-03-15 22:00:00,,Arbitrage,Moneyline,-200.0,205.0,true,0.005464480874316946,0.005464480874316946
21601012,2017-03-15 22:00:00,,Arbitrage,Moneyline,205.0,-200.0,true,0.005464480874316946,0.005464480874316946
21601005,2017-03-15 19:00:00,,Arbitrage,Moneyline,142.0,-140.0,true,0.003443526170799016,0.003443526170799016
21700784,2018-02-04 12:00:00,,Arbitrage,Moneyline,-101.0,110.0,true,0.021321961620469065,0.021321961620469065
21700784,2018-02-04 12:00:00,,Arbitrage,Moneyline,-101.0,110.0,true,0.021321961620469065,0.021321961620469065
21700784,2018-02-04 12:00:00,,Arbitrage,Moneyline,-101.0,105.0,true,0.009707559762164752,0.009707559762164752
21700784,2018-02-04 12:00:00,,Arbitrage,Moneyline,-101.0,105.0,true,0.009707559762164752,0.009707559762164752
21700784,2018-02-04 12:00:00,,Arbitrage,Moneyline,-101.0,110.0,true,0.021321961620469065,0.021321961620469065
21700783,2018-02-03 22:00:00,,Arbitrage,Moneyline,179.0,-178.0,true,0.001289291147726912,0.001289291147726912
21700783,2018-02-03 22:00:00,,Arbitrage,Moneyline,179.0,-178.0,true,0.001289291147726912,0.001289291147726912
21700783,2018-02-03 22:00:00,,Arbitrage,Moneyline,179.0,-178.0,true,0.001289291147726912,0.001289291147726912
41100404,2012-06-19 21:00:00,,Arbitrage,Moneyline,136.0,-135.0,true,0.0018031013342949542,0.0018031013342949542
21000522,2011-01-05 22:30:00,,Arbitrage,Moneyline,-134.0,135.0,true,0.0018185124568101951,0.0018185124568101951
21700744,2018-01-30 19:00:00,,Arbitrage,Moneyline,-154.0,155.0,true,0.0015439246564766806,0.0015439246564766806
21000559,2011-01-11 22:00:00,,Arbitrage,Moneyline,171.0,-170.0,true,0.0013666803334700939,0.0013666803334700939
21601091,2017-03-26 15:30:00,,Arbitrage,Moneyline,-218.0,220.0,true,0.0019654088050313767,0.0019654088050313767
21000543,2011-01-08 20:30:00,,Arbitrage,Moneyline,102.0,100.0,true,0.004950495049504955,0.004950495049504955
21700765,2018-02-01 22:30:00,,Arbitrage,Moneyline,-116.0,125.0,true,0.01851851851851849,0.01851851851851849
21700765,2018-02-01 22:30:00,,Arbitrage,Moneyline,-116.0,120.0,true,0.008417508417508435,0.008417508417508435
21700765,2018-02-01 22:30:00,,Arbitrage,Moneyline,-120.0,125.0,true,0.010101010101010166,0.010101010101010166
21700765,2018-02-01 22:30:00,,Arbitrage,Moneyline,-115.0,125.0,true,0.02067183462532296,0.02067183462532296
21700765,2018-02-01 22:30:00,,Arbitrage,Moneyline,-115.0,120.0,true,0.010570824524312794,0.010570824524312794
21700765,2018-02-01 22:30:00,,Arbitrage,Moneyline,125.0,-115.0,true,0.02067183462532296,0.02067183462532296
21700765,2018-02-01 22:30:00,,Arbitrage,Moneyline,120.0,-115.0,true,0.010570824524312794,0.010570824524312794
40800212,2009-05-06 20:00:00,,Arbitrage,Moneyline,-166.0,170.0,true,0.00556947925368978,0.00556947925368978
40800234,2009-05-11 21:30:00,,Arbitrage,Moneyline,-133.0,135.0,true,0.003652634462606219,0.003652634462606219
20700370,2007-12-19 19:30:00,,Arbitrage,Moneyline,-143.0,145.0,true,0.003359368438733412,0.003359368438733412
20700365,2007-12-19 19:00:00,,Arbitrage,Moneyline,-207.0,210.0,true,0.0031522538615109674,0.0031522538615109674
20700365,2007-12-19 19:00:00,,Arbitrage,Moneyline,-207.0,210.0,true,0.0031522538615109674,0.0031522538615109674
