gameId,date,pickTeamId,strategy,betType,oddsUsed,sharpOdds,success,profit,ev
41000221,2011-05-01 13:00:00,,Positive EV,Totals,-105.0,-113.0,false,-1.0,0.009949862191171277
41000215,2011-05-11 19:00:00,,Positive EV,Totals,-110.0,-116.0,true,0.9090909090909092,4.0065707760733593E-4
21600260,2016-11-29 19:00:00,,Positive EV,Totals,-105.0,-113.0,false,-1.0,0.009949862191171277
40600173,2007-04-26 21:00:00,,Positive EV,Totals,-110.0,-116.0,true,0.9090909090909092,0.0027175216202824926
40600173,2007-04-26 21:00:00,,Positive EV,Totals,-110.0,-116.0,true,0.9090909090909092,0.0027175216202824926
40600173,2007-04-26 21:00:00,,Positive EV,Totals,-110.0,-116.0,true,0.9090909090909092,0.0027175216202824926
40600174,2007-04-28 22:30:00,,Positive EV,Totals,-105.0,-114.0,true,0.9523809523809523,0.016763064953677576
41000202,2011-05-04 20:00:00,,Positive EV,Totals,-103.0,-109.0,false,-1.0,0.003762931480026044
11100019,2011-12-20 20:00:00,,Positive EV,Totals,-102.0,-110.0,true,0.9803921568627452,0.013223894208846398
21600236,2016-11-25 21:00:00,,Positive EV,Totals,-102.0,-113.0,false,-1.0,0.024439817172393297
21600230,2016-11-25 19:30:00,,Positive EV,Totals,-105.0,-112.0,false,-1.0,0.007910429597176583
11100021,2011-12-21 19:00:00,,Positive EV,Totals,-103.0,-109.0,false,-1.0,0.003762931480026044
20600405,2006-12-26 19:00:00,,Positive EV,Totals,-105.0,-111.0,true,0.9523809523809523,0.003422437367750719
21600219,2016-11-23 20:00:00,,Positive EV,Totals,-105.0,-116.0,true,0.9523809523809523,0.02308547923356208
21600219,2016-11-23 20:00:00,,Positive EV,Totals,-110.0,-116.0,true,0.9090909090909092,4.0065707760733593E-4
21600219,2016-11-23 20:00:00,,Positive EV,Totals,-110.0,-116.0,true,0.9090909090909092,4.0065707760733593E-4
21600219,2016-11-23 20:00:00,,Positive EV,Totals,-110.0,-116.0,true,0.9090909090909092,4.0065707760733593E-4
21600219,2016-11-23 20:00:00,,Positive EV,Totals,-110.0,-116.0,true,0.9090909090909092,4.0065707760733593E-4
40600134,2007-04-29 13:00:00,,Positive EV,Totals,-110.0,-121.0,false,-1.0,0.023304150658184974
20600414,2006-12-26 22:30:00,,Positive EV,Totals,-105.0,-111.0,true,0.9523809523809523,0.003422437367750719
20600414,2006-12-26 22:30:00,,Positive EV,Totals,-105.0,-111.0,true,0.9523809523809523,0.003422437367750719
20600411,2006-12-26 21:00:00,,Positive EV,Totals,-115.0,-121.0,true,0.8695652173913042,0.0021177293195060454
20600417,2006-12-27 19:00:00,,Positive EV,Totals,-105.0,-114.0,true,0.9523809523809523,0.016763064953677576
20600415,2006-12-27 19:00:00,,Positive EV,Totals,-105.0,-112.0,true,0.9523809523809523,0.007910429597176583
40600141,2007-04-22 21:30:00,,Positive EV,Totals,100.0,-109.0,true,1.0,0.01859686642800673
20600420,2006-12-27 19:30:00,,Positive EV,Totals,-105.0,-111.0,false,-1.0,0.003422437367750719
40600142,2007-04-25 21:30:00,,Positive EV,Totals,-105.0,-112.0,false,-1.0,0.007910429597176583
21300387,2013-12-20 19:30:00,,Positive EV,Totals,-103.0,-113.0,false,-1.0,0.01951604606226931
20600430,2006-12-29 19:00:00,,Positive EV,Totals,-105.0,-112.0,false,-1.0,0.007910429597176583
41000227,2011-05-15 15:30:00,,Positive EV,Totals,-101.0,-108.0,false,-1.0,0.008923591745677806
20600445,2006-12-30 20:00:00,,Positive EV,Totals,-110.0,-116.0,false,-1.0,0.0027175216202824926
20600448,2006-12-30 20:30:00,,Positive EV,Totals,-105.0,-113.0,true,0.9523809523809523,0.012357120790855713
21300366,2013-12-17 20:00:00,,Positive EV,Totals,-101.0,-107.0,false,-1.0,0.004296747225022213
20600460,2007-01-02 19:00:00,,Positive EV,Totals,-105.0,-113.0,false,-1.0,0.012357120790855713
40600102,2007-04-23 19:00:00,,Positive EV,Totals,-110.0,-116.0,false,-1.0,0.0027175216202824926
40600102,2007-04-23 19:00:00,,Positive EV,Totals,-110.0,-116.0,false,-1.0,0.0027175216202824926
40600102,2007-04-23 19:00:00,,Positive EV,Totals,-110.0,-116.0,false,-1.0,0.0027175216202824926
40600102,2007-04-23 19:00:00,,Positive EV,Totals,-110.0,-116.0,false,-1.0,0.0027175216202824926
40600103,2007-04-26 20:00:00,,Positive EV,Totals,-110.0,-117.0,true,0.9090909090909092,0.006909399753320666
40600103,2007-04-26 20:00:00,,Positive EV,Totals,-105.0,-117.0,true,0.9523809523809523,0.029741812446139604
40600103,2007-04-26 20:00:00,,Positive EV,Totals,-110.0,-117.0,true,0.9090909090909092,0.006909399753320666
20600469,2007-01-03 19:30:00,,Positive EV,Totals,-105.0,-115.0,false,-1.0,0.021128806486543528
21000513,2011-01-05 19:00:00,,Positive EV,Totals,-105.0,-113.0,false,-1.0,0.009949862191171277
21000511,2011-01-04 22:30:00,,Positive EV,Totals,-110.0,-117.0,true,0.9090909090909092,0.004604800901905848
21000511,2011-01-04 22:30:00,,Positive EV,Totals,-110.0,-117.0,true,0.9090909090909092,0.004604800901905848
21000511,2011-01-04 22:30:00,,Positive EV,Totals,-110.0,-117.0,true,0.9090909090909092,0.004604800901905848
21300339,2013-12-13 21:00:00,,Positive EV,Totals,-105.0,-113.0,false,-1.0,0.009949862191171277
21000510,2011-01-04 22:00:00,,Positive EV,Totals,-103.0,-113.0,false,-1.0,0.01951604606226931
21300341,2013-12-13 22:30:00,,Positive EV,Totals,-105.0,-111.0,false,-1.0,0.003422437367750719
21000505,2011-01-04 19:30:00,,Positive EV,Totals,-102.0,-115.0,false,-1.0,0.033362989323843406
21000505,2011-01-04 19:30:00,,Positive EV,Totals,-105.0,-115.0,false,-1.0,0.01874682257244531
21000505,2011-01-04 19:30:00,,Positive EV,Totals,-109.0,-115.0,false,-1.0,5.101374514349666E-4
20600483,2007-01-05 20:00:00,,Positive EV,Totals,-105.0,-115.0,false,-1.0,0.021128806486543528
21300353,2013-12-15 19:00:00,,Positive EV,Totals,-102.0,-110.0,false,-1.0,0.013223894208846398
20600488,2007-01-05 22:30:00,,Positive EV,Totals,-105.0,-112.0,true,0.9523809523809523,0.007910429597176583
20600486,2007-01-05 20:30:00,,Positive EV,Totals,-105.0,-115.0,false,-1.0,0.021128806486543528
21300314,2013-12-10 19:30:00,,Positive EV,Totals,-103.0,-110.0,false,-1.0,0.008354030255136646
21600289,2016-12-02 20:30:00,,Positive EV,Totals,-102.0,-113.0,true,0.9803921568627452,0.024439817172393297
21600281,2016-12-01 22:30:00,,Positive EV,Totals,105.0,-105.0,false,-1.0,0.02499999999999991
21600281,2016-12-01 22:30:00,,Positive EV,Totals,105.0,-105.0,false,-1.0,0.02499999999999991
21300304,2013-12-09 19:00:00,,Positive EV,Totals,-105.0,-113.0,true,0.9523809523809523,0.009949862191171277
21000478,2010-12-31 15:00:00,,Positive EV,Totals,-105.0,-116.0,true,0.9523809523809523,0.02308547923356208
21000478,2010-12-31 15:00:00,,Positive EV,Totals,-110.0,-116.0,true,0.9090909090909092,4.0065707760733593E-4
21000478,2010-12-31 15:00:00,,Positive EV,Totals,-110.0,-116.0,true,0.9090909090909092,4.0065707760733593E-4
21000478,2010-12-31 15:00:00,,Positive EV,Totals,-109.0,-116.0,true,0.9174311926605505,0.004771127401231645
21000478,2010-12-31 15:00:00,,Positive EV,Totals,-110.0,-116.0,true,0.9090909090909092,4.0065707760733593E-4
21000478,2010-12-31 15:00:00,,Positive EV,Totals,-110.0,-116.0,true,0.9090909090909092,4.0065707760733593E-4
21000478,2010-12-31 15:00:00,,Positive EV,Totals,-110.0,-116.0,true,0.9090909090909092,4.0065707760733593E-4
21000476,2010-12-31 15:00:00,,Positive EV,Totals,-105.0,-113.0,true,0.9523809523809523,0.009949862191171277
21000480,2010-12-31 19:00:00,,Positive EV,Totals,-107.0,-113.0,true,0.9345794392523366,7.412926703947997E-4
21000471,2010-12-29 22:00:00,,Positive EV,Totals,-104.0,-110.0,false,-1.0,0.003577817531306038
21000415,2010-12-21 19:00:00,,Positive EV,Totals,-103.0,-113.0,false,-1.0,0.01951604606226931
21000410,2010-12-20 19:30:00,,Positive EV,Totals,-105.0,-113.0,false,-1.0,0.009949862191171277
21000410,2010-12-20 19:30:00,,Positive EV,Totals,-104.0,-113.0,false,-1.0,0.014686962858109331
20900394,2009-12-20 16:00:00,,Positive EV,Totals,-110.0,-118.0,false,-1.0,0.011063509250977044
20900394,2009-12-20 16:00:00,,Positive EV,Totals,-110.0,-118.0,false,-1.0,0.011063509250977044
20900394,2009-12-20 16:00:00,,Positive EV,Totals,-110.0,-118.0,false,-1.0,0.011063509250977044
21000405,2010-12-19 19:00:00,,Positive EV,Totals,-109.0,-123.0,false,-1.0,0.031295292378075434
21000405,2010-12-19 19:00:00,,Positive EV,Totals,-110.0,-123.0,false,-1.0,0.026809449436022037
21000405,2010-12-19 19:00:00,,Positive EV,Totals,-109.0,-123.0,false,-1.0,0.031295292378075434
21000405,2010-12-19 19:00:00,,Positive EV,Totals,-110.0,-123.0,false,-1.0,0.026809449436022037
21000401,2010-12-19 13:00:00,,Positive EV,Totals,-109.0,-115.0,true,0.9174311926605505,5.101374514349666E-4
21000432,2010-12-23 22:30:00,,Positive EV,Totals,-110.0,-116.0,true,0.9090909090909092,4.0065707760733593E-4
21000432,2010-12-23 22:30:00,,Positive EV,Totals,-109.0,-116.0,true,0.9174311926605505,0.004771127401231645
21000432,2010-12-23 22:30:00,,Positive EV,Totals,-110.0,-116.0,true,0.9090909090909092,4.0065707760733593E-4
21000432,2010-12-23 22:30:00,,Positive EV,Totals,-110.0,-116.0,true,0.9090909090909092,4.0065707760733593E-4
21000431,2010-12-23 22:00:00,,Positive EV,Totals,-105.0,-114.0,false,-1.0,0.014368461227605156
21000499,2011-01-03 19:00:00,,Positive EV,Totals,-105.0,-113.0,false,-1.0,0.009949862191171277
20900312,2009-12-09 20:00:00,,Positive EV,Totals,-110.0,-118.0,true,0.9090909090909092,0.011063509250977044
20900312,2009-12-09 20:00:00,,Positive EV,Totals,-110.0,-118.0,true,0.9090909090909092,0.011063509250977044
20900312,2009-12-09 20:00:00,,Positive EV,Totals,-110.0,-118.0,true,0.9090909090909092,0.011063509250977044
20900312,2009-12-09 20:00:00,,Positive EV,Totals,-110.0,-118.0,true,0.9090909090909092,0.011063509250977044
20900312,2009-12-09 20:00:00,,Positive EV,Totals,-110.0,-118.0,true,0.9090909090909092,0.011063509250977044
21000495,2011-01-02 19:00:00,,Positive EV,Totals,-105.0,-111.0,false,-1.0,0.003422437367750719
20900307,2009-12-08 22:30:00,,Positive EV,Totals,-110.0,-118.0,false,-1.0,0.011063509250977044
20900307,2009-12-08 22:30:00,,Positive EV,Totals,-110.0,-118.0,false,-1.0,0.011063509250977044
20900338,2009-12-12 22:00:00,,Positive EV,Totals,-109.0,-117.0,true,0.9174311926605505,0.011308304951019699
40900111,2010-04-18 17:30:00,,Positive EV,Totals,-105.0,-111.0,false,0.0,0.003422437367750719
21600377,2016-12-14 19:00:00,,Positive EV,Totals,-105.0,-113.0,true,0.9523809523809523,0.009949862191171277
21600373,2016-12-13 22:30:00,,Positive EV,Totals,-110.0,-117.0,false,-1.0,0.004604800901905848
21600372,2016-12-13 21:00:00,,Positive EV,Totals,-102.0,-108.0,true,0.9803921568627452,0.004002493356517367
21600348,2016-12-10 19:00:00,,Positive EV,Totals,-102.0,-108.0,false,-1.0,0.004002493356517367
21600337,2016-12-09 19:00:00,,Positive EV,Totals,-110.0,-116.0,true,0.9090909090909092,4.0065707760733593E-4
21600346,2016-12-10 19:00:00,,Positive EV,Totals,-102.0,-113.0,false,-1.0,0.024439817172393297
41000136,2011-04-28 19:30:00,,Positive EV,Totals,-105.0,-111.0,false,-1.0,0.003422437367750719
21600332,2016-12-08 19:00:00,,Positive EV,Totals,-110.0,-117.0,true,0.9090909090909092,0.004604800901905848
20600303,2006-12-11 19:30:00,,Positive EV,Totals,-105.0,-115.0,false,-1.0,0.021128806486543528
20600308,2006-12-11 22:30:00,,Positive EV,Totals,-105.0,-112.0,true,0.9523809523809523,0.007910429597176583
41000115,2011-04-27 19:00:00,,Positive EV,Totals,-105.0,-113.0,true,0.9523809523809523,0.009949862191171277
41000113,2011-04-21 20:00:00,,Positive EV,Totals,-103.0,-109.0,false,-1.0,0.003762931480026044
20600312,2006-12-12 22:30:00,,Positive EV,Totals,-105.0,-111.0,true,0.9523809523809523,0.003422437367750719
21600308,2016-12-05 20:00:00,,Positive EV,Totals,-105.0,-113.0,true,0.9523809523809523,0.009949862191171277
21300483,2014-01-03 19:30:00,,Positive EV,Totals,-102.0,-108.0,false,-1.0,0.004002493356517367
20600330,2006-12-15 19:00:00,,Positive EV,Totals,-105.0,-113.0,false,-1.0,0.012357120790855713
20600330,2006-12-15 19:00:00,,Positive EV,Totals,-105.0,-113.0,false,-1.0,0.012357120790855713
20600356,2006-12-18 19:30:00,,Positive EV,Totals,-110.0,-122.0,false,-1.0,0.027312068756809083
20600357,2006-12-18 19:30:00,,Positive EV,Totals,-115.0,-126.0,false,-1.0,0.02140049294447033
20600361,2006-12-18 22:00:00,,Positive EV,Totals,-105.0,-111.0,false,-1.0,0.003422437367750719
40900163,2010-04-22 22:00:00,,Positive EV,Totals,-110.0,-120.0,true,0.9090909090909092,0.019260400616332718
40900163,2010-04-22 22:00:00,,Positive EV,Totals,-110.0,-120.0,true,0.9090909090909092,0.019260400616332718
40900162,2010-04-20 22:00:00,,Positive EV,Totals,-110.0,-116.0,true,0.9090909090909092,0.0027175216202824926
21300442,2013-12-28 20:00:00,,Positive EV,Totals,-105.0,-113.0,true,0.9523809523809523,0.009949862191171277
20600373,2007-02-05 21:00:00,,Positive EV,Totals,-110.0,-117.0,false,-1.0,0.006909399753320666
40900153,2010-04-23 21:30:00,,Positive EV,Totals,-105.0,-113.0,true,0.9523809523809523,0.012357120790855713
40900151,2010-04-18 20:00:00,,Positive EV,Totals,-105.0,-113.0,false,0.0,0.012357120790855713
21300417,2013-12-23 22:00:00,,Positive EV,Totals,-103.0,-109.0,false,-1.0,0.003762931480026044
21300415,2013-12-23 21:00:00,,Positive EV,Totals,-102.0,-109.0,true,0.9803921568627452,0.008610622639496912
20600395,2006-12-23 19:30:00,,Positive EV,Totals,-105.0,-115.0,true,0.9523809523809523,0.021128806486543528
20600393,2006-12-23 19:30:00,,Positive EV,Totals,-105.0,-111.0,false,-1.0,0.003422437367750719
40900131,2010-04-17 20:00:00,,Positive EV,Totals,-109.0,-115.0,true,0.9174311926605505,0.0028494812417632076
21000334,2010-12-10 20:00:00,,Positive EV,Totals,-105.0,-116.0,false,-1.0,0.02308547923356208
21000334,2010-12-10 20:00:00,,Positive EV,Totals,-110.0,-116.0,false,-1.0,4.0065707760733593E-4
21000334,2010-12-10 20:00:00,,Positive EV,Totals,-110.0,-116.0,false,-1.0,4.0065707760733593E-4
21000334,2010-12-10 20:00:00,,Positive EV,Totals,-110.0,-116.0,false,-1.0,4.0065707760733593E-4
21000334,2010-12-10 20:00:00,,Positive EV,Totals,-110.0,-116.0,false,-1.0,4.0065707760733593E-4
41600143,2017-04-22 22:30:00,,Positive EV,Totals,100.0,-108.0,false,-1.0,0.013943112102621447
41600143,2017-04-22 22:30:00,,Positive EV,Totals,100.0,-108.0,false,-1.0,0.013943112102621447
21000351,2010-12-12 13:00:00,,Positive EV,Totals,-105.0,-113.0,true,0.9523809523809523,0.009949862191171277
41600154,2017-04-22 20:00:00,,Positive EV,Totals,-105.0,-114.0,false,-1.0,0.014368461227605156
21000315,2010-12-07 22:30:00,,Positive EV,Totals,-109.0,-115.0,true,0.9174311926605505,5.101374514349666E-4
21000310,2010-12-07 19:00:00,,Positive EV,Totals,-109.0,-115.0,true,0.9174311926605505,5.101374514349666E-4
21000306,2010-12-06 20:00:00,,Positive EV,Totals,-103.0,-113.0,true,0.970873786407767,0.01951604606226931
21000301,2010-12-05 21:00:00,,Positive EV,Totals,-109.0,-115.0,false,0.0,5.101374514349666E-4
21600422,2016-12-20 19:30:00,,Positive EV,Totals,-105.0,-113.0,true,0.9523809523809523,0.009949862191171277
21600411,2016-12-18 16:00:00,,Positive EV,Totals,-110.0,-116.0,true,0.9090909090909092,4.0065707760733593E-4
21600411,2016-12-18 16:00:00,,Positive EV,Totals,-110.0,-116.0,true,0.9090909090909092,4.0065707760733593E-4
21600411,2016-12-18 16:00:00,,Positive EV,Totals,-110.0,-116.0,true,0.9090909090909092,4.0065707760733593E-4
21600411,2016-12-18 16:00:00,,Positive EV,Totals,-110.0,-116.0,true,0.9090909090909092,4.0065707760733593E-4
41300144,2014-04-28 21:30:00,,Positive EV,Totals,-105.0,-113.0,true,0.9523809523809523,0.009949862191171277
21600401,2016-12-17 19:30:00,,Positive EV,Totals,-110.0,-117.0,false,-1.0,0.004604800901905848
21600401,2016-12-17 19:30:00,,Positive EV,Totals,-110.0,-117.0,false,-1.0,0.004604800901905848
21600401,2016-12-17 19:30:00,,Positive EV,Totals,-110.0,-117.0,false,-1.0,0.004604800901905848
20900413,2009-12-22 22:30:00,,Positive EV,Totals,-110.0,-116.0,true,0.9090909090909092,0.0027175216202824926
20900413,2009-12-22 22:30:00,,Positive EV,Totals,-110.0,-116.0,true,0.9090909090909092,0.0027175216202824926
41300157,2014-05-03 20:00:00,,Positive EV,Totals,-103.0,-110.0,false,-1.0,0.008354030255136646
21000377,2010-12-15 21:30:00,,Positive EV,Totals,-103.0,-111.0,false,-1.0,0.012926793866616493
21000384,2010-12-17 19:00:00,,Positive EV,Totals,-105.0,-111.0,false,-1.0,0.003422437367750719
21000381,2010-12-17 19:00:00,,Positive EV,Totals,-103.0,-113.0,true,0.970873786407767,0.01951604606226931
20900432,2009-12-26 20:00:00,,Positive EV,Totals,-110.0,-116.0,false,-1.0,0.0027175216202824926
20900432,2009-12-26 20:00:00,,Positive EV,Totals,-110.0,-116.0,false,-1.0,0.0027175216202824926
20900432,2009-12-26 20:00:00,,Positive EV,Totals,-110.0,-116.0,false,-1.0,0.0027175216202824926
20900432,2009-12-26 20:00:00,,Positive EV,Totals,-110.0,-116.0,false,-1.0,0.0027175216202824926
20900432,2009-12-26 20:00:00,,Positive EV,Totals,-109.0,-116.0,false,-1.0,0.007098113676290707
20900432,2009-12-26 20:00:00,,Positive EV,Totals,-110.0,-116.0,false,-1.0,0.0027175216202824926
20900432,2009-12-26 20:00:00,,Positive EV,Totals,-110.0,-116.0,false,-1.0,0.0027175216202824926
20900458,2009-12-29 22:30:00,,Positive EV,Totals,-110.0,-121.0,false,-1.0,0.023304150658184974
20900458,2009-12-29 22:30:00,,Positive EV,Totals,-109.0,-121.0,false,-1.0,0.027774679931484136
20900458,2009-12-29 22:30:00,,Positive EV,Totals,-110.0,-121.0,false,-1.0,0.023304150658184974
20600636,2007-01-26 19:00:00,,Positive EV,Totals,-110.0,-117.0,true,0.9090909090909092,0.006909399753320666
20600658,2007-01-28 18:00:00,,Positive EV,Totals,-110.0,-117.0,false,-1.0,0.006909399753320666
20600658,2007-01-28 18:00:00,,Positive EV,Totals,-105.0,-117.0,false,-1.0,0.029741812446139604
20600669,2007-01-30 19:00:00,,Positive EV,Totals,-105.0,-112.0,false,-1.0,0.007910429597176583
20600672,2007-01-30 19:30:00,,Positive EV,Totals,-110.0,-120.0,true,0.9090909090909092,0.019260400616332718
20600672,2007-01-30 19:30:00,,Positive EV,Totals,-110.0,-120.0,true,0.9090909090909092,0.019260400616332718
20600680,2007-01-31 20:00:00,,Positive EV,Totals,-110.0,-123.0,true,0.9090909090909092,0.03128461880188721
20600680,2007-01-31 20:00:00,,Positive EV,Totals,-110.0,-123.0,true,0.9090909090909092,0.03128461880188721
20600680,2007-01-31 20:00:00,,Positive EV,Totals,-110.0,-123.0,true,0.9090909090909092,0.03128461880188721
20600681,2007-01-31 20:00:00,,Positive EV,Totals,-110.0,-118.0,false,-1.0,0.011063509250977044
20600681,2007-01-31 20:00:00,,Positive EV,Totals,-110.0,-118.0,false,-1.0,0.011063509250977044
20600689,2007-02-02 19:00:00,,Positive EV,Totals,-105.0,-112.0,false,-1.0,0.007910429597176583
20600691,2007-02-02 19:00:00,,Positive EV,Totals,-110.0,-118.0,false,-1.0,0.011063509250977044
20900097,2009-11-08 21:30:00,,Positive EV,Totals,-105.0,-111.0,true,0.9523809523809523,0.003422437367750719
21600086,2016-11-05 20:30:00,,Positive EV,Totals,-102.0,-114.0,true,0.9803921568627452,0.02892181074306588
21300594,2014-01-18 19:00:00,,Positive EV,Totals,-103.0,-110.0,false,-1.0,0.008354030255136646
21600070,2016-11-04 19:00:00,,Positive EV,Totals,-105.0,-113.0,true,0.9523809523809523,0.009949862191171277
21600066,2016-11-03 20:00:00,,Positive EV,Totals,-105.0,-114.0,true,0.9523809523809523,0.014368461227605156
21600068,2016-11-03 20:00:00,,Positive EV,Totals,-105.0,-115.0,true,0.9523809523809523,0.01874682257244531
21600054,2016-11-01 22:00:00,,Positive EV,Totals,-105.0,-111.0,true,0.9523809523809523,0.003422437367750719
21600055,2016-11-02 19:00:00,,Positive EV,Totals,-105.0,-113.0,false,-1.0,0.009949862191171277
40600304,2007-05-29 20:00:00,,Positive EV,Totals,-105.0,-112.0,false,-1.0,0.007910429597176583
21300516,2014-01-07 20:30:00,,Positive EV,Totals,-102.0,-108.0,false,-1.0,0.004002493356517367
21000215,2010-11-24 20:00:00,,Positive EV,Totals,-103.0,-115.0,false,-1.0,0.028396330718999385
21000215,2010-11-24 20:00:00,,Positive EV,Totals,-109.0,-115.0,false,-1.0,5.101374514349666E-4
21300513,2014-01-07 20:00:00,,Positive EV,Totals,-101.0,-107.0,true,0.9900990099009901,0.004296747225022213
21000211,2010-11-24 19:00:00,,Positive EV,Totals,-110.0,-116.0,false,-1.0,4.0065707760733593E-4
21000211,2010-11-24 19:00:00,,Positive EV,Totals,-109.0,-116.0,false,-1.0,0.004771127401231645
21000211,2010-11-24 19:00:00,,Positive EV,Totals,-110.0,-116.0,false,-1.0,4.0065707760733593E-4
21000211,2010-11-24 19:00:00,,Positive EV,Totals,-110.0,-116.0,false,-1.0,4.0065707760733593E-4
21000211,2010-11-24 19:00:00,,Positive EV,Totals,-110.0,-116.0,false,-1.0,4.0065707760733593E-4
21300510,2014-01-07 19:00:00,,Positive EV,Totals,-102.0,-108.0,false,-1.0,0.004002493356517367
21000220,2010-11-25 20:00:00,,Positive EV,Totals,-110.0,-122.0,true,0.9090909090909092,0.02506816949268248
21000220,2010-11-25 20:00:00,,Positive EV,Totals,-110.0,-122.0,true,0.9090909090909092,0.02506816949268248
21000238,2010-11-27 20:00:00,,Positive EV,Totals,-105.0,-113.0,false,-1.0,0.009949862191171277
21300505,2014-01-06 19:00:00,,Positive EV,Totals,-103.0,-109.0,false,0.0,0.003762931480026044
21000231,2010-11-26 21:00:00,,Positive EV,Totals,-105.0,-115.0,false,-1.0,0.01874682257244531
20900157,2009-11-17 22:30:00,,Positive EV,Totals,-110.0,-116.0,false,-1.0,0.0027175216202824926
20900157,2009-11-17 22:30:00,,Positive EV,Totals,-110.0,-116.0,false,-1.0,0.0027175216202824926
20900157,2009-11-17 22:30:00,,Positive EV,Totals,-109.0,-116.0,false,-1.0,0.007098113676290707
20900157,2009-11-17 22:30:00,,Positive EV,Totals,-110.0,-116.0,false,-1.0,0.0027175216202824926
20900157,2009-11-17 22:30:00,,Positive EV,Totals,-110.0,-116.0,false,-1.0,0.0027175216202824926
20900159,2009-11-18 19:00:00,,Positive EV,Totals,-105.0,-111.0,true,0.9523809523809523,0.003422437367750719
21000296,2010-12-05 18:00:00,,Positive EV,Totals,-110.0,-116.0,false,-1.0,4.0065707760733593E-4
21000296,2010-12-05 18:00:00,,Positive EV,Totals,-110.0,-116.0,false,-1.0,4.0065707760733593E-4
21000290,2010-12-04 20:00:00,,Positive EV,Totals,-105.0,-113.0,true,0.9523809523809523,0.009949862191171277
21000255,2010-11-30 19:00:00,,Positive EV,Totals,-105.0,-113.0,false,-1.0,0.009949862191171277
21000254,2010-11-30 19:00:00,,Positive EV,Totals,-103.0,-110.0,false,-1.0,0.008354030255136646
21000247,2010-11-28 19:00:00,,Positive EV,Totals,-105.0,-114.0,true,0.9523809523809523,0.014368461227605156
21000252,2010-11-29 20:30:00,,Positive EV,Totals,-105.0,-113.0,false,-1.0,0.009949862191171277
21000251,2010-11-29 20:00:00,,Positive EV,Totals,-105.0,-113.0,true,0.9523809523809523,0.009949862191171277
41300221,2014-05-06 21:30:00,,Positive EV,Totals,-102.0,-110.0,false,-1.0,0.013223894208846398
21000278,2010-12-03 19:30:00,,Positive EV,Totals,-103.0,-110.0,false,-1.0,0.008354030255136646
41300225,2014-05-14 21:30:00,,Positive EV,Totals,-103.0,-109.0,true,0.970873786407767,0.003762931480026044
20600714,2007-02-05 19:00:00,,Positive EV,Totals,-110.0,-117.0,true,0.9090909090909092,0.006909399753320666
20600714,2007-02-05 19:00:00,,Positive EV,Totals,-110.0,-117.0,true,0.9090909090909092,0.006909399753320666
20600715,2007-02-05 19:00:00,,Positive EV,Totals,-110.0,-116.0,true,0.9090909090909092,0.0027175216202824926
21000274,2010-12-02 22:30:00,,Positive EV,Totals,-105.0,-115.0,false,-1.0,0.01874682257244531
21600147,2016-11-14 19:30:00,,Positive EV,Totals,-105.0,-115.0,true,0.9523809523809523,0.01874682257244531
21600147,2016-11-14 19:30:00,,Positive EV,Totals,-105.0,-115.0,true,0.9523809523809523,0.01874682257244531
21600141,2016-11-13 19:00:00,,Positive EV,Totals,-105.0,-113.0,false,-1.0,0.009949862191171277
21600141,2016-11-13 19:00:00,,Positive EV,Totals,-105.0,-113.0,false,-1.0,0.009949862191171277
20600508,2007-01-09 19:00:00,,Positive EV,Totals,-105.0,-111.0,true,0.9523809523809523,0.003422437367750719
21600126,2016-11-11 20:00:00,,Positive EV,Totals,-105.0,-113.0,false,-1.0,0.009949862191171277
20600510,2007-01-09 19:30:00,,Positive EV,Totals,-105.0,-115.0,true,0.9523809523809523,0.021128806486543528
20600516,2007-01-10 19:00:00,,Positive EV,Totals,-105.0,-112.0,false,-1.0,0.007910429597176583
20600528,2007-01-11 20:00:00,,Positive EV,Totals,-105.0,-113.0,true,0.9523809523809523,0.012357120790855713
21600105,2016-11-08 22:30:00,,Positive EV,Totals,-105.0,-111.0,true,0.9523809523809523,0.003422437367750719
21600101,2016-11-08 19:30:00,,Positive EV,Totals,-105.0,-113.0,false,-1.0,0.009949862191171277
20600533,2007-01-12 19:30:00,,Positive EV,Totals,-105.0,-111.0,true,0.9523809523809523,0.003422437367750719
20600531,2007-01-12 19:00:00,,Positive EV,Totals,-110.0,-118.0,false,-1.0,0.011063509250977044
20600531,2007-01-12 19:00:00,,Positive EV,Totals,-105.0,-118.0,false,-1.0,0.03399011943807395
20600545,2007-01-13 20:00:00,,Positive EV,Totals,-105.0,-113.0,false,-1.0,0.012357120790855713
20600542,2007-01-13 19:00:00,,Positive EV,Totals,-105.0,-115.0,false,-1.0,0.021128806486543528
20600548,2007-01-13 21:00:00,,Positive EV,Totals,-105.0,-113.0,false,-1.0,0.012357120790855713
20600550,2007-01-13 22:00:00,,Positive EV,Totals,-105.0,-114.0,false,-1.0,0.016763064953677576
20600563,2007-01-15 19:30:00,,Positive EV,Totals,-105.0,-113.0,false,-1.0,0.012357120790855713
20600564,2007-01-15 22:00:00,,Positive EV,Totals,-105.0,-112.0,false,-1.0,0.007910429597176583
20900191,2009-11-21 22:00:00,,Positive EV,Totals,-110.0,-116.0,false,-1.0,0.0027175216202824926
20900197,2009-11-22 21:30:00,,Positive EV,Totals,-105.0,-113.0,true,0.9523809523809523,0.012357120790855713
20600589,2007-01-19 21:00:00,,Positive EV,Totals,-110.0,-116.0,false,-1.0,0.0027175216202824926
20600589,2007-01-19 21:00:00,,Positive EV,Totals,-105.0,-116.0,false,-1.0,0.025454880387182244
21300697,2014-02-01 19:00:00,,Positive EV,Totals,-105.0,-113.0,true,0.9523809523809523,0.009949862191171277
20600599,2007-01-20 20:30:00,,Positive EV,Totals,-105.0,-112.0,false,-1.0,0.007910429597176583
21300678,2014-01-29 19:30:00,,Positive EV,Totals,-102.0,-109.0,false,-1.0,0.008610622639496912
21600189,2016-11-19 19:30:00,,Positive EV,Totals,-105.0,-112.0,true,0.9523809523809523,0.007910429597176583
21600160,2016-11-16 19:00:00,,Positive EV,Totals,-105.0,-113.0,false,-1.0,0.009949862191171277
21600160,2016-11-16 19:00:00,,Positive EV,Totals,-105.0,-113.0,false,-1.0,0.009949862191171277
21600160,2016-11-16 19:00:00,,Positive EV,Totals,-105.0,-113.0,false,-1.0,0.009949862191171277
21300669,2014-01-28 19:30:00,,Positive EV,Totals,-103.0,-109.0,true,0.970873786407767,0.003762931480026044
21300673,2014-01-28 22:30:00,,Positive EV,Totals,-102.0,-110.0,true,0.9803921568627452,0.013223894208846398
21600156,2016-11-15 22:00:00,,Positive EV,Totals,-105.0,-113.0,false,-1.0,0.009949862191171277
21300632,2014-01-23 22:30:00,,Positive EV,Totals,-105.0,-113.0,true,0.9523809523809523,0.009949862191171277
21300648,2014-01-25 19:30:00,,Positive EV,Totals,-105.0,-113.0,false,-1.0,0.009949862191171277
21300646,2014-01-25 19:00:00,,Positive EV,Totals,-105.0,-113.0,true,0.9523809523809523,0.009949862191171277
21300644,2014-01-24 22:00:00,,Positive EV,Totals,-105.0,-113.0,false,-1.0,0.009949862191171277
20900252,2009-11-30 22:30:00,,Positive EV,Totals,100.0,-114.0,true,1.0,0.04156216409888924
21300628,2014-01-22 20:00:00,,Positive EV,Totals,-102.0,-109.0,false,-1.0,0.008610622639496912
21000109,2010-11-10 19:00:00,,Positive EV,Totals,-103.0,-109.0,false,-1.0,0.003762931480026044
21300627,2014-01-22 20:00:00,,Positive EV,Totals,-105.0,-113.0,false,0.0,0.009949862191171277
21000104,2010-11-09 20:00:00,,Positive EV,Totals,-103.0,-110.0,true,0.970873786407767,0.008354030255136646
21000102,2010-11-09 19:00:00,,Positive EV,Totals,-102.0,-108.0,true,0.9803921568627452,0.004002493356517367
21300623,2014-01-22 19:00:00,,Positive EV,Totals,-107.0,-113.0,true,0.9345794392523366,7.412926703947997E-4
21000110,2010-11-10 19:00:00,,Positive EV,Totals,-106.0,-113.0,true,0.9433962264150944,0.005302140782100118
20900246,2009-11-29 20:00:00,,Positive EV,Totals,-109.0,-119.0,false,-1.0,0.01961538544526631
20900246,2009-11-29 20:00:00,,Positive EV,Totals,-110.0,-119.0,false,-1.0,0.015180346796091593
21300605,2014-01-19 20:00:00,,Positive EV,Totals,-105.0,-112.0,false,-1.0,0.007910429597176583
20900260,2009-12-02 19:00:00,,Positive EV,Totals,-105.0,-111.0,true,0.9523809523809523,0.003422437367750719
20900296,2009-12-07 19:00:00,,Positive EV,Totals,-105.0,-111.0,true,0.9523809523809523,0.003422437367750719
21000178,2010-11-19 21:00:00,,Positive EV,Totals,-110.0,-117.0,true,0.9090909090909092,0.004604800901905848
21000178,2010-11-19 21:00:00,,Positive EV,Totals,-109.0,-117.0,true,0.9174311926605505,0.008993637952591338
21000178,2010-11-19 21:00:00,,Positive EV,Totals,-110.0,-117.0,true,0.9090909090909092,0.004604800901905848
21000178,2010-11-19 21:00:00,,Positive EV,Totals,-110.0,-117.0,true,0.9090909090909092,0.004604800901905848
21000177,2010-11-19 20:00:00,,Positive EV,Totals,-104.0,-110.0,false,-1.0,0.003577817531306038
21000181,2010-11-19 22:30:00,,Positive EV,Totals,-106.0,-116.0,true,0.9433962264150944,0.01837730859742054
21000181,2010-11-19 22:30:00,,Positive EV,Totals,-104.0,-116.0,true,0.9615384615384617,0.027884191612706388
21000181,2010-11-19 22:30:00,,Positive EV,Totals,-110.0,-116.0,true,0.9090909090909092,4.0065707760733593E-4
21000181,2010-11-19 22:30:00,,Positive EV,Totals,-110.0,-116.0,true,0.9090909090909092,4.0065707760733593E-4
21000193,2010-11-21 18:00:00,,Positive EV,Totals,-105.0,-121.0,false,-1.0,0.044201220795622165
21000192,2010-11-21 18:00:00,,Positive EV,Totals,-109.0,-115.0,false,-1.0,5.101374514349666E-4
21000135,2010-11-13 20:00:00,,Positive EV,Totals,-105.0,-113.0,false,-1.0,0.009949862191171277
21000128,2010-11-12 21:30:00,,Positive EV,Totals,-103.0,-109.0,false,-1.0,0.003762931480026044
21000123,2010-11-12 19:00:00,,Positive EV,Totals,-103.0,-109.0,true,0.970873786407767,0.003762931480026044
21000130,2010-11-13 19:00:00,,Positive EV,Totals,-108.0,-114.0,false,-1.0,6.236311296702324E-4
21000152,2010-11-16 19:00:00,,Positive EV,Totals,-102.0,-108.0,true,0.9803921568627452,0.004002493356517367
20600600,2007-01-20 20:30:00,,Positive EV,Totals,-105.0,-113.0,false,-1.0,0.012357120790855713
21600689,2017-01-25 22:30:00,,Positive EV,Totals,-105.0,-112.0,false,-1.0,0.007910429597176583
21600696,2017-01-27 19:00:00,,Positive EV,Totals,-103.0,-109.0,true,0.970873786407767,0.003762931480026044
21600697,2017-01-27 19:30:00,,Positive EV,Totals,-107.0,-115.0,true,0.9345794392523366,0.009458043702398056
21600676,2017-01-24 19:00:00,,Positive EV,Totals,-101.0,-113.0,true,0.9900990099009901,0.02946108870053954
40900406,2010-06-15 21:00:00,,Positive EV,Totals,-105.0,-111.0,true,0.9523809523809523,0.003422437367750719
40900403,2010-06-08 21:00:00,,Positive EV,Totals,-110.0,-116.0,true,0.9090909090909092,4.0065707760733593E-4
40900403,2010-06-08 21:00:00,,Positive EV,Totals,-110.0,-116.0,true,0.9090909090909092,4.0065707760733593E-4
40900401,2010-06-03 21:00:00,,Positive EV,Totals,-110.0,-122.0,false,0.0,0.02506816949268248
20901160,2010-04-07 19:30:00,,Positive EV,Totals,-109.0,-115.0,false,-1.0,0.0028494812417632076
20901156,2010-04-06 21:00:00,,Positive EV,Totals,-110.0,-119.0,true,0.9090909090909092,0.015180346796091593
20901156,2010-04-06 21:00:00,,Positive EV,Totals,-110.0,-119.0,true,0.9090909090909092,0.015180346796091593
20901156,2010-04-06 21:00:00,,Positive EV,Totals,-110.0,-119.0,true,0.9090909090909092,0.015180346796091593
20901156,2010-04-06 21:00:00,,Positive EV,Totals,-110.0,-119.0,true,0.9090909090909092,0.015180346796091593
20901152,2010-04-06 19:00:00,,Positive EV,Totals,-109.0,-115.0,false,-1.0,0.0028494812417632076
20901159,2010-04-07 19:00:00,,Positive EV,Totals,-109.0,-115.0,true,0.9174311926605505,0.0028494812417632076
21201063,2013-03-27 20:00:00,,Positive EV,Totals,-102.0,-110.0,true,0.9803921568627452,0.013223894208846398
20901188,2010-04-10 19:00:00,,Positive EV,Totals,-110.0,-117.0,true,0.9090909090909092,0.006909399753320666
20901188,2010-04-10 19:00:00,,Positive EV,Totals,-109.0,-117.0,true,0.9174311926605505,0.011308304951019699
20901188,2010-04-10 19:00:00,,Positive EV,Totals,-110.0,-117.0,true,0.9090909090909092,0.006909399753320666
20901172,2010-04-08 22:00:00,,Positive EV,Totals,-109.0,-115.0,true,0.9174311926605505,0.0028494812417632076
20901175,2010-04-09 19:00:00,,Positive EV,Totals,-105.0,-114.0,true,0.9523809523809523,0.016763064953677576
21201088,2013-03-30 20:00:00,,Positive EV,Totals,-102.0,-110.0,true,0.9803921568627452,0.013223894208846398
20901199,2010-04-11 18:00:00,,Positive EV,Totals,-105.0,-113.0,false,-1.0,0.012357120790855713
21300784,2014-02-12 20:00:00,,Positive EV,Totals,-105.0,-113.0,true,0.9523809523809523,0.009949862191171277
20600066,2006-11-08 22:00:00,,Positive EV,Totals,-110.0,-116.0,true,0.9090909090909092,0.0027175216202824926
20600066,2006-11-08 22:00:00,,Positive EV,Totals,-110.0,-116.0,true,0.9090909090909092,0.0027175216202824926
20600066,2006-11-08 22:00:00,,Positive EV,Totals,-105.0,-116.0,true,0.9523809523809523,0.025454880387182244
20600067,2006-11-08 22:30:00,,Positive EV,Totals,-110.0,-116.0,true,0.9090909090909092,0.0027175216202824926
21300734,2014-02-05 21:00:00,,Positive EV,Totals,-102.0,-108.0,false,0.0,0.004002493356517367
21300732,2014-02-05 20:00:00,,Positive EV,Totals,-103.0,-110.0,false,-1.0,0.008354030255136646
20600070,2006-11-09 22:30:00,,Positive EV,Totals,-105.0,-113.0,false,-1.0,0.012357120790855713
20901228,2010-04-14 22:30:00,,Positive EV,Totals,-110.0,-116.0,true,0.9090909090909092,0.0027175216202824926
20901228,2010-04-14 22:30:00,,Positive EV,Totals,-110.0,-116.0,true,0.9090909090909092,0.0027175216202824926
20901228,2010-04-14 22:30:00,,Positive EV,Totals,-109.0,-116.0,true,0.9174311926605505,0.007098113676290707
20901228,2010-04-14 22:30:00,,Positive EV,Totals,-110.0,-116.0,true,0.9090909090909092,0.0027175216202824926
20901228,2010-04-14 22:30:00,,Positive EV,Totals,-110.0,-116.0,true,0.9090909090909092,0.0027175216202824926
21300742,2014-02-07 19:00:00,,Positive EV,Totals,-105.0,-113.0,true,0.9523809523809523,0.009949862191171277
20600084,2006-11-11 20:00:00,,Positive EV,Totals,-110.0,-117.0,false,-1.0,0.006909399753320666
20901215,2010-04-13 22:30:00,,Positive EV,Totals,-110.0,-116.0,true,0.9090909090909092,0.0027175216202824926
21300713,2014-02-03 19:30:00,,Positive EV,Totals,-105.0,-113.0,true,0.9523809523809523,0.009949862191171277
21300713,2014-02-03 19:30:00,,Positive EV,Totals,-105.0,-113.0,true,0.9523809523809523,0.009949862191171277
21300726,2014-02-05 19:00:00,,Positive EV,Totals,-103.0,-110.0,false,-1.0,0.008354030255136646
21300724,2014-02-04 22:30:00,,Positive EV,Totals,-102.0,-109.0,true,0.9803921568627452,0.008610622639496912
21300720,2014-02-03 22:00:00,,Positive EV,Totals,-105.0,-113.0,false,-1.0,0.009949862191171277
21600781,2017-02-07 20:30:00,,Positive EV,Totals,-103.0,-115.0,true,0.970873786407767,0.028396330718999385
21600783,2017-02-08 19:00:00,,Positive EV,Totals,-105.0,-113.0,false,-1.0,0.009949862191171277
21000047,2010-11-02 19:00:00,,Positive EV,Totals,-105.0,-111.0,true,0.9523809523809523,0.003422437367750719
21000047,2010-11-02 19:00:00,,Positive EV,Totals,-105.0,-111.0,true,0.9523809523809523,0.003422437367750719
21600773,2017-02-06 19:30:00,,Positive EV,Totals,-105.0,-111.0,false,-1.0,0.003422437367750719
21600775,2017-02-06 20:00:00,,Positive EV,Totals,-102.0,-110.0,true,0.9803921568627452,0.013223894208846398
21600756,2017-02-04 19:00:00,,Positive EV,Totals,-103.0,-113.0,false,-1.0,0.01951604606226931
21600756,2017-02-04 19:00:00,,Positive EV,Totals,-105.0,-113.0,false,-1.0,0.009949862191171277
21000083,2010-11-06 20:30:00,,Positive EV,Totals,-106.0,-113.0,false,-1.0,0.005302140782100118
21000083,2010-11-06 20:30:00,,Positive EV,Totals,-105.0,-113.0,false,-1.0,0.009949862191171277
21600760,2017-02-04 21:00:00,,Positive EV,Totals,-105.0,-111.0,true,0.9523809523809523,0.003422437367750719
21600746,2017-02-03 19:00:00,,Positive EV,Totals,-110.0,-118.0,false,-1.0,0.00877113627513837
21600751,2017-02-03 20:00:00,,Positive EV,Totals,-102.0,-108.0,true,0.9803921568627452,0.004002493356517367
21600753,2017-02-03 22:30:00,,Positive EV,Totals,-105.0,-111.0,true,0.9523809523809523,0.003422437367750719
21600754,2017-02-03 22:30:00,,Positive EV,Totals,-105.0,-112.0,true,0.9523809523809523,0.007910429597176583
21000073,2010-11-05 20:00:00,,Positive EV,Totals,-110.0,-116.0,false,-1.0,4.0065707760733593E-4
21600737,2017-02-01 21:00:00,,Positive EV,Totals,-110.0,-119.0,true,0.9090909090909092,0.012900158231548053
21600737,2017-02-01 21:00:00,,Positive EV,Totals,-110.0,-119.0,true,0.9090909090909092,0.012900158231548053
21600717,2017-01-29 19:00:00,,Positive EV,Totals,-103.0,-110.0,false,-1.0,0.008354030255136646
21600718,2017-01-29 21:00:00,,Positive EV,Totals,-105.0,-113.0,false,-1.0,0.009949862191171277
21600702,2017-01-27 20:00:00,,Positive EV,Totals,-102.0,-110.0,true,0.9803921568627452,0.013223894208846398
21201107,2013-04-01 22:30:00,,Positive EV,Totals,-105.0,-111.0,false,-1.0,0.003422437367750719
21201119,2013-04-03 22:00:00,,Positive EV,Totals,-103.0,-110.0,false,-1.0,0.008354030255136646
21201125,2013-04-04 21:30:00,,Positive EV,Totals,-102.0,-110.0,true,0.9803921568627452,0.013223894208846398
21201151,2013-04-07 20:00:00,,Positive EV,Totals,-105.0,-113.0,false,-1.0,0.009949862191171277
21201157,2013-04-09 19:30:00,,Positive EV,Totals,-103.0,-109.0,false,-1.0,0.003762931480026044
21600793,2017-02-08 22:30:00,,Positive EV,Totals,-110.0,-116.0,false,-1.0,4.0065707760733593E-4
20700973,2008-03-14 20:30:00,,Positive EV,Totals,-105.0,-111.0,false,0.0,0.003422437367750719
20700969,2008-03-14 20:00:00,,Positive EV,Totals,-103.0,-114.0,true,0.970873786407767,0.02639378306832285
20700961,2008-03-12 21:00:00,,Positive EV,Totals,-103.0,-109.0,false,-1.0,0.003762931480026044
20700958,2008-03-12 20:00:00,,Positive EV,Totals,-110.0,-116.0,true,0.9090909090909092,0.0027175216202824926
20700959,2008-03-12 20:00:00,,Positive EV,Totals,-102.0,-116.0,false,-1.0,0.040167289001058704
20700959,2008-03-12 20:00:00,,Positive EV,Totals,-110.0,-116.0,false,-1.0,0.0027175216202824926
20700959,2008-03-12 20:00:00,,Positive EV,Totals,-110.0,-116.0,false,-1.0,0.0027175216202824926
20700991,2008-03-17 19:00:00,,Positive EV,Totals,-110.0,-118.0,true,0.9090909090909092,0.011063509250977044
20700991,2008-03-17 19:00:00,,Positive EV,Totals,-110.0,-118.0,true,0.9090909090909092,0.011063509250977044
20700991,2008-03-17 19:00:00,,Positive EV,Totals,-110.0,-118.0,true,0.9090909090909092,0.011063509250977044
20700987,2008-03-16 18:00:00,,Positive EV,Totals,-104.0,-111.0,false,-1.0,0.008128921595554506
21201192,2013-04-13 20:00:00,,Positive EV,Totals,-102.0,-108.0,false,-1.0,0.004002493356517367
20700979,2008-03-15 19:30:00,,Positive EV,Totals,-101.0,-108.0,false,-1.0,0.008923591745677806
20700921,2008-03-07 22:00:00,,Positive EV,Totals,-105.0,-111.0,true,0.9523809523809523,0.003422437367750719
20700919,2008-03-07 20:30:00,,Positive EV,Totals,-102.0,-110.0,false,-1.0,0.013223894208846398
20700915,2008-03-07 19:30:00,,Positive EV,Totals,-102.0,-108.0,false,-1.0,0.004002493356517367
20700950,2008-03-11 22:00:00,,Positive EV,Totals,-103.0,-110.0,true,0.970873786407767,0.008354030255136646
20700946,2008-03-11 19:00:00,,Positive EV,Totals,-110.0,-120.0,true,0.9090909090909092,0.019260400616332718
20700942,2008-03-10 19:30:00,,Positive EV,Totals,-105.0,-114.0,false,-1.0,0.016763064953677576
20700939,2008-03-10 19:00:00,,Positive EV,Totals,-105.0,-112.0,false,-1.0,0.007910429597176583
21600800,2017-02-10 19:30:00,,Positive EV,Totals,-105.0,-113.0,true,0.9523809523809523,0.009949862191171277
21600800,2017-02-10 19:30:00,,Positive EV,Totals,-105.0,-113.0,true,0.9523809523809523,0.009949862191171277
21600800,2017-02-10 19:30:00,,Positive EV,Totals,-105.0,-113.0,true,0.9523809523809523,0.009949862191171277
21600800,2017-02-10 19:30:00,,Positive EV,Totals,-105.0,-113.0,true,0.9523809523809523,0.009949862191171277
21300890,2014-03-03 19:00:00,,Positive EV,Totals,-105.0,-113.0,false,-1.0,0.009949862191171277
21300890,2014-03-03 19:00:00,,Positive EV,Totals,-105.0,-113.0,false,-1.0,0.009949862191171277
21300862,2014-02-26 22:30:00,,Positive EV,Totals,-101.0,-111.0,true,0.9900990099009901,0.022807560523853132
21300817,2014-02-21 19:00:00,,Positive EV,Totals,-102.0,-108.0,false,-1.0,0.004002493356517367
21300829,2014-02-22 20:30:00,,Positive EV,Totals,-102.0,-110.0,false,-1.0,0.013223894208846398
21300805,2014-02-19 20:00:00,,Positive EV,Totals,-105.0,-113.0,false,0.0,0.009949862191171277
21600880,2017-02-26 19:00:00,,Positive EV,Totals,-105.0,-111.0,true,0.9523809523809523,0.003422437367750719
21201201,2013-04-14 21:30:00,,Positive EV,Totals,-105.0,-111.0,true,0.9523809523809523,0.003422437367750719
40900233,2010-05-08 20:00:00,,Positive EV,Totals,-110.0,-116.0,true,0.9090909090909092,4.0065707760733593E-4
21600495,2016-12-30 20:00:00,,Positive EV,Totals,-103.0,-111.0,false,-1.0,0.012926793866616493
21600497,2016-12-30 20:00:00,,Positive EV,Totals,-105.0,-112.0,false,-1.0,0.007910429597176583
21600491,2016-12-29 22:30:00,,Positive EV,Totals,-105.0,-113.0,true,0.9523809523809523,0.009949862191171277
21600492,2016-12-30 16:00:00,,Positive EV,Totals,-105.0,-113.0,false,-1.0,0.009949862191171277
40900213,2010-05-08 17:00:00,,Positive EV,Totals,-110.0,-119.0,true,0.9090909090909092,0.012900158231548053
21600481,2016-12-28 20:00:00,,Positive EV,Totals,-105.0,-113.0,true,0.9523809523809523,0.009949862191171277
21600481,2016-12-28 20:00:00,,Positive EV,Totals,-105.0,-113.0,true,0.9523809523809523,0.009949862191171277
41700402,2018-06-03 20:00:00,,Positive EV,Totals,-105.0,-114.0,false,-1.0,0.014368461227605156
40900206,2010-05-13 20:00:00,,Positive EV,Totals,-110.0,-118.0,true,0.9090909090909092,0.00877113627513837
40900206,2010-05-13 20:00:00,,Positive EV,Totals,-110.0,-118.0,true,0.9090909090909092,0.00877113627513837
21600468,2016-12-26 20:00:00,,Positive EV,Totals,-105.0,-113.0,true,0.9523809523809523,0.009949862191171277
21600468,2016-12-26 20:00:00,,Positive EV,Totals,-105.0,-113.0,true,0.9523809523809523,0.009949862191171277
21600449,2016-12-23 20:00:00,,Positive EV,Totals,-105.0,-114.0,true,0.9523809523809523,0.014368461227605156
21600451,2016-12-23 21:00:00,,Positive EV,Totals,-110.0,-118.0,false,0.0,0.00877113627513837
21600451,2016-12-23 21:00:00,,Positive EV,Totals,-110.0,-118.0,false,0.0,0.00877113627513837
21600451,2016-12-23 21:00:00,,Positive EV,Totals,-110.0,-118.0,false,0.0,0.00877113627513837
21600451,2016-12-23 21:00:00,,Positive EV,Totals,-105.0,-118.0,false,0.0,0.03164576521561757
21600451,2016-12-23 21:00:00,,Positive EV,Totals,-105.0,-118.0,false,0.0,0.03164576521561757
21600451,2016-12-23 21:00:00,,Positive EV,Totals,-110.0,-118.0,false,0.0,0.00877113627513837
21600451,2016-12-23 21:00:00,,Positive EV,Totals,-110.0,-118.0,false,0.0,0.00877113627513837
21600451,2016-12-23 21:00:00,,Positive EV,Totals,-110.0,-118.0,false,0.0,0.00877113627513837
21600451,2016-12-23 21:00:00,,Positive EV,Totals,-110.0,-118.0,false,0.0,0.00877113627513837
20600203,2006-11-27 22:30:00,,Positive EV,Totals,-105.0,-116.0,true,0.9523809523809523,0.025454880387182244
20600213,2006-11-29 19:00:00,,Positive EV,Totals,-105.0,-112.0,true,0.9523809523809523,0.007910429597176583
20600212,2006-11-28 22:30:00,,Positive EV,Totals,-105.0,-115.0,true,0.9523809523809523,0.021128806486543528
20600218,2006-11-29 21:00:00,,Positive EV,Totals,-110.0,-116.0,false,-1.0,0.0027175216202824926
20600218,2006-11-29 21:00:00,,Positive EV,Totals,-105.0,-116.0,false,-1.0,0.025454880387182244
20600222,2006-11-30 20:00:00,,Positive EV,Totals,-105.0,-111.0,true,0.9523809523809523,0.003422437367750719
20600223,2006-11-30 22:30:00,,Positive EV,Totals,-110.0,-125.0,false,-1.0,0.039125431530494914
20600223,2006-11-30 22:30:00,,Positive EV,Totals,-110.0,-125.0,false,-1.0,0.039125431530494914
20600228,2006-12-01 20:00:00,,Positive EV,Totals,-105.0,-115.0,false,-1.0,0.021128806486543528
20600235,2006-12-02 20:00:00,,Positive EV,Totals,-110.0,-116.0,false,-1.0,0.0027175216202824926
20600236,2006-12-02 20:00:00,,Positive EV,Totals,-110.0,-118.0,false,-1.0,0.011063509250977044
20600240,2006-12-02 21:00:00,,Positive EV,Totals,-105.0,-112.0,true,0.9523809523809523,0.007910429597176583
20600249,2006-12-04 19:30:00,,Positive EV,Totals,-105.0,-115.0,true,0.9523809523809523,0.021128806486543528
20600246,2006-12-03 21:00:00,,Positive EV,Totals,-105.0,-113.0,true,0.9523809523809523,0.012357120790855713
20600242,2006-12-02 22:30:00,,Positive EV,Totals,-105.0,-113.0,false,-1.0,0.012357120790855713
20600255,2006-12-05 19:30:00,,Positive EV,Totals,-105.0,-112.0,true,0.9523809523809523,0.007910429597176583
20600268,2006-12-06 21:00:00,,Positive EV,Totals,-105.0,-114.0,true,0.9523809523809523,0.016763064953677576
20600274,2006-12-08 19:00:00,,Positive EV,Totals,-110.0,-117.0,true,0.9090909090909092,0.006909399753320666
20600272,2006-12-07 20:00:00,,Positive EV,Totals,-105.0,-111.0,true,0.9523809523809523,0.003422437367750719
20600278,2006-12-08 20:00:00,,Positive EV,Totals,-105.0,-117.0,false,-1.0,0.029741812446139604
20600283,2006-12-08 22:30:00,,Positive EV,Totals,-110.0,-117.0,false,-1.0,0.006909399753320666
20600280,2006-12-08 20:00:00,,Positive EV,Totals,-105.0,-115.0,false,-1.0,0.021128806486543528
20600289,2006-12-09 19:30:00,,Positive EV,Totals,-105.0,-113.0,true,0.9523809523809523,0.012357120790855713
20600286,2006-12-09 19:00:00,,Positive EV,Totals,-105.0,-114.0,false,-1.0,0.016763064953677576
20600287,2006-12-09 19:00:00,,Positive EV,Totals,-110.0,-126.0,true,0.9090909090909092,0.042994583704395795
21501061,2016-03-23 20:00:00,,Positive EV,Totals,-105.0,-113.0,false,-1.0,0.009949862191171277
21300994,2014-03-16 21:00:00,,Positive EV,Totals,-101.0,-110.0,false,-1.0,0.01819019111213449
21300976,2014-03-14 19:30:00,,Positive EV,Totals,-102.0,-110.0,true,0.9803921568627452,0.013223894208846398
21501085,2016-03-26 19:30:00,,Positive EV,Totals,-105.0,-113.0,false,0.0,0.009949862191171277
21501085,2016-03-26 19:30:00,,Positive EV,Totals,-105.0,-113.0,false,0.0,0.009949862191171277
21300988,2014-03-16 13:00:00,,Positive EV,Totals,-105.0,-113.0,false,-1.0,0.009949862191171277
21300964,2014-03-12 21:00:00,,Positive EV,Totals,-105.0,-113.0,false,-1.0,0.009949862191171277
21300962,2014-03-12 19:30:00,,Positive EV,Totals,-102.0,-109.0,false,-1.0,0.008610622639496912
21300933,2014-03-08 22:30:00,,Positive EV,Totals,-105.0,-113.0,false,-1.0,0.009949862191171277
21300913,2014-03-05 22:30:00,,Positive EV,Totals,-102.0,-108.0,true,0.9803921568627452,0.004002493356517367
21600538,2017-01-05 19:30:00,,Positive EV,Totals,-105.0,-113.0,false,-1.0,0.009949862191171277
21001147,2011-04-03 19:00:00,,Positive EV,Totals,-103.0,-110.0,true,0.970873786407767,0.008354030255136646
21600528,2017-01-03 22:30:00,,Positive EV,Totals,-105.0,-112.0,false,-1.0,0.007910429597176583
21600533,2017-01-04 22:30:00,,Positive EV,Totals,-105.0,-112.0,false,-1.0,0.007910429597176583
21600533,2017-01-04 22:30:00,,Positive EV,Totals,-105.0,-112.0,false,-1.0,0.007910429597176583
21600533,2017-01-04 22:30:00,,Positive EV,Totals,-105.0,-112.0,false,-1.0,0.007910429597176583
21600534,2017-01-04 22:30:00,,Positive EV,Totals,-110.0,-118.0,false,-1.0,0.00877113627513837
21600534,2017-01-04 22:30:00,,Positive EV,Totals,-110.0,-118.0,false,-1.0,0.00877113627513837
21600534,2017-01-04 22:30:00,,Positive EV,Totals,-110.0,-118.0,false,-1.0,0.00877113627513837
21600534,2017-01-04 22:30:00,,Positive EV,Totals,-105.0,-118.0,false,-1.0,0.03164576521561757
21600534,2017-01-04 22:30:00,,Positive EV,Totals,-110.0,-118.0,false,-1.0,0.00877113627513837
21600534,2017-01-04 22:30:00,,Positive EV,Totals,-110.0,-118.0,false,-1.0,0.00877113627513837
21600534,2017-01-04 22:30:00,,Positive EV,Totals,-110.0,-118.0,false,-1.0,0.00877113627513837
21501000,2016-03-15 20:00:00,,Positive EV,Totals,-110.0,-120.0,true,0.9090909090909092,0.016992353440951513
21501000,2016-03-15 20:00:00,,Positive EV,Totals,-110.0,-120.0,true,0.9090909090909092,0.016992353440951513
21501000,2016-03-15 20:00:00,,Positive EV,Totals,-110.0,-120.0,true,0.9090909090909092,0.016992353440951513
21501000,2016-03-15 20:00:00,,Positive EV,Totals,-110.0,-120.0,true,0.9090909090909092,0.016992353440951513
21600522,2017-01-03 19:30:00,,Positive EV,Totals,-105.0,-113.0,false,-1.0,0.009949862191171277
21300909,2014-03-05 19:30:00,,Positive EV,Totals,100.0,-108.0,false,-1.0,0.013943112102621447
21300905,2014-03-05 19:00:00,,Positive EV,Totals,-102.0,-113.0,true,0.9803921568627452,0.024439817172393297
21300904,2014-03-05 19:00:00,,Positive EV,Totals,-102.0,-113.0,false,-1.0,0.024439817172393297
21300904,2014-03-05 19:00:00,,Positive EV,Totals,-105.0,-113.0,false,-1.0,0.009949862191171277
21600508,2017-01-01 18:00:00,,Positive EV,Totals,-105.0,-113.0,false,-1.0,0.009949862191171277
21001162,2011-04-06 19:00:00,,Positive EV,Totals,-109.0,-119.0,false,-1.0,0.017325235375416803
21600503,2016-12-31 19:00:00,,Positive EV,Totals,-110.0,-116.0,false,-1.0,4.0065707760733593E-4
21600503,2016-12-31 19:00:00,,Positive EV,Totals,-105.0,-116.0,false,-1.0,0.02308547923356208
21600503,2016-12-31 19:00:00,,Positive EV,Totals,-110.0,-116.0,false,-1.0,4.0065707760733593E-4
21001102,2011-03-29 19:00:00,,Positive EV,Totals,-107.0,-113.0,false,-1.0,7.412926703947997E-4
21001102,2011-03-29 19:00:00,,Positive EV,Totals,-105.0,-113.0,false,-1.0,0.009949862191171277
21001109,2011-03-30 19:00:00,,Positive EV,Totals,-109.0,-116.0,false,-1.0,0.004771127401231645
21001109,2011-03-30 19:00:00,,Positive EV,Totals,-110.0,-116.0,false,-1.0,4.0065707760733593E-4
21001109,2011-03-30 19:00:00,,Positive EV,Totals,-110.0,-116.0,false,-1.0,4.0065707760733593E-4
21001100,2011-03-28 21:00:00,,Positive EV,Totals,-102.0,-110.0,true,0.9803921568627452,0.013223894208846398
21501008,2016-03-16 20:00:00,,Positive EV,Totals,-105.0,-111.0,true,0.9523809523809523,0.003422437367750719
21001128,2011-04-01 20:30:00,,Positive EV,Totals,-105.0,-109.0,true,0.9523809523809523,0.011181480480737749
21001112,2011-03-30 20:00:00,,Positive EV,Totals,-102.0,-116.0,true,0.9803921568627452,0.03776389356976817
21001112,2011-03-30 20:00:00,,Positive EV,Totals,-110.0,-116.0,true,0.9090909090909092,4.0065707760733593E-4
21001112,2011-03-30 20:00:00,,Positive EV,Totals,-110.0,-116.0,true,0.9090909090909092,4.0065707760733593E-4
21001112,2011-03-30 20:00:00,,Positive EV,Totals,-110.0,-116.0,true,0.9090909090909092,4.0065707760733593E-4
21001113,2011-03-30 20:00:00,,Positive EV,Totals,-110.0,-116.0,false,-1.0,4.0065707760733593E-4
21001113,2011-03-30 20:00:00,,Positive EV,Totals,-109.0,-116.0,false,-1.0,0.004771127401231645
21001113,2011-03-30 20:00:00,,Positive EV,Totals,-110.0,-116.0,false,-1.0,4.0065707760733593E-4
21001113,2011-03-30 20:00:00,,Positive EV,Totals,-110.0,-116.0,false,-1.0,4.0065707760733593E-4
21001114,2011-03-30 20:00:00,,Positive EV,Totals,-110.0,-116.0,false,-1.0,4.0065707760733593E-4
21001114,2011-03-30 20:00:00,,Positive EV,Totals,-110.0,-116.0,false,-1.0,4.0065707760733593E-4
21001116,2011-03-30 22:00:00,,Positive EV,Totals,-109.0,-121.0,false,-1.0,0.025508874037141582
21001116,2011-03-30 22:00:00,,Positive EV,Totals,-110.0,-121.0,false,-1.0,0.021048200378867787
21001116,2011-03-30 22:00:00,,Positive EV,Totals,-110.0,-121.0,false,-1.0,0.021048200378867787
21600579,2017-01-10 22:30:00,,Positive EV,Totals,-105.0,-113.0,false,-1.0,0.009949862191171277
21001068,2011-03-25 19:00:00,,Positive EV,Totals,-107.0,-116.0,false,-1.0,0.013757141150739616
21001068,2011-03-25 19:00:00,,Positive EV,Totals,-110.0,-116.0,false,-1.0,4.0065707760733593E-4
21001068,2011-03-25 19:00:00,,Positive EV,Totals,-110.0,-116.0,false,-1.0,4.0065707760733593E-4
21001068,2011-03-25 19:00:00,,Positive EV,Totals,-110.0,-116.0,false,-1.0,4.0065707760733593E-4
21001068,2011-03-25 19:00:00,,Positive EV,Totals,-110.0,-116.0,false,-1.0,4.0065707760733593E-4
40900311,2010-05-17 21:00:00,,Positive EV,Totals,-109.0,-122.0,true,0.9174311926605505,0.029546405270282683
21001065,2011-03-23 22:30:00,,Positive EV,Totals,-105.0,-116.0,true,0.9523809523809523,0.02308547923356208
21001065,2011-03-23 22:30:00,,Positive EV,Totals,-109.0,-116.0,true,0.9174311926605505,0.004771127401231645
21001065,2011-03-23 22:30:00,,Positive EV,Totals,-110.0,-116.0,true,0.9090909090909092,4.0065707760733593E-4
21001065,2011-03-23 22:30:00,,Positive EV,Totals,-110.0,-116.0,true,0.9090909090909092,4.0065707760733593E-4
40900301,2010-05-16 15:30:00,,Positive EV,Totals,-110.0,-120.0,false,-1.0,0.016992353440951513
21001058,2011-03-23 19:30:00,,Positive EV,Totals,-105.0,-114.0,true,0.9523809523809523,0.014368461227605156
21600576,2017-01-10 21:00:00,,Positive EV,Totals,-102.0,-109.0,true,0.9803921568627452,0.008610622639496912
21001059,2011-03-23 20:00:00,,Positive EV,Totals,-105.0,-113.0,false,-1.0,0.009949862191171277
21001090,2011-03-27 18:00:00,,Positive EV,Totals,-105.0,-113.0,true,0.9523809523809523,0.009949862191171277
21001093,2011-03-27 21:00:00,,Positive EV,Totals,-105.0,-111.0,false,-1.0,0.003422437367750719
21001094,2011-03-27 21:30:00,,Positive EV,Totals,-103.0,-112.0,true,0.970873786407767,0.017457296086375584
21600566,2017-01-08 21:00:00,,Positive EV,Totals,-105.0,-113.0,true,0.9523809523809523,0.009949862191171277
21200063,2012-11-07 22:00:00,,Positive EV,Totals,-101.0,-107.0,false,-1.0,0.004296747225022213
21200078,2012-11-09 22:00:00,,Positive EV,Totals,-103.0,-109.0,true,0.970873786407767,0.003762931480026044
21200083,2012-11-10 19:30:00,,Positive EV,Totals,-103.0,-109.0,true,0.970873786407767,0.003762931480026044
20901039,2010-03-21 15:30:00,,Positive EV,Totals,-110.0,-116.0,false,-1.0,0.0027175216202824926
20901039,2010-03-21 15:30:00,,Positive EV,Totals,-110.0,-116.0,false,-1.0,0.0027175216202824926
20901039,2010-03-21 15:30:00,,Positive EV,Totals,-110.0,-116.0,false,-1.0,0.0027175216202824926
20901039,2010-03-21 15:30:00,,Positive EV,Totals,-110.0,-116.0,false,-1.0,0.0027175216202824926
20901039,2010-03-21 15:30:00,,Positive EV,Totals,-109.0,-116.0,false,-1.0,0.007098113676290707
20901039,2010-03-21 15:30:00,,Positive EV,Totals,-110.0,-116.0,false,-1.0,0.0027175216202824926
20901039,2010-03-21 15:30:00,,Positive EV,Totals,-110.0,-116.0,false,-1.0,0.0027175216202824926
20600107,2006-11-14 22:30:00,,Positive EV,Totals,-115.0,-125.0,false,-1.0,0.01761144744083648
20901067,2010-03-24 22:30:00,,Positive EV,Totals,-110.0,-118.0,true,0.9090909090909092,0.011063509250977044
20901067,2010-03-24 22:30:00,,Positive EV,Totals,-110.0,-118.0,true,0.9090909090909092,0.011063509250977044
20901067,2010-03-24 22:30:00,,Positive EV,Totals,-110.0,-118.0,true,0.9090909090909092,0.011063509250977044
20901051,2010-03-22 22:00:00,,Positive EV,Totals,-109.0,-120.0,false,-1.0,0.023713263878090363
20600136,2006-11-18 20:30:00,,Positive EV,Totals,-110.0,-130.0,false,-1.0,0.05383008109926701
20901078,2010-03-26 20:00:00,,Positive EV,Totals,-104.0,-110.0,false,-1.0,0.003577817531306038
20600157,2006-11-21 22:30:00,,Positive EV,Totals,-110.0,-118.0,true,0.9090909090909092,0.011063509250977044
20901099,2010-03-29 20:00:00,,Positive EV,Totals,-109.0,-115.0,true,0.9174311926605505,0.0028494812417632076
20600165,2006-11-22 20:30:00,,Positive EV,Totals,-105.0,-113.0,true,0.9523809523809523,0.012357120790855713
20600166,2006-11-22 21:00:00,,Positive EV,Totals,-105.0,-111.0,false,-1.0,0.003422437367750719
20600182,2006-11-24 22:30:00,,Positive EV,Totals,-110.0,-122.0,false,-1.0,0.027312068756809083
20600180,2006-11-24 21:00:00,,Positive EV,Totals,-110.0,-116.0,true,0.9090909090909092,0.0027175216202824926
20600188,2006-11-25 19:30:00,,Positive EV,Totals,-110.0,-118.0,true,0.9090909090909092,0.011063509250977044
20600188,2006-11-25 19:30:00,,Positive EV,Totals,-105.0,-118.0,true,0.9523809523809523,0.03399011943807395
20600188,2006-11-25 19:30:00,,Positive EV,Totals,-110.0,-118.0,true,0.9090909090909092,0.011063509250977044
20600192,2006-11-25 21:00:00,,Positive EV,Totals,-110.0,-118.0,false,-1.0,0.011063509250977044
20600191,2006-11-25 20:30:00,,Positive EV,Totals,-105.0,-113.0,false,-1.0,0.012357120790855713
20600191,2006-11-25 20:30:00,,Positive EV,Totals,-105.0,-113.0,false,-1.0,0.012357120790855713
20901107,2010-03-31 19:00:00,,Positive EV,Totals,-109.0,-115.0,false,-1.0,0.0028494812417632076
20901119,2010-03-31 22:00:00,,Positive EV,Totals,-105.0,-111.0,false,0.0,0.003422437367750719
20901117,2010-03-31 20:30:00,,Positive EV,Totals,-110.0,-118.0,true,0.9090909090909092,0.011063509250977044
20901117,2010-03-31 20:30:00,,Positive EV,Totals,-110.0,-118.0,true,0.9090909090909092,0.011063509250977044
20901117,2010-03-31 20:30:00,,Positive EV,Totals,-110.0,-118.0,true,0.9090909090909092,0.011063509250977044
20901117,2010-03-31 20:30:00,,Positive EV,Totals,-109.0,-118.0,true,0.9174311926605505,0.015480562589775482
20901117,2010-03-31 20:30:00,,Positive EV,Totals,-110.0,-118.0,true,0.9090909090909092,0.011063509250977044
20901117,2010-03-31 20:30:00,,Positive EV,Totals,-110.0,-118.0,true,0.9090909090909092,0.011063509250977044
20901146,2010-04-04 18:00:00,,Positive EV,Totals,-104.0,-110.0,false,-1.0,0.003577817531306038
20901133,2010-04-03 19:00:00,,Positive EV,Totals,-109.0,-115.0,true,0.9174311926605505,0.0028494812417632076
20901131,2010-04-02 22:30:00,,Positive EV,Totals,-109.0,-115.0,true,0.9174311926605505,0.0028494812417632076
21001024,2011-03-18 20:30:00,,Positive EV,Totals,-105.0,-113.0,true,0.9523809523809523,0.009949862191171277
21001022,2011-03-18 20:00:00,,Positive EV,Totals,-107.0,-113.0,true,0.9345794392523366,7.412926703947997E-4
21600655,2017-01-21 19:30:00,,Positive EV,Totals,-105.0,-113.0,false,-1.0,0.009949862191171277
21001052,2011-03-22 22:00:00,,Positive EV,Totals,-105.0,-111.0,false,-1.0,0.003422437367750719
21001056,2011-03-23 19:00:00,,Positive EV,Totals,-105.0,-113.0,true,0.9523809523809523,0.009949862191171277
21001049,2011-03-21 20:30:00,,Positive EV,Totals,-105.0,-113.0,true,0.9523809523809523,0.009949862191171277
21600622,2017-01-17 19:30:00,,Positive EV,Totals,-105.0,-114.0,false,-1.0,0.014368461227605156
21001010,2011-03-16 21:00:00,,Positive EV,Totals,-108.0,-115.0,true,0.925925925925926,0.0049426650850138976
21001010,2011-03-16 21:00:00,,Positive EV,Totals,-109.0,-115.0,true,0.9174311926605505,5.101374514349666E-4
21001011,2011-03-16 22:00:00,,Positive EV,Totals,-105.0,-111.0,false,-1.0,0.003422437367750719
21001007,2011-03-16 20:00:00,,Positive EV,Totals,-103.0,-113.0,false,-1.0,0.01951604606226931
20800064,2008-11-06 20:00:00,,Positive EV,Totals,-104.0,-112.0,false,-1.0,0.012637964445193495
21200115,2012-11-14 20:30:00,,Positive EV,Totals,-103.0,-110.0,false,-1.0,0.008354030255136646
21200117,2012-11-14 22:30:00,,Positive EV,Totals,-103.0,-109.0,false,-1.0,0.003762931480026044
20800044,2008-11-03 19:00:00,,Positive EV,Totals,-101.0,-115.0,true,0.9900990099009901,0.04085599907744508
20800044,2008-11-03 19:00:00,,Positive EV,Totals,-109.0,-115.0,true,0.9174311926605505,0.0028494812417632076
20800045,2008-11-03 20:00:00,,Positive EV,Totals,-109.0,-115.0,false,-1.0,0.0028494812417632076
20800049,2008-11-04 20:30:00,,Positive EV,Totals,100.0,-110.0,true,1.0,0.023255813953488413
20800038,2008-11-01 21:00:00,,Positive EV,Totals,-110.0,-116.0,false,-1.0,0.0027175216202824926
20800039,2008-11-01 22:00:00,,Positive EV,Totals,-114.0,-126.0,false,-1.0,0.025567773617438505
20800039,2008-11-01 22:00:00,,Positive EV,Totals,-110.0,-126.0,false,-1.0,0.042994583704395795
21200155,2012-11-20 20:00:00,,Positive EV,Totals,-105.0,-113.0,false,-1.0,0.009949862191171277
21200148,2012-11-19 19:00:00,,Positive EV,Totals,-103.0,-110.0,true,0.970873786407767,0.008354030255136646
20800083,2008-11-08 20:30:00,,Positive EV,Totals,-103.0,-110.0,true,0.970873786407767,0.008354030255136646
20800088,2008-11-09 18:00:00,,Positive EV,Totals,-103.0,-109.0,true,0.970873786407767,0.003762931480026044
20800070,2008-11-07 19:30:00,,Positive EV,Totals,-102.0,-114.0,true,0.9803921568627452,0.03135077033321387
21200194,2012-11-25 18:00:00,,Positive EV,Totals,-105.0,-113.0,false,-1.0,0.009949862191171277
20800029,2008-11-01 19:00:00,,Positive EV,Totals,-105.0,-113.0,true,0.9523809523809523,0.012357120790855713
21501209,2016-04-11 20:00:00,,Positive EV,Totals,-105.0,-113.0,false,-1.0,0.009949862191171277
21200236,2012-12-01 20:00:00,,Positive EV,Totals,-102.0,-110.0,false,-1.0,0.013223894208846398
21200254,2012-12-04 20:00:00,,Positive EV,Totals,-103.0,-110.0,true,0.970873786407767,0.008354030255136646
21200248,2012-12-03 21:00:00,,Positive EV,Totals,-103.0,-109.0,false,-1.0,0.003762931480026044
21200263,2012-12-05 20:00:00,,Positive EV,Totals,-103.0,-110.0,false,-1.0,0.008354030255136646
21200294,2012-12-09 19:00:00,,Positive EV,Totals,-105.0,-113.0,false,-1.0,0.009949862191171277
20801220,2009-04-15 20:00:00,,Positive EV,Totals,-110.0,-117.0,false,-1.0,0.006909399753320666
20801221,2009-04-15 20:00:00,,Positive EV,Totals,-101.0,-109.0,false,0.0,0.013554307683313671
20801222,2009-04-15 20:00:00,,Positive EV,Totals,-101.0,-107.0,false,-1.0,0.004296747225022213
20801210,2009-04-13 21:00:00,,Positive EV,Totals,-107.0,-114.0,false,-1.0,0.007492373684439668
20801214,2009-04-14 19:00:00,,Positive EV,Totals,-110.0,-117.0,false,-1.0,0.006909399753320666
20801214,2009-04-14 19:00:00,,Positive EV,Totals,-110.0,-117.0,false,-1.0,0.006909399753320666
20801209,2009-04-13 21:00:00,,Positive EV,Totals,-105.0,-112.0,false,-1.0,0.007910429597176583
20801202,2009-04-13 19:00:00,,Positive EV,Totals,-102.0,-111.0,true,0.9803921568627452,0.017818742064562132
20801205,2009-04-13 19:30:00,,Positive EV,Totals,-103.0,-110.0,false,-1.0,0.008354030255136646
21501125,2016-03-31 20:00:00,,Positive EV,Totals,-103.0,-110.0,false,-1.0,0.008354030255136646
21501165,2016-04-06 19:00:00,,Positive EV,Totals,-105.0,-115.0,true,0.9523809523809523,0.01874682257244531
21501163,2016-04-05 22:30:00,,Positive EV,Totals,-105.0,-113.0,true,0.9523809523809523,0.009949862191171277
21501153,2016-04-03 21:30:00,,Positive EV,Totals,-105.0,-112.0,true,0.9523809523809523,0.007910429597176583
20900908,2010-03-03 21:00:00,,Positive EV,Totals,-109.0,-117.0,true,0.9174311926605505,0.011308304951019699
21200349,2012-12-16 21:00:00,,Positive EV,Totals,-105.0,-111.0,false,-1.0,0.003422437367750719
21200372,2012-12-19 20:00:00,,Positive EV,Totals,-102.0,-108.0,true,0.9803921568627452,0.004002493356517367
20800284,2008-12-05 20:30:00,,Positive EV,Totals,-105.0,-112.0,false,-1.0,0.007910429597176583
20800289,2008-12-06 19:30:00,,Positive EV,Totals,-105.0,-113.0,true,0.9523809523809523,0.012357120790855713
20800271,2008-12-03 20:00:00,,Positive EV,Totals,-105.0,-116.0,false,-1.0,0.025454880387182244
20800271,2008-12-03 20:00:00,,Positive EV,Totals,-110.0,-116.0,false,-1.0,0.0027175216202824926
20800271,2008-12-03 20:00:00,,Positive EV,Totals,-110.0,-116.0,false,-1.0,0.0027175216202824926
20800271,2008-12-03 20:00:00,,Positive EV,Totals,-110.0,-116.0,false,-1.0,0.0027175216202824926
20800271,2008-12-03 20:00:00,,Positive EV,Totals,-104.0,-116.0,false,-1.0,0.03026470628018041
20800271,2008-12-03 20:00:00,,Positive EV,Totals,-110.0,-116.0,false,-1.0,0.0027175216202824926
20800271,2008-12-03 20:00:00,,Positive EV,Totals,-110.0,-116.0,false,-1.0,0.0027175216202824926
20800273,2008-12-03 21:00:00,,Positive EV,Totals,-105.0,-115.0,true,0.9523809523809523,0.021128806486543528
20800273,2008-12-03 21:00:00,,Positive EV,Totals,-105.0,-115.0,true,0.9523809523809523,0.021128806486543528
20800273,2008-12-03 21:00:00,,Positive EV,Totals,-109.0,-115.0,true,0.9174311926605505,0.0028494812417632076
20900916,2010-03-05 19:00:00,,Positive EV,Totals,-110.0,-125.0,true,0.9090909090909092,0.039125431530494914
21500203,2015-11-23 19:00:00,,Positive EV,Totals,-105.0,-113.0,true,0.9523809523809523,0.009949862191171277
21500200,2015-11-22 20:00:00,,Positive EV,Totals,-105.0,-121.0,false,-1.0,0.044201220795622165
21500200,2015-11-22 20:00:00,,Positive EV,Totals,-105.0,-121.0,false,-1.0,0.044201220795622165
21500200,2015-11-22 20:00:00,,Positive EV,Totals,-110.0,-121.0,false,-1.0,0.021048200378867787
20900963,2010-03-11 22:30:00,,Positive EV,Totals,-109.0,-117.0,true,0.9174311926605505,0.011308304951019699
20800226,2008-11-28 19:30:00,,Positive EV,Totals,-105.0,-112.0,true,0.9523809523809523,0.007910429597176583
20800213,2008-11-26 19:30:00,,Positive EV,Totals,-103.0,-111.0,true,0.970873786407767,0.012926793866616493
20800214,2008-11-26 19:30:00,,Positive EV,Totals,-105.0,-111.0,true,0.9523809523809523,0.003422437367750719
20800203,2008-11-24 22:00:00,,Positive EV,Totals,-102.0,-108.0,true,0.9803921568627452,0.004002493356517367
20800205,2008-11-25 19:00:00,,Positive EV,Totals,-110.0,-117.0,true,0.9090909090909092,0.006909399753320666
20800263,2008-12-03 19:00:00,,Positive EV,Totals,-105.0,-113.0,true,0.9523809523809523,0.012357120790855713
20800267,2008-12-03 19:00:00,,Positive EV,Totals,-104.0,-110.0,false,-1.0,0.003577817531306038
20800268,2008-12-03 19:00:00,,Positive EV,Totals,-104.0,-110.0,true,0.9615384615384617,0.003577817531306038
20800254,2008-12-01 22:30:00,,Positive EV,Totals,-103.0,-112.0,true,0.970873786407767,0.017457296086375584
20800256,2008-12-02 19:30:00,,Positive EV,Totals,-105.0,-111.0,true,0.9523809523809523,0.003422437367750719
20800257,2008-12-02 19:30:00,,Positive EV,Totals,-105.0,-114.0,false,-1.0,0.016763064953677576
20800259,2008-12-02 20:30:00,,Positive EV,Totals,-105.0,-115.0,true,0.9523809523809523,0.021128806486543528
20800259,2008-12-02 20:30:00,,Positive EV,Totals,-109.0,-115.0,true,0.9174311926605505,0.0028494812417632076
20800248,2008-11-30 17:00:00,,Positive EV,Totals,-102.0,-109.0,false,0.0,0.008610622639496912
20800231,2008-11-28 20:00:00,,Positive EV,Totals,-110.0,-123.0,false,-1.0,0.03128461880188721
20800231,2008-11-28 20:00:00,,Positive EV,Totals,-109.0,-123.0,false,-1.0,0.035790012505696245
20800234,2008-11-28 22:00:00,,Positive EV,Totals,-105.0,-111.0,true,0.9523809523809523,0.003422437367750719
20800236,2008-11-29 19:00:00,,Positive EV,Totals,-105.0,-113.0,true,0.9523809523809523,0.012357120790855713
21600920,2017-03-04 20:00:00,,Positive EV,Totals,-105.0,-111.0,true,0.9523809523809523,0.003422437367750719
21600906,2017-03-02 20:00:00,,Positive EV,Totals,-105.0,-113.0,false,-1.0,0.009949862191171277
21600903,2017-03-01 21:00:00,,Positive EV,Totals,-105.0,-113.0,false,-1.0,0.009949862191171277
20900990,2010-03-14 21:00:00,,Positive EV,Totals,-110.0,-116.0,true,0.9090909090909092,0.0027175216202824926
20900990,2010-03-14 21:00:00,,Positive EV,Totals,-110.0,-116.0,true,0.9090909090909092,0.0027175216202824926
20900990,2010-03-14 21:00:00,,Positive EV,Totals,-110.0,-116.0,true,0.9090909090909092,0.0027175216202824926
20900990,2010-03-14 21:00:00,,Positive EV,Totals,-110.0,-116.0,true,0.9090909090909092,0.0027175216202824926
20900990,2010-03-14 21:00:00,,Positive EV,Totals,-110.0,-116.0,true,0.9090909090909092,0.0027175216202824926
21500151,2015-11-15 21:30:00,,Positive EV,Totals,-105.0,-113.0,false,-1.0,0.009949862191171277
21500176,2015-11-19 20:00:00,,Positive EV,Totals,-105.0,-113.0,false,-1.0,0.009949862191171277
21600982,2017-03-11 21:00:00,,Positive EV,Totals,-105.0,-113.0,true,0.9523809523809523,0.009949862191171277
21500162,2015-11-17 19:30:00,,Positive EV,Totals,-105.0,-113.0,false,0.0,0.009949862191171277
21500163,2015-11-17 20:00:00,,Positive EV,Totals,-105.0,-113.0,true,0.9523809523809523,0.0050981668293741955
21600973,2017-03-11 15:00:00,,Positive EV,Totals,-102.0,-113.0,true,0.9803921568627452,0.024439817172393297
21600973,2017-03-11 15:00:00,,Positive EV,Totals,-105.0,-113.0,true,0.9523809523809523,0.009949862191171277
21200316,2012-12-12 20:00:00,,Positive EV,Totals,-102.0,-109.0,false,-1.0,0.008610622639496912
21600953,2017-03-08 20:00:00,,Positive EV,Totals,-105.0,-113.0,false,-1.0,0.009949862191171277
21500198,2015-11-22 18:00:00,,Positive EV,Totals,-105.0,-113.0,true,0.9523809523809523,0.009949862191171277
21200327,2012-12-14 19:00:00,,Positive EV,Totals,-103.0,-110.0,false,-1.0,0.008354030255136646
21200342,2012-12-15 20:00:00,,Positive EV,Totals,-102.0,-108.0,false,-1.0,0.004002493356517367
20800184,2008-11-22 19:00:00,,Positive EV,Totals,-103.0,-111.0,false,-1.0,0.012926793866616493
20800163,2008-11-19 20:00:00,,Positive EV,Totals,-102.0,-110.0,false,-1.0,0.013223894208846398
21500115,2015-11-11 19:00:00,,Positive EV,Totals,-105.0,-116.0,true,0.9523809523809523,0.02308547923356208
21500115,2015-11-11 19:00:00,,Positive EV,Totals,-110.0,-116.0,true,0.9090909090909092,4.0065707760733593E-4
20800198,2008-11-24 19:00:00,,Positive EV,Totals,-102.0,-110.0,false,0.0,0.013223894208846398
20800191,2008-11-22 20:00:00,,Positive EV,Totals,-102.0,-108.0,true,0.9803921568627452,0.004002493356517367
20800107,2008-11-12 19:30:00,,Positive EV,Totals,-105.0,-117.0,true,0.9523809523809523,0.029741812446139604
20800107,2008-11-12 19:30:00,,Positive EV,Totals,-110.0,-117.0,true,0.9090909090909092,0.006909399753320666
20800107,2008-11-12 19:30:00,,Positive EV,Totals,-110.0,-117.0,true,0.9090909090909092,0.006909399753320666
20800107,2008-11-12 19:30:00,,Positive EV,Totals,-109.0,-117.0,true,0.9174311926605505,0.011308304951019699
20800107,2008-11-12 19:30:00,,Positive EV,Totals,-110.0,-117.0,true,0.9090909090909092,0.006909399753320666
20800107,2008-11-12 19:30:00,,Positive EV,Totals,-110.0,-117.0,true,0.9090909090909092,0.006909399753320666
20800148,2008-11-17 22:30:00,,Positive EV,Totals,-105.0,-111.0,false,-1.0,0.003422437367750719
20800149,2008-11-18 19:00:00,,Positive EV,Totals,-109.0,-115.0,false,-1.0,0.0028494812417632076
41200164,2013-04-28 21:30:00,,Positive EV,Totals,-103.0,-110.0,true,0.970873786407767,0.008354030255136646
20800130,2008-11-14 22:00:00,,Positive EV,Totals,-101.0,-108.0,false,-1.0,0.008923591745677806
20800134,2008-11-15 19:00:00,,Positive EV,Totals,-106.0,-113.0,false,-1.0,0.0076983213394482
20800135,2008-11-15 19:30:00,,Positive EV,Totals,-110.0,-116.0,true,0.9090909090909092,0.0027175216202824926
20800135,2008-11-15 19:30:00,,Positive EV,Totals,-110.0,-116.0,true,0.9090909090909092,0.0027175216202824926
20800137,2008-11-15 20:30:00,,Positive EV,Totals,-110.0,-117.0,false,-1.0,0.006909399753320666
20800137,2008-11-15 20:30:00,,Positive EV,Totals,-110.0,-117.0,false,-1.0,0.006909399753320666
41200132,2013-04-22 20:00:00,,Positive EV,Totals,-105.0,-113.0,true,0.9523809523809523,0.009949862191171277
20800112,2008-11-12 20:00:00,,Positive EV,Totals,-109.0,-115.0,false,-1.0,0.0028494812417632076
20800118,2008-11-13 20:30:00,,Positive EV,Totals,-104.0,-110.0,true,0.9615384615384617,0.003577817531306038
20800119,2008-11-13 22:30:00,,Positive EV,Totals,-103.0,-111.0,false,-1.0,0.012926793866616493
21500092,2015-11-07 22:00:00,,Positive EV,Totals,-107.0,-113.0,false,-1.0,7.412926703947997E-4
21500092,2015-11-07 22:00:00,,Positive EV,Totals,-105.0,-113.0,false,-1.0,0.009949862191171277
41200225,2013-05-15 21:30:00,,Positive EV,Totals,-105.0,-113.0,true,0.9523809523809523,0.009949862191171277
41200225,2013-05-15 21:30:00,,Positive EV,Totals,-105.0,-113.0,true,0.9523809523809523,0.009949862191171277
41200211,2013-05-05 15:30:00,,Positive EV,Totals,-102.0,-108.0,false,-1.0,0.004002493356517367
41200223,2013-05-11 17:00:00,,Positive EV,Totals,-102.0,-108.0,true,0.9803921568627452,0.004002493356517367
21200428,2012-12-28 19:30:00,,Positive EV,Totals,-103.0,-110.0,false,-1.0,0.008354030255136646
21500042,2015-11-01 18:00:00,,Positive EV,Totals,-105.0,-113.0,false,-1.0,0.009949862191171277
21500070,2015-11-05 20:00:00,,Positive EV,Totals,-105.0,-113.0,true,0.9523809523809523,0.009949862191171277
21200591,2013-01-18 21:00:00,,Positive EV,Totals,-102.0,-110.0,true,0.9803921568627452,0.013223894208846398
21500404,2015-12-20 13:00:00,,Positive EV,Totals,-105.0,-113.0,true,0.9523809523809523,0.009949862191171277
20600850,2007-02-27 19:00:00,,Positive EV,Totals,-110.0,-116.0,false,0.0,0.0027175216202824926
21200597,2013-01-19 20:00:00,,Positive EV,Totals,-105.0,-113.0,true,0.9523809523809523,0.009949862191171277
20600862,2007-02-28 21:00:00,,Positive EV,Totals,-110.0,-117.0,false,-1.0,0.006909399753320666
21500417,2015-12-21 21:00:00,,Positive EV,Totals,-105.0,-112.0,false,-1.0,0.007910429597176583
20600886,2007-03-03 22:30:00,,Positive EV,Totals,-110.0,-125.0,true,0.9090909090909092,0.039125431530494914
20600886,2007-03-03 22:30:00,,Positive EV,Totals,-110.0,-125.0,true,0.9090909090909092,0.039125431530494914
21500453,2015-12-26 22:00:00,,Positive EV,Totals,-105.0,-116.0,false,-1.0,0.02308547923356208
21500453,2015-12-26 22:00:00,,Positive EV,Totals,-110.0,-116.0,false,-1.0,4.0065707760733593E-4
21500453,2015-12-26 22:00:00,,Positive EV,Totals,-110.0,-116.0,false,-1.0,4.0065707760733593E-4
21500453,2015-12-26 22:00:00,,Positive EV,Totals,-105.0,-116.0,false,-1.0,0.02308547923356208
21500453,2015-12-26 22:00:00,,Positive EV,Totals,-110.0,-116.0,false,-1.0,4.0065707760733593E-4
21500453,2015-12-26 22:00:00,,Positive EV,Totals,-110.0,-116.0,false,-1.0,4.0065707760733593E-4
21500453,2015-12-26 22:00:00,,Positive EV,Totals,-110.0,-116.0,false,-1.0,4.0065707760733593E-4
21500452,2015-12-26 21:00:00,,Positive EV,Totals,-105.0,-113.0,true,0.9523809523809523,0.009949862191171277
21500446,2015-12-26 19:30:00,,Positive EV,Totals,-105.0,-113.0,true,0.9523809523809523,0.009949862191171277
21500438,2015-12-25 17:00:00,,Positive EV,Totals,-105.0,-113.0,true,0.9523809523809523,0.009949862191171277
21500472,2015-12-29 20:00:00,,Positive EV,Totals,-105.0,-113.0,false,-1.0,0.0050981668293741955
21500468,2015-12-28 22:30:00,,Positive EV,Totals,-105.0,-111.0,true,0.9523809523809523,0.003422437367750719
20900718,2010-02-03 19:00:00,,Positive EV,Totals,-110.0,-116.0,true,0.9090909090909092,0.0027175216202824926
20900718,2010-02-03 19:00:00,,Positive EV,Totals,-110.0,-116.0,true,0.9090909090909092,0.0027175216202824926
20900718,2010-02-03 19:00:00,,Positive EV,Totals,-110.0,-116.0,true,0.9090909090909092,0.0027175216202824926
20900718,2010-02-03 19:00:00,,Positive EV,Totals,-110.0,-116.0,true,0.9090909090909092,0.0027175216202824926
41600402,2017-06-04 20:00:00,,Positive EV,Totals,-105.0,-113.0,false,-1.0,0.009949862191171277
20900758,2010-02-09 19:00:00,,Positive EV,Totals,-104.0,-111.0,false,-1.0,0.008128921595554506
21200503,2013-01-06 21:30:00,,Positive EV,Totals,-103.0,-110.0,true,0.970873786407767,0.008354030255136646
20900737,2010-02-05 20:00:00,,Positive EV,Totals,-110.0,-116.0,false,-1.0,0.0027175216202824926
20900737,2010-02-05 20:00:00,,Positive EV,Totals,-109.0,-116.0,false,-1.0,0.007098113676290707
20900737,2010-02-05 20:00:00,,Positive EV,Totals,-110.0,-116.0,false,-1.0,0.0027175216202824926
20900739,2010-02-05 22:00:00,,Positive EV,Totals,-109.0,-115.0,false,-1.0,0.0028494812417632076
21500392,2015-12-18 20:00:00,,Positive EV,Totals,-105.0,-113.0,true,0.9523809523809523,0.009949862191171277
20600944,2007-03-12 20:00:00,,Positive EV,Totals,-105.0,-112.0,true,0.9523809523809523,0.007910429597176583
20600957,2007-03-14 19:00:00,,Positive EV,Totals,-105.0,-111.0,true,0.9523809523809523,0.003422437367750719
21200577,2013-01-16 22:00:00,,Positive EV,Totals,-103.0,-110.0,false,-1.0,0.008354030255136646
20600960,2007-03-14 19:00:00,,Positive EV,Totals,-105.0,-112.0,true,0.9523809523809523,0.007910429597176583
20600744,2007-02-09 20:00:00,,Positive EV,Totals,-110.0,-123.0,true,0.9090909090909092,0.03128461880188721
21500313,2015-12-08 19:00:00,,Positive EV,Totals,-105.0,-113.0,false,-1.0,0.009949862191171277
21500313,2015-12-08 19:00:00,,Positive EV,Totals,-105.0,-113.0,false,-1.0,0.009949862191171277
20600753,2007-02-10 20:30:00,,Positive EV,Totals,-105.0,-114.0,true,0.9523809523809523,0.016763064953677576
21500325,2015-12-09 20:00:00,,Positive EV,Totals,-105.0,-113.0,false,-1.0,0.009949862191171277
20900815,2010-02-19 22:30:00,,Positive EV,Totals,-105.0,-111.0,true,0.9523809523809523,0.003422437367750719
20600779,2007-02-14 19:00:00,,Positive EV,Totals,-110.0,-121.0,true,0.9090909090909092,0.023304150658184974
20600784,2007-02-14 21:00:00,,Positive EV,Totals,-110.0,-117.0,true,0.9090909090909092,0.006909399753320666
20900849,2010-02-24 20:00:00,,Positive EV,Totals,-110.0,-117.0,true,0.9090909090909092,0.006909399753320666
21500355,2015-12-13 18:00:00,,Positive EV,Totals,-105.0,-114.0,true,0.9523809523809523,0.014368461227605156
21500353,2015-12-13 15:30:00,,Positive EV,Totals,-103.0,-109.0,true,0.970873786407767,0.003762931480026044
20600795,2007-02-20 20:30:00,,Positive EV,Totals,-110.0,-121.0,true,0.9090909090909092,0.023304150658184974
20900836,2010-02-22 22:30:00,,Positive EV,Totals,-110.0,-116.0,false,0.0,0.0027175216202824926
20900836,2010-02-22 22:30:00,,Positive EV,Totals,-110.0,-116.0,false,0.0,0.0027175216202824926
20900836,2010-02-22 22:30:00,,Positive EV,Totals,-110.0,-116.0,false,0.0,0.0027175216202824926
20900836,2010-02-22 22:30:00,,Positive EV,Totals,-110.0,-116.0,false,0.0,0.0027175216202824926
21500345,2015-12-12 19:00:00,,Positive EV,Totals,-105.0,-113.0,false,-1.0,0.009949862191171277
21500340,2015-12-11 21:00:00,,Positive EV,Totals,-110.0,-116.0,true,0.9090909090909092,4.0065707760733593E-4
21500340,2015-12-11 21:00:00,,Positive EV,Totals,-110.0,-116.0,true,0.9090909090909092,4.0065707760733593E-4
21500340,2015-12-11 21:00:00,,Positive EV,Totals,-110.0,-116.0,true,0.9090909090909092,4.0065707760733593E-4
21500340,2015-12-11 21:00:00,,Positive EV,Totals,-105.0,-116.0,true,0.9523809523809523,0.02308547923356208
21500340,2015-12-11 21:00:00,,Positive EV,Totals,-110.0,-116.0,true,0.9090909090909092,4.0065707760733593E-4
21500340,2015-12-11 21:00:00,,Positive EV,Totals,-110.0,-116.0,true,0.9090909090909092,4.0065707760733593E-4
21500340,2015-12-11 21:00:00,,Positive EV,Totals,-110.0,-116.0,true,0.9090909090909092,4.0065707760733593E-4
21200605,2013-01-21 13:00:00,,Positive EV,Totals,-105.0,-113.0,false,-1.0,0.009949862191171277
21200615,2013-01-22 19:30:00,,Positive EV,Totals,-110.0,-117.0,false,0.0,0.004604800901905848
21500249,2015-11-29 18:00:00,,Positive EV,Totals,-105.0,-111.0,false,-1.0,0.003422437367750719
21500242,2015-11-28 20:30:00,,Positive EV,Totals,-105.0,-113.0,false,-1.0,0.009949862191171277
21200650,2013-01-26 21:30:00,,Positive EV,Totals,-102.0,-108.0,true,0.9803921568627452,0.004002493356517367
21200655,2013-01-27 18:00:00,,Positive EV,Totals,-102.0,-108.0,false,-1.0,0.004002493356517367
21200663,2013-01-28 20:00:00,,Positive EV,Totals,-103.0,-110.0,false,-1.0,0.008354030255136646
21500280,2015-12-03 21:30:00,,Positive EV,Totals,-105.0,-113.0,true,0.9523809523809523,0.009949862191171277
20600811,2007-02-22 19:00:00,,Positive EV,Totals,-110.0,-116.0,true,0.9090909090909092,0.0027175216202824926
20600833,2007-02-25 18:00:00,,Positive EV,Totals,-110.0,-118.0,true,0.9090909090909092,0.011063509250977044
20801150,2009-04-05 19:30:00,,Positive EV,Totals,-101.0,-112.0,false,-1.0,0.027382256297919016
20801152,2009-04-05 21:30:00,,Positive EV,Totals,-102.0,-112.0,false,-1.0,0.022371124426404432
20801154,2009-04-07 19:00:00,,Positive EV,Totals,-101.0,-108.0,true,0.9900990099009901,0.008923591745677806
21500648,2016-01-22 19:30:00,,Positive EV,Totals,-105.0,-113.0,true,0.9523809523809523,0.009949862191171277
20801143,2009-04-05 15:30:00,,Positive EV,Totals,-110.0,-118.0,true,0.9090909090909092,0.011063509250977044
20801130,2009-04-03 20:00:00,,Positive EV,Totals,-105.0,-112.0,false,-1.0,0.007910429597176583
20801133,2009-04-03 22:30:00,,Positive EV,Totals,-105.0,-113.0,true,0.9523809523809523,0.012357120790855713
20801138,2009-04-04 19:00:00,,Positive EV,Totals,-105.0,-111.0,true,0.9523809523809523,0.003422437367750719
20801138,2009-04-04 19:00:00,,Positive EV,Totals,-104.0,-111.0,true,0.9615384615384617,0.008128921595554506
21500666,2016-01-24 18:00:00,,Positive EV,Totals,-105.0,-115.0,true,0.9523809523809523,0.01874682257244531
21500664,2016-01-24 19:30:00,,Positive EV,Totals,-105.0,-114.0,true,0.9523809523809523,0.014368461227605156
21500658,2016-01-23 20:00:00,,Positive EV,Totals,-105.0,-113.0,true,0.9523809523809523,0.009949862191171277
20801186,2009-04-10 22:00:00,,Positive EV,Totals,-102.0,-111.0,false,-1.0,0.017818742064562132
20801186,2009-04-10 22:00:00,,Positive EV,Totals,-105.0,-111.0,false,-1.0,0.003422437367750719
20801187,2009-04-10 22:30:00,,Positive EV,Totals,-105.0,-112.0,false,-1.0,0.007910429597176583
20801180,2009-04-10 20:00:00,,Positive EV,Totals,-109.0,-115.0,true,0.9174311926605505,0.0028494812417632076
20801172,2009-04-08 22:30:00,,Positive EV,Totals,-103.0,-110.0,false,-1.0,0.008354030255136646
20801164,2009-04-08 19:00:00,,Positive EV,Totals,-110.0,-117.0,false,-1.0,0.006909399753320666
20801111,2009-03-31 22:00:00,,Positive EV,Totals,-101.0,-108.0,false,-1.0,0.008923591745677806
20801108,2009-03-31 20:00:00,,Positive EV,Totals,-102.0,-110.0,true,0.9803921568627452,0.013223894208846398
20900596,2010-01-18 14:00:00,,Positive EV,Totals,-105.0,-111.0,true,0.9523809523809523,0.003422437367750719
21200724,2013-02-06 19:00:00,,Positive EV,Totals,-103.0,-109.0,true,0.970873786407767,0.003762931480026044
21200737,2013-02-08 19:00:00,,Positive EV,Totals,-104.0,-113.0,true,0.9615384615384617,0.014686962858109331
41600234,2017-05-07 21:00:00,,Positive EV,Totals,-105.0,-113.0,false,-1.0,0.009949862191171277
21200742,2013-02-08 20:00:00,,Positive EV,Totals,-102.0,-108.0,true,0.9803921568627452,0.004002493356517367
20801095,2009-03-29 18:00:00,,Positive EV,Totals,-103.0,-110.0,false,-1.0,0.008354030255136646
20801096,2009-03-29 19:00:00,,Positive EV,Totals,-103.0,-109.0,false,-1.0,0.003762931480026044
21200770,2013-02-12 19:30:00,,Positive EV,Totals,-103.0,-110.0,false,-1.0,0.008354030255136646
20900528,2010-01-08 22:30:00,,Positive EV,Totals,-110.0,-116.0,false,-1.0,0.0027175216202824926
20900528,2010-01-08 22:30:00,,Positive EV,Totals,-109.0,-116.0,false,-1.0,0.007098113676290707
20801090,2009-03-28 22:00:00,,Positive EV,Totals,-105.0,-115.0,true,0.9523809523809523,0.021128806486543528
20801090,2009-03-28 22:00:00,,Positive EV,Totals,-109.0,-115.0,true,0.9174311926605505,0.0028494812417632076
20801091,2009-03-29 13:00:00,,Positive EV,Totals,-101.0,-107.0,true,0.9900990099009901,0.004296747225022213
21200777,2013-02-13 19:00:00,,Positive EV,Totals,-102.0,-109.0,false,-1.0,0.008610622639496912
20900543,2010-01-10 21:30:00,,Positive EV,Totals,-110.0,-116.0,false,-1.0,0.0027175216202824926
20900543,2010-01-10 21:30:00,,Positive EV,Totals,-110.0,-116.0,false,-1.0,0.0027175216202824926
20900543,2010-01-10 21:30:00,,Positive EV,Totals,-110.0,-116.0,false,-1.0,0.0027175216202824926
20801032,2009-03-20 21:00:00,,Positive EV,Totals,-101.0,-110.0,true,0.9900990099009901,0.01819019111213449
20600965,2007-03-14 21:00:00,,Positive EV,Totals,-105.0,-115.0,false,-1.0,0.021128806486543528
20801038,2009-03-21 20:30:00,,Positive EV,Totals,-102.0,-113.0,true,0.9803921568627452,0.02688161319818516
20600974,2007-03-16 19:30:00,,Positive EV,Totals,-105.0,-113.0,false,-1.0,0.012357120790855713
20600973,2007-03-16 19:30:00,,Positive EV,Totals,-105.0,-113.0,true,0.9523809523809523,0.012357120790855713
20801020,2009-03-19 19:00:00,,Positive EV,Totals,-105.0,-112.0,false,-1.0,0.007910429597176583
20801028,2009-03-20 20:00:00,,Positive EV,Totals,-103.0,-109.0,false,-1.0,0.003762931480026044
21500514,2016-01-04 19:30:00,,Positive EV,Totals,-105.0,-113.0,true,0.9523809523809523,0.009949862191171277
20600985,2007-03-17 20:30:00,,Positive EV,Totals,-105.0,-119.0,false,-1.0,0.03820030930847462
20600980,2007-03-17 19:00:00,,Positive EV,Totals,-105.0,-111.0,false,-1.0,0.003422437367750719
20801010,2009-03-18 19:00:00,,Positive EV,Totals,-103.0,-110.0,false,-1.0,0.008354030255136646
20600988,2007-03-18 12:00:00,,Positive EV,Totals,-105.0,-112.0,false,-1.0,0.007910429597176583
21500553,2016-01-09 19:30:00,,Positive EV,Totals,-105.0,-113.0,false,-1.0,0.009949862191171277
20801017,2009-03-18 21:30:00,,Positive EV,Totals,-102.0,-111.0,false,-1.0,0.017818742064562132
20801017,2009-03-18 21:30:00,,Positive EV,Totals,-105.0,-111.0,false,-1.0,0.003422437367750719
20801019,2009-03-18 22:30:00,,Positive EV,Totals,-110.0,-121.0,true,0.9090909090909092,0.023304150658184974
20801019,2009-03-18 22:30:00,,Positive EV,Totals,-114.0,-121.0,true,0.8771929824561404,0.006206336946268709
20600991,2007-03-18 18:00:00,,Positive EV,Totals,-105.0,-112.0,true,0.9523809523809523,0.007910429597176583
20801008,2009-03-17 22:30:00,,Positive EV,Totals,-102.0,-112.0,false,-1.0,0.022371124426404432
20801077,2009-03-27 19:30:00,,Positive EV,Totals,-109.0,-117.0,false,-1.0,0.011308304951019699
20801079,2009-03-27 19:30:00,,Positive EV,Totals,-104.0,-110.0,true,0.9615384615384617,0.003577817531306038
21500570,2016-01-12 19:30:00,,Positive EV,Totals,-105.0,-111.0,true,0.9523809523809523,0.003422437367750719
21500568,2016-01-11 22:30:00,,Positive EV,Totals,-105.0,-113.0,false,-1.0,0.009949862191171277
20801071,2009-03-26 20:00:00,,Positive EV,Totals,-103.0,-109.0,false,-1.0,0.003762931480026044
20801067,2009-03-25 20:00:00,,Positive EV,Totals,-103.0,-114.0,true,0.970873786407767,0.02639378306832285
20801067,2009-03-25 20:00:00,,Positive EV,Totals,-105.0,-114.0,true,0.9523809523809523,0.016763064953677576
20801052,2009-03-23 19:30:00,,Positive EV,Totals,-103.0,-109.0,true,0.970873786407767,0.003762931480026044
20801054,2009-03-23 22:00:00,,Positive EV,Totals,-105.0,-113.0,false,-1.0,0.012357120790855713
20801055,2009-03-24 20:00:00,,Positive EV,Totals,-109.0,-115.0,false,0.0,0.0028494812417632076
20801040,2009-03-21 22:00:00,,Positive EV,Totals,-109.0,-115.0,true,0.9174311926605505,0.0028494812417632076
20801041,2009-03-22 13:00:00,,Positive EV,Totals,-102.0,-110.0,false,-1.0,0.013223894208846398
20801046,2009-03-22 19:00:00,,Positive EV,Totals,-110.0,-118.0,true,0.9090909090909092,0.011063509250977044
20801047,2009-03-22 21:00:00,,Positive EV,Totals,-110.0,-120.0,true,0.9090909090909092,0.019260400616332718
20801047,2009-03-22 21:00:00,,Positive EV,Totals,-110.0,-120.0,true,0.9090909090909092,0.019260400616332718
20801049,2009-03-23 19:00:00,,Positive EV,Totals,-107.0,-113.0,true,0.9345794392523366,0.0031266022516184266
21500581,2016-01-13 20:00:00,,Positive EV,Totals,-110.0,-118.0,true,0.9090909090909092,0.00877113627513837
21500581,2016-01-13 20:00:00,,Positive EV,Totals,-110.0,-118.0,true,0.9090909090909092,0.00877113627513837
21500581,2016-01-13 20:00:00,,Positive EV,Totals,-110.0,-118.0,true,0.9090909090909092,0.00877113627513837
21500581,2016-01-13 20:00:00,,Positive EV,Totals,-110.0,-118.0,true,0.9090909090909092,0.00877113627513837
21500581,2016-01-13 20:00:00,,Positive EV,Totals,-110.0,-118.0,true,0.9090909090909092,0.00877113627513837
21500500,2016-01-02 20:00:00,,Positive EV,Totals,-105.0,-113.0,true,0.9523809523809523,0.009949862191171277
21200814,2013-02-22 19:00:00,,Positive EV,Totals,-102.0,-110.0,true,0.9803921568627452,0.013223894208846398
21200828,2013-02-23 20:30:00,,Positive EV,Totals,-103.0,-110.0,false,-1.0,0.008354030255136646
21200829,2013-02-23 22:30:00,,Positive EV,Totals,-105.0,-115.0,false,-1.0,0.01874682257244531
21200844,2013-02-26 19:00:00,,Positive EV,Totals,-104.0,-110.0,false,-1.0,0.003577817531306038
21200845,2013-02-26 19:30:00,,Positive EV,Totals,-102.0,-109.0,false,-1.0,0.008610622639496912
21200853,2013-02-27 20:00:00,,Positive EV,Totals,-102.0,-109.0,false,-1.0,0.008610622639496912
21500490,2016-01-01 19:00:00,,Positive EV,Totals,-105.0,-113.0,true,0.9523809523809523,0.009949862191171277
21500483,2015-12-30 22:00:00,,Positive EV,Totals,-110.0,-118.0,false,0.0,0.00877113627513837
21500483,2015-12-30 22:00:00,,Positive EV,Totals,-105.0,-118.0,false,0.0,0.03164576521561757
21500483,2015-12-30 22:00:00,,Positive EV,Totals,-110.0,-118.0,false,0.0,0.00877113627513837
20900625,2010-01-22 19:00:00,,Positive EV,Totals,-105.0,-112.0,true,0.9523809523809523,0.007910429597176583
21200890,2013-03-04 20:00:00,,Positive EV,Totals,-102.0,-109.0,true,0.9803921568627452,0.008610622639496912
20900644,2010-01-23 21:00:00,,Positive EV,Totals,-105.0,-111.0,true,0.9523809523809523,0.003422437367750719
20900679,2010-01-29 19:30:00,,Positive EV,Totals,-105.0,-111.0,false,-1.0,0.003422437367750719
20900688,2010-01-29 22:30:00,,Positive EV,Totals,-109.0,-115.0,true,0.9174311926605505,0.0028494812417632076
21401065,2015-03-25 19:00:00,,Positive EV,Totals,-102.0,-108.0,true,0.9803921568627452,0.004002493356517367
21401072,2015-03-25 22:00:00,,Positive EV,Totals,-102.0,-108.0,true,0.9803921568627452,0.004002493356517367
21401085,2015-03-27 21:00:00,,Positive EV,Totals,-103.0,-113.0,true,0.970873786407767,0.01951604606226931
21401082,2015-03-27 20:00:00,,Positive EV,Totals,-102.0,-109.0,false,-1.0,0.008610622639496912
21401091,2015-03-28 22:00:00,,Positive EV,Totals,-102.0,-110.0,true,0.9803921568627452,0.013223894208846398
21401097,2015-03-29 12:30:00,,Positive EV,Totals,-108.0,-114.0,true,0.925925925925926,6.236311296702324E-4
21401032,2015-03-21 19:00:00,,Positive EV,Totals,-102.0,-108.0,true,0.9803921568627452,0.004002493356517367
21500873,2016-02-27 20:30:00,,Positive EV,Totals,-104.0,-110.0,true,0.9615384615384617,0.003577817531306038
20800866,2009-02-27 19:30:00,,Positive EV,Totals,-105.0,-111.0,false,-1.0,0.003422437367750719
20800849,2009-02-24 21:00:00,,Positive EV,Totals,-101.0,-116.0,false,-1.0,0.04526564842170888
20800849,2009-02-24 21:00:00,,Positive EV,Totals,-110.0,-116.0,false,-1.0,0.0027175216202824926
20800849,2009-02-24 21:00:00,,Positive EV,Totals,-110.0,-116.0,false,-1.0,0.0027175216202824926
20800849,2009-02-24 21:00:00,,Positive EV,Totals,-109.0,-116.0,false,-1.0,0.007098113676290707
20800849,2009-02-24 21:00:00,,Positive EV,Totals,-110.0,-116.0,false,-1.0,0.0027175216202824926
20800849,2009-02-24 21:00:00,,Positive EV,Totals,-110.0,-116.0,false,-1.0,0.0027175216202824926
20800840,2009-02-23 22:00:00,,Positive EV,Totals,-102.0,-109.0,true,0.9803921568627452,0.008610622639496912
20800842,2009-02-24 19:00:00,,Positive EV,Totals,-109.0,-115.0,false,-1.0,0.0028494812417632076
20800837,2009-02-23 19:30:00,,Positive EV,Totals,-102.0,-111.0,false,-1.0,0.017818742064562132
20800837,2009-02-23 19:30:00,,Positive EV,Totals,-104.0,-111.0,false,-1.0,0.008128921595554506
20800830,2009-02-22 17:00:00,,Positive EV,Totals,-102.0,-113.0,false,-1.0,0.02688161319818516
20800832,2009-02-22 17:30:00,,Positive EV,Totals,-101.0,-109.0,true,0.9900990099009901,0.013554307683313671
20800833,2009-02-22 18:00:00,,Positive EV,Totals,-115.0,-121.0,false,0.0,0.0021177293195060454
20701182,2008-04-11 19:30:00,,Positive EV,Totals,-110.0,-120.0,true,0.9090909090909092,0.019260400616332718
21200940,2013-03-10 19:00:00,,Positive EV,Totals,-103.0,-109.0,true,0.970873786407767,0.003762931480026044
21200945,2013-03-11 21:00:00,,Positive EV,Totals,-107.0,-113.0,false,-1.0,7.412926703947997E-4
20701178,2008-04-11 19:00:00,,Positive EV,Totals,-105.0,-115.0,false,-1.0,0.021128806486543528
21200954,2013-03-12 20:00:00,,Positive EV,Totals,-102.0,-108.0,false,-1.0,0.004002493356517367
21200956,2013-03-13 19:00:00,,Positive EV,Totals,-102.0,-108.0,false,-1.0,0.004002493356517367
20800882,2009-02-28 22:30:00,,Positive EV,Totals,-105.0,-112.0,false,-1.0,0.007910429597176583
20800870,2009-02-27 20:30:00,,Positive EV,Totals,-108.0,-114.0,false,-1.0,0.002985787650782279
20701196,2008-04-12 22:30:00,,Positive EV,Totals,-103.0,-110.0,true,0.970873786407767,0.008354030255136646
20701147,2008-04-06 18:00:00,,Positive EV,Totals,-105.0,-111.0,false,-1.0,0.003422437367750719
20701143,2008-04-06 18:00:00,,Positive EV,Totals,-105.0,-113.0,true,0.9523809523809523,0.012357120790855713
20701137,2008-04-05 15:00:00,,Positive EV,Totals,-104.0,-114.0,true,0.9615384615384617,0.021532122481602967
20701162,2008-04-08 22:30:00,,Positive EV,Totals,-110.0,-118.0,false,-1.0,0.011063509250977044
20701161,2008-04-08 22:00:00,,Positive EV,Totals,-110.0,-118.0,true,0.9090909090909092,0.011063509250977044
20701152,2008-04-06 21:30:00,,Positive EV,Totals,-102.0,-111.0,false,-1.0,0.017818742064562132
20701106,2008-04-01 19:30:00,,Positive EV,Totals,100.0,-111.0,true,1.0,0.027896155352330032
20701100,2008-03-31 19:00:00,,Positive EV,Totals,-108.0,-114.0,true,0.925925925925926,0.002985787650782279
20800821,2009-02-20 22:30:00,,Positive EV,Totals,-107.0,-115.0,true,0.9345794392523366,0.011818309048781617
20800817,2009-02-20 20:00:00,,Positive EV,Totals,-104.0,-110.0,true,0.9615384615384617,0.003577817531306038
20701127,2008-04-04 19:30:00,,Positive EV,Totals,-110.0,-121.0,true,0.9090909090909092,0.023304150658184974
20701127,2008-04-04 19:30:00,,Positive EV,Totals,-115.0,-121.0,true,0.8695652173913042,0.0021177293195060454
20701122,2008-04-02 22:30:00,,Positive EV,Totals,-103.0,-109.0,false,-1.0,0.003762931480026044
21500775,2016-02-08 19:00:00,,Positive EV,Totals,-105.0,-113.0,false,-1.0,0.009949862191171277
21701072,2018-03-22 19:00:00,,Positive EV,Totals,-107.0,-116.0,false,-1.0,0.013757141150739616
21701072,2018-03-22 19:00:00,,Positive EV,Totals,-110.0,-116.0,false,-1.0,4.0065707760733593E-4
21701072,2018-03-22 19:00:00,,Positive EV,Totals,-107.0,-116.0,false,-1.0,0.013757141150739616
21701073,2018-03-22 19:00:00,,Positive EV,Totals,-102.0,-108.0,true,0.9803921568627452,0.004002493356517367
21701071,2018-03-21 21:30:00,,Positive EV,Totals,-104.0,-114.0,true,0.9615384615384617,0.019126287030736655
21701071,2018-03-21 21:30:00,,Positive EV,Totals,-105.0,-114.0,true,0.9523809523809523,0.014368461227605156
21701071,2018-03-21 21:30:00,,Positive EV,Totals,-105.0,-114.0,true,0.9523809523809523,0.014368461227605156
21701077,2018-03-22 22:00:00,,Positive EV,Totals,-107.0,-113.0,false,-1.0,7.412926703947997E-4
21701075,2018-03-22 20:00:00,,Positive EV,Totals,-105.0,-113.0,true,0.9523809523809523,0.009949862191171277
21701078,2018-03-23 19:00:00,,Positive EV,Totals,-103.0,-111.0,false,-1.0,0.012926793866616493
21701078,2018-03-23 19:00:00,,Positive EV,Totals,-105.0,-111.0,false,-1.0,0.003422437367750719
21701091,2018-03-24 20:00:00,,Positive EV,Totals,-102.0,-110.0,true,0.9803921568627452,0.013223894208846398
21701094,2018-03-25 13:00:00,,Positive EV,Totals,-105.0,-111.0,false,-1.0,0.003422437367750719
21500777,2016-02-08 19:00:00,,Positive EV,Totals,-105.0,-113.0,true,0.9523809523809523,0.009949862191171277
21701048,2018-03-18 19:00:00,,Positive EV,Totals,-103.0,-110.0,true,0.970873786407767,0.008354030255136646
21701036,2018-03-17 19:00:00,,Positive EV,Totals,-103.0,-109.0,false,-1.0,0.003762931480026044
21701066,2018-03-21 19:00:00,,Positive EV,Totals,-104.0,-111.0,false,-1.0,0.008128921595554506
21701050,2018-03-19 19:00:00,,Positive EV,Totals,-105.0,-115.0,true,0.9523809523809523,0.01874682257244531
21701051,2018-03-19 19:00:00,,Positive EV,Totals,-108.0,-115.0,false,-1.0,0.0049426650850138976
20800798,2009-02-18 19:00:00,,Positive EV,Totals,-110.0,-121.0,false,-1.0,0.023304150658184974
20800798,2009-02-18 19:00:00,,Positive EV,Totals,-110.0,-121.0,false,-1.0,0.023304150658184974
20800798,2009-02-18 19:00:00,,Positive EV,Totals,-109.0,-121.0,false,-1.0,0.027774679931484136
20800798,2009-02-18 19:00:00,,Positive EV,Totals,-110.0,-121.0,false,-1.0,0.023304150658184974
21500731,2016-02-02 20:00:00,,Positive EV,Totals,-105.0,-113.0,true,0.9523809523809523,0.009949862191171277
21100021,2011-12-27 22:00:00,,Positive EV,Totals,-110.0,-116.0,true,0.9090909090909092,4.0065707760733593E-4
21100021,2011-12-27 22:00:00,,Positive EV,Totals,-110.0,-116.0,true,0.9090909090909092,4.0065707760733593E-4
21100022,2011-12-27 22:30:00,,Positive EV,Totals,-110.0,-116.0,false,-1.0,4.0065707760733593E-4
21100022,2011-12-27 22:30:00,,Positive EV,Totals,-110.0,-116.0,false,-1.0,4.0065707760733593E-4
21100010,2011-12-26 19:00:00,,Positive EV,Totals,-102.0,-108.0,true,0.9803921568627452,0.004002493356517367
21500748,2016-02-04 22:00:00,,Positive EV,Totals,-105.0,-113.0,false,-1.0,0.009949862191171277
20800741,2009-02-06 22:00:00,,Positive EV,Totals,-110.0,-117.0,true,0.9090909090909092,0.006909399753320666
20800737,2009-02-06 20:00:00,,Positive EV,Totals,100.0,-106.0,true,1.0,0.004645976584278122
21100072,2012-01-02 20:00:00,,Positive EV,Totals,-102.0,-109.0,false,-1.0,0.008610622639496912
20701094,2008-03-30 18:00:00,,Positive EV,Totals,-106.0,-115.0,true,0.9433962264150944,0.016429640326918404
20701092,2008-03-30 16:00:00,,Positive EV,Totals,-105.0,-114.0,false,-1.0,0.016763064953677576
20701090,2008-03-30 13:00:00,,Positive EV,Totals,-105.0,-115.0,false,-1.0,0.021128806486543528
20800716,2009-02-03 19:00:00,,Positive EV,Totals,-104.0,-110.0,false,-1.0,0.003577817531306038
20800781,2009-02-11 20:30:00,,Positive EV,Totals,-110.0,-116.0,false,-1.0,0.0027175216202824926
20800781,2009-02-11 20:30:00,,Positive EV,Totals,-110.0,-116.0,false,-1.0,0.0027175216202824926
20800785,2009-02-12 19:00:00,,Positive EV,Totals,-102.0,-110.0,false,-1.0,0.013223894208846398
20701061,2008-03-26 19:00:00,,Positive EV,Totals,-105.0,-113.0,true,0.9523809523809523,0.012357120790855713
20701065,2008-03-26 20:30:00,,Positive EV,Totals,-102.0,-109.0,false,-1.0,0.008610622639496912
20701052,2008-03-25 19:00:00,,Positive EV,Totals,-110.0,-117.0,true,0.9090909090909092,0.006909399753320666
20701052,2008-03-25 19:00:00,,Positive EV,Totals,-110.0,-117.0,true,0.9090909090909092,0.006909399753320666
20800777,2009-02-11 19:00:00,,Positive EV,Totals,100.0,-108.0,false,-1.0,0.013943112102621447
20800760,2009-02-09 19:00:00,,Positive EV,Totals,-103.0,-111.0,true,0.970873786407767,0.012926793866616493
20701085,2008-03-29 19:30:00,,Positive EV,Totals,-105.0,-111.0,false,-1.0,0.003422437367750719
20800761,2009-02-09 19:00:00,,Positive EV,Totals,-102.0,-110.0,true,0.9803921568627452,0.013223894208846398
20800762,2009-02-09 20:00:00,,Positive EV,Totals,-105.0,-111.0,false,-1.0,0.003422437367750719
20800762,2009-02-09 20:00:00,,Positive EV,Totals,-105.0,-111.0,false,-1.0,0.003422437367750719
20701082,2008-03-28 22:30:00,,Positive EV,Totals,-105.0,-114.0,true,0.9523809523809523,0.016763064953677576
21100092,2012-01-04 21:00:00,,Positive EV,Totals,100.0,-108.0,true,1.0,0.013943112102621447
20701081,2008-03-28 22:00:00,,Positive EV,Totals,-102.0,-112.0,true,0.9803921568627452,0.022371124426404432
20701074,2008-03-28 19:00:00,,Positive EV,Totals,-105.0,-116.0,true,0.9523809523809523,0.025454880387182244
20701074,2008-03-28 19:00:00,,Positive EV,Totals,-110.0,-116.0,true,0.9090909090909092,0.0027175216202824926
20701073,2008-03-28 19:00:00,,Positive EV,Totals,-105.0,-112.0,true,0.9523809523809523,0.007910429597176583
20800753,2009-02-08 18:00:00,,Positive EV,Totals,-103.0,-109.0,true,0.970873786407767,0.003762931480026044
20701026,2008-03-21 22:00:00,,Positive EV,Totals,-110.0,-122.0,false,-1.0,0.027312068756809083
20701026,2008-03-21 22:00:00,,Positive EV,Totals,-110.0,-122.0,false,-1.0,0.027312068756809083
21701001,2018-03-12 20:00:00,,Positive EV,Totals,-102.0,-108.0,true,0.9803921568627452,0.004002493356517367
20701019,2008-03-21 19:00:00,,Positive EV,Totals,-110.0,-116.0,true,0.9090909090909092,0.0027175216202824926
20701019,2008-03-21 19:00:00,,Positive EV,Totals,-110.0,-116.0,true,0.9090909090909092,0.0027175216202824926
20701019,2008-03-21 19:00:00,,Positive EV,Totals,-110.0,-116.0,true,0.9090909090909092,0.0027175216202824926
20701017,2008-03-20 20:00:00,,Positive EV,Totals,-103.0,-117.0,false,-1.0,0.039495464470256536
20701017,2008-03-20 20:00:00,,Positive EV,Totals,-110.0,-117.0,false,-1.0,0.006909399753320666
20701011,2008-03-19 20:00:00,,Positive EV,Totals,-105.0,-111.0,true,0.9523809523809523,0.003422437367750719
21701024,2018-03-15 20:00:00,,Positive EV,Totals,-105.0,-113.0,true,0.9523809523809523,0.009949862191171277
20701034,2008-03-22 20:00:00,,Positive EV,Totals,-110.0,-116.0,true,0.9090909090909092,0.0027175216202824926
20701033,2008-03-22 20:00:00,,Positive EV,Totals,-110.0,-122.0,true,0.9090909090909092,0.027312068756809083
21701015,2018-03-13 22:30:00,,Positive EV,Totals,-104.0,-110.0,false,-1.0,0.003577817531306038
21701017,2018-03-14 20:00:00,,Positive EV,Totals,-104.0,-110.0,true,0.9615384615384617,0.003577817531306038
20800700,2009-01-31 21:00:00,,Positive EV,Totals,-110.0,-116.0,true,0.9090909090909092,0.0027175216202824926
20800700,2009-01-31 21:00:00,,Positive EV,Totals,-110.0,-116.0,true,0.9090909090909092,0.0027175216202824926
21100142,2012-01-10 22:30:00,,Positive EV,Totals,-102.0,-110.0,false,-1.0,0.013223894208846398
21100189,2012-01-16 16:00:00,,Positive EV,Totals,-103.0,-109.0,false,0.0,0.003762931480026044
21100199,2012-01-17 20:00:00,,Positive EV,Totals,-110.0,-116.0,false,-1.0,4.0065707760733593E-4
21100199,2012-01-17 20:00:00,,Positive EV,Totals,-110.0,-116.0,false,-1.0,4.0065707760733593E-4
21100199,2012-01-17 20:00:00,,Positive EV,Totals,-110.0,-116.0,false,-1.0,4.0065707760733593E-4
21100199,2012-01-17 20:00:00,,Positive EV,Totals,-110.0,-116.0,false,-1.0,4.0065707760733593E-4
21100199,2012-01-17 20:00:00,,Positive EV,Totals,-110.0,-116.0,false,-1.0,4.0065707760733593E-4
21100199,2012-01-17 20:00:00,,Positive EV,Totals,-110.0,-116.0,false,-1.0,4.0065707760733593E-4
21100178,2012-01-14 21:00:00,,Positive EV,Totals,-103.0,-114.0,true,0.970873786407767,0.02397649780091904
21400036,2014-11-01 20:00:00,,Positive EV,Totals,-103.0,-113.0,false,0.0,0.01951604606226931
21100172,2012-01-14 19:00:00,,Positive EV,Totals,-110.0,-117.0,true,0.9090909090909092,0.004604800901905848
21100172,2012-01-14 19:00:00,,Positive EV,Totals,-110.0,-117.0,true,0.9090909090909092,0.004604800901905848
21100172,2012-01-14 19:00:00,,Positive EV,Totals,-110.0,-117.0,true,0.9090909090909092,0.004604800901905848
21400039,2014-11-02 15:30:00,,Positive EV,Totals,-105.0,-113.0,true,0.9523809523809523,0.009949862191171277
21400038,2014-11-01 22:30:00,,Positive EV,Totals,-110.0,-116.0,true,0.9090909090909092,4.0065707760733593E-4
21400038,2014-11-01 22:30:00,,Positive EV,Totals,-110.0,-116.0,true,0.9090909090909092,4.0065707760733593E-4
21400038,2014-11-01 22:30:00,,Positive EV,Totals,-110.0,-116.0,true,0.9090909090909092,4.0065707760733593E-4
21400038,2014-11-01 22:30:00,,Positive EV,Totals,-110.0,-116.0,true,0.9090909090909092,4.0065707760733593E-4
20700095,2007-11-12 21:00:00,,Positive EV,Totals,-110.0,-116.0,true,0.9090909090909092,0.0027175216202824926
20700090,2007-11-11 20:00:00,,Positive EV,Totals,-110.0,-116.0,true,0.9090909090909092,0.0027175216202824926
20700090,2007-11-11 20:00:00,,Positive EV,Totals,-110.0,-116.0,true,0.9090909090909092,0.0027175216202824926
20700086,2007-11-11 14:00:00,,Positive EV,Totals,-110.0,-121.0,true,0.9090909090909092,0.023304150658184974
20700086,2007-11-11 14:00:00,,Positive EV,Totals,-110.0,-121.0,true,0.9090909090909092,0.023304150658184974
20700049,2007-11-06 20:30:00,,Positive EV,Totals,-106.0,-121.0,true,0.9433962264150944,0.041692365404962684
20700040,2007-11-04 20:00:00,,Positive EV,Totals,-115.0,-124.0,false,-1.0,0.013789083878854913
20700043,2007-11-05 20:30:00,,Positive EV,Totals,-103.0,-109.0,true,0.970873786407767,0.003762931480026044
20700075,2007-11-09 22:00:00,,Positive EV,Totals,-110.0,-117.0,false,-1.0,0.006909399753320666
20700075,2007-11-09 22:00:00,,Positive EV,Totals,-110.0,-117.0,false,-1.0,0.006909399753320666
20700016,2007-11-02 19:00:00,,Positive EV,Totals,-110.0,-122.0,false,-1.0,0.027312068756809083
20700016,2007-11-02 19:00:00,,Positive EV,Totals,-110.0,-122.0,false,-1.0,0.027312068756809083
20700016,2007-11-02 19:00:00,,Positive EV,Totals,-110.0,-122.0,false,-1.0,0.027312068756809083
20700028,2007-11-03 19:00:00,,Positive EV,Totals,100.0,-108.0,false,-1.0,0.013943112102621447
20701200,2008-04-13 19:00:00,,Positive EV,Totals,-103.0,-115.0,false,-1.0,0.03080087664033515
21100229,2012-01-21 19:30:00,,Positive EV,Totals,-105.0,-113.0,false,-1.0,0.009949862191171277
21401187,2015-04-11 19:00:00,,Positive EV,Totals,-105.0,-112.0,true,0.9523809523809523,0.007910429597176583
21500912,2016-03-04 19:00:00,,Positive EV,Totals,-107.0,-113.0,false,-1.0,7.412926703947997E-4
21500912,2016-03-04 19:00:00,,Positive EV,Totals,-105.0,-113.0,false,-1.0,0.009949862191171277
21500957,2016-03-09 22:00:00,,Positive EV,Totals,-105.0,-112.0,true,0.9523809523809523,0.007910429597176583
21100260,2012-01-25 19:30:00,,Positive EV,Totals,-110.0,-116.0,false,-1.0,4.0065707760733593E-4
21100260,2012-01-25 19:30:00,,Positive EV,Totals,-110.0,-116.0,false,-1.0,4.0065707760733593E-4
21100260,2012-01-25 19:30:00,,Positive EV,Totals,-110.0,-116.0,false,-1.0,4.0065707760733593E-4
21100260,2012-01-25 19:30:00,,Positive EV,Totals,-110.0,-116.0,false,-1.0,4.0065707760733593E-4
21500994,2016-03-14 22:30:00,,Positive EV,Totals,-105.0,-113.0,false,-1.0,0.009949862191171277
21500995,2016-03-14 22:00:00,,Positive EV,Totals,-105.0,-112.0,false,-1.0,0.007910429597176583
21401164,2015-04-08 19:00:00,,Positive EV,Totals,-105.0,-113.0,true,0.9523809523809523,0.009949862191171277
21100243,2012-01-23 19:30:00,,Positive EV,Totals,-110.0,-117.0,true,0.9090909090909092,0.004604800901905848
21100243,2012-01-23 19:30:00,,Positive EV,Totals,-110.0,-117.0,true,0.9090909090909092,0.004604800901905848
21100243,2012-01-23 19:30:00,,Positive EV,Totals,-110.0,-117.0,true,0.9090909090909092,0.004604800901905848
21100243,2012-01-23 19:30:00,,Positive EV,Totals,-110.0,-117.0,true,0.9090909090909092,0.004604800901905848
21100243,2012-01-23 19:30:00,,Positive EV,Totals,-110.0,-117.0,true,0.9090909090909092,0.004604800901905848
20800988,2009-03-15 13:00:00,,Positive EV,Totals,-110.0,-116.0,true,0.9090909090909092,0.0027175216202824926
20800988,2009-03-15 13:00:00,,Positive EV,Totals,-110.0,-116.0,true,0.9090909090909092,0.0027175216202824926
20800988,2009-03-15 13:00:00,,Positive EV,Totals,-105.0,-116.0,true,0.9523809523809523,0.025454880387182244
20800988,2009-03-15 13:00:00,,Positive EV,Totals,-110.0,-116.0,true,0.9090909090909092,0.0027175216202824926
20800988,2009-03-15 13:00:00,,Positive EV,Totals,-110.0,-116.0,true,0.9090909090909092,0.0027175216202824926
20800978,2009-03-13 22:30:00,,Positive EV,Totals,-105.0,-115.0,false,-1.0,0.021128806486543528
21401229,2015-04-15 22:30:00,,Positive EV,Totals,-105.0,-113.0,true,0.9523809523809523,0.009949862191171277
20800974,2009-03-13 20:00:00,,Positive EV,Totals,-110.0,-116.0,false,-1.0,0.0027175216202824926
20800974,2009-03-13 20:00:00,,Positive EV,Totals,-110.0,-116.0,false,-1.0,0.0027175216202824926
20800968,2009-03-13 19:00:00,,Positive EV,Totals,-102.0,-109.0,false,-1.0,0.008610622639496912
20800961,2009-03-11 20:00:00,,Positive EV,Totals,-108.0,-114.0,false,-1.0,0.002985787650782279
20800959,2009-03-11 19:30:00,,Positive EV,Totals,-102.0,-111.0,false,-1.0,0.017818742064562132
20800950,2009-03-10 20:00:00,,Positive EV,Totals,-105.0,-112.0,true,0.9523809523809523,0.007910429597176583
20800953,2009-03-10 22:00:00,,Positive EV,Totals,-110.0,-118.0,false,-1.0,0.011063509250977044
20800953,2009-03-10 22:00:00,,Positive EV,Totals,-109.0,-118.0,false,-1.0,0.015480562589775482
20800953,2009-03-10 22:00:00,,Positive EV,Totals,-110.0,-118.0,false,-1.0,0.011063509250977044
20800955,2009-03-11 19:00:00,,Positive EV,Totals,-102.0,-108.0,false,-1.0,0.004002493356517367
21100284,2012-01-27 22:30:00,,Positive EV,Totals,-110.0,-119.0,true,0.9090909090909092,0.012900158231548053
21100280,2012-01-27 20:00:00,,Positive EV,Totals,-102.0,-109.0,true,0.9803921568627452,0.008610622639496912
21100281,2012-01-27 20:30:00,,Positive EV,Totals,-103.0,-109.0,false,-1.0,0.003762931480026044
20800990,2009-03-15 12:30:00,,Positive EV,Totals,-105.0,-111.0,false,-1.0,0.003422437367750719
20800993,2009-03-15 18:00:00,,Positive EV,Totals,-101.0,-112.0,false,-1.0,0.027382256297919016
20800995,2009-03-15 21:30:00,,Positive EV,Totals,-105.0,-113.0,false,-1.0,0.012357120790855713
20800900,2009-03-03 20:00:00,,Positive EV,Totals,-110.0,-116.0,false,-1.0,0.0027175216202824926
20800900,2009-03-03 20:00:00,,Positive EV,Totals,-109.0,-116.0,false,-1.0,0.007098113676290707
20800900,2009-03-03 20:00:00,,Positive EV,Totals,-110.0,-116.0,false,-1.0,0.0027175216202824926
20800900,2009-03-03 20:00:00,,Positive EV,Totals,-110.0,-116.0,false,-1.0,0.0027175216202824926
20701225,2008-04-16 20:30:00,,Positive EV,Totals,-103.0,-121.0,false,-1.0,0.056420789838061425
20701225,2008-04-16 20:30:00,,Positive EV,Totals,-110.0,-121.0,false,-1.0,0.023304150658184974
20800940,2009-03-08 19:00:00,,Positive EV,Totals,-110.0,-116.0,false,-1.0,0.0027175216202824926
20800940,2009-03-08 19:00:00,,Positive EV,Totals,-110.0,-116.0,false,-1.0,0.0027175216202824926
20800940,2009-03-08 19:00:00,,Positive EV,Totals,-109.0,-116.0,false,-1.0,0.007098113676290707
20701221,2008-04-16 19:30:00,,Positive EV,Totals,-102.0,-109.0,false,-1.0,0.008610622639496912
20800944,2009-03-09 19:30:00,,Positive EV,Totals,-103.0,-111.0,false,-1.0,0.012926793866616493
20800937,2009-03-08 12:30:00,,Positive EV,Totals,-105.0,-111.0,false,-1.0,0.003422437367750719
20800937,2009-03-08 12:30:00,,Positive EV,Totals,-105.0,-111.0,false,-1.0,0.003422437367750719
20701219,2008-04-16 19:00:00,,Positive EV,Totals,-105.0,-112.0,false,-1.0,0.007910429597176583
20701218,2008-04-16 19:00:00,,Positive EV,Totals,-102.0,-110.0,false,-1.0,0.013223894208846398
20701217,2008-04-16 19:00:00,,Positive EV,Totals,-102.0,-114.0,false,-1.0,0.03135077033321387
20701210,2008-04-14 22:00:00,,Positive EV,Totals,-105.0,-116.0,false,-1.0,0.025454880387182244
20701210,2008-04-14 22:00:00,,Positive EV,Totals,-110.0,-116.0,false,-1.0,0.0027175216202824926
20701210,2008-04-14 22:00:00,,Positive EV,Totals,-110.0,-116.0,false,-1.0,0.0027175216202824926
20800913,2009-03-04 22:00:00,,Positive EV,Totals,-102.0,-108.0,true,0.9803921568627452,0.004002493356517367
20800904,2009-03-03 22:30:00,,Positive EV,Totals,-105.0,-113.0,true,0.9523809523809523,0.012357120790855713
20800906,2009-03-04 19:30:00,,Positive EV,Totals,100.0,-110.0,true,1.0,0.023255813953488413
41500171,2016-04-17 22:30:00,,Positive EV,Totals,-103.0,-111.0,true,0.970873786407767,0.012926793866616493
21100348,2012-02-04 20:00:00,,Positive EV,Totals,-103.0,-110.0,true,0.970873786407767,0.008354030255136646
20800461,2008-12-30 20:00:00,,Positive EV,Totals,-110.0,-116.0,false,-1.0,0.0027175216202824926
20800467,2008-12-31 14:00:00,,Positive EV,Totals,-105.0,-111.0,true,0.9523809523809523,0.003422437367750719
21100353,2012-02-04 22:00:00,,Positive EV,Totals,-101.0,-108.0,false,-1.0,0.008923591745677806
21100333,2012-02-03 19:00:00,,Positive EV,Totals,-105.0,-116.0,true,0.9523809523809523,0.02308547923356208
21100333,2012-02-03 19:00:00,,Positive EV,Totals,-110.0,-116.0,true,0.9090909090909092,4.0065707760733593E-4
21100333,2012-02-03 19:00:00,,Positive EV,Totals,-110.0,-116.0,true,0.9090909090909092,4.0065707760733593E-4
21100333,2012-02-03 19:00:00,,Positive EV,Totals,-110.0,-116.0,true,0.9090909090909092,4.0065707760733593E-4
21100333,2012-02-03 19:00:00,,Positive EV,Totals,-110.0,-116.0,true,0.9090909090909092,4.0065707760733593E-4
20800452,2008-12-29 19:30:00,,Positive EV,Totals,-105.0,-111.0,true,0.9523809523809523,0.003422437367750719
20800454,2008-12-29 20:00:00,,Positive EV,Totals,-110.0,-116.0,true,0.9090909090909092,0.0027175216202824926
20800454,2008-12-29 20:00:00,,Positive EV,Totals,-110.0,-116.0,true,0.9090909090909092,0.0027175216202824926
20800454,2008-12-29 20:00:00,,Positive EV,Totals,-110.0,-116.0,true,0.9090909090909092,0.0027175216202824926
20800442,2008-12-27 20:30:00,,Positive EV,Totals,-102.0,-110.0,false,-1.0,0.013223894208846398
20800445,2008-12-28 15:30:00,,Positive EV,Totals,-110.0,-116.0,true,0.9090909090909092,0.0027175216202824926
20800445,2008-12-28 15:30:00,,Positive EV,Totals,-110.0,-116.0,true,0.9090909090909092,0.0027175216202824926
20800445,2008-12-28 15:30:00,,Positive EV,Totals,-110.0,-116.0,true,0.9090909090909092,0.0027175216202824926
20800445,2008-12-28 15:30:00,,Positive EV,Totals,-110.0,-116.0,true,0.9090909090909092,0.0027175216202824926
20800445,2008-12-28 15:30:00,,Positive EV,Totals,-110.0,-116.0,true,0.9090909090909092,0.0027175216202824926
21100329,2012-02-02 22:00:00,,Positive EV,Totals,-105.0,-111.0,true,0.9523809523809523,0.003422437367750719
20800446,2008-12-28 19:00:00,,Positive EV,Totals,-110.0,-116.0,false,-1.0,0.0027175216202824926
21100331,2012-02-02 22:30:00,,Positive EV,Totals,-102.0,-108.0,true,0.9803921568627452,0.004002493356517367
20800434,2008-12-26 22:00:00,,Positive EV,Totals,-110.0,-116.0,false,-1.0,0.0027175216202824926
20800437,2008-12-27 19:00:00,,Positive EV,Totals,-103.0,-110.0,true,0.970873786407767,0.008354030255136646
20800437,2008-12-27 19:00:00,,Positive EV,Totals,-104.0,-110.0,true,0.9615384615384617,0.003577817531306038
21100387,2012-02-09 22:30:00,,Positive EV,Totals,-105.0,-111.0,false,-1.0,0.003422437367750719
21100389,2012-02-10 19:00:00,,Positive EV,Totals,-102.0,-109.0,true,0.9803921568627452,0.008610622639496912
21400175,2014-11-21 19:30:00,,Positive EV,Totals,-105.0,-111.0,false,-1.0,0.003422437367750719
21100379,2012-02-08 19:30:00,,Positive EV,Totals,-110.0,-116.0,false,-1.0,4.0065707760733593E-4
21100379,2012-02-08 19:30:00,,Positive EV,Totals,-110.0,-116.0,false,-1.0,4.0065707760733593E-4
21100379,2012-02-08 19:30:00,,Positive EV,Totals,-110.0,-116.0,false,-1.0,4.0065707760733593E-4
21100379,2012-02-08 19:30:00,,Positive EV,Totals,-110.0,-116.0,false,-1.0,4.0065707760733593E-4
20800489,2009-01-03 19:00:00,,Positive EV,Totals,-102.0,-111.0,true,0.9803921568627452,0.017818742064562132
21400198,2014-11-24 19:00:00,,Positive EV,Totals,-105.0,-113.0,false,-1.0,0.009949862191171277
21100356,2012-02-05 13:00:00,,Positive EV,Totals,-102.0,-111.0,true,0.9803921568627452,0.017818742064562132
21100357,2012-02-06 19:00:00,,Positive EV,Totals,-102.0,-109.0,false,-1.0,0.008610622639496912
21400259,2014-12-02 21:00:00,,Positive EV,Totals,-102.0,-109.0,false,-1.0,0.008610622639496912
21400260,2014-12-02 21:00:00,,Positive EV,Totals,-105.0,-113.0,false,-1.0,0.009949862191171277
21400203,2014-11-24 20:30:00,,Positive EV,Totals,-102.0,-110.0,true,0.9803921568627452,0.013223894208846398
20800421,2008-12-25 12:00:00,,Positive EV,Totals,-105.0,-111.0,true,0.9523809523809523,0.003422437367750719
20800417,2008-12-23 20:00:00,,Positive EV,Totals,-107.0,-115.0,true,0.9345794392523366,0.011818309048781617
20800417,2008-12-23 20:00:00,,Positive EV,Totals,-109.0,-115.0,true,0.9174311926605505,0.0028494812417632076
20800419,2008-12-23 20:30:00,,Positive EV,Totals,-110.0,-117.0,false,0.0,0.006909399753320666
20800419,2008-12-23 20:30:00,,Positive EV,Totals,-109.0,-117.0,false,0.0,0.011308304951019699
21400212,2014-11-26 19:00:00,,Positive EV,Totals,-105.0,-113.0,false,-1.0,0.009949862191171277
20800411,2008-12-23 19:00:00,,Positive EV,Totals,-109.0,-115.0,true,0.9174311926605505,0.0028494812417632076
20800407,2008-12-22 21:00:00,,Positive EV,Totals,-105.0,-111.0,true,0.9523809523809523,0.003422437367750719
21400230,2014-11-28 20:00:00,,Positive EV,Totals,-105.0,-113.0,true,0.9523809523809523,0.009949862191171277
21400239,2014-11-29 21:00:00,,Positive EV,Totals,-102.0,-110.0,false,-1.0,0.013223894208846398
21400243,2014-11-30 15:30:00,,Positive EV,Totals,-105.0,-113.0,false,-1.0,0.009949862191171277
41500122,2016-04-20 19:00:00,,Positive EV,Totals,-105.0,-113.0,false,-1.0,0.009949862191171277
21400200,2014-11-24 19:00:00,,Positive EV,Totals,-105.0,-113.0,false,-1.0,0.009949862191171277
20800390,2008-12-20 19:00:00,,Positive EV,Totals,-105.0,-113.0,true,0.9523809523809523,0.012357120790855713
20800396,2008-12-20 20:30:00,,Positive EV,Totals,-110.0,-116.0,true,0.9090909090909092,0.0027175216202824926
20800396,2008-12-20 20:30:00,,Positive EV,Totals,-110.0,-116.0,true,0.9090909090909092,0.0027175216202824926
20800396,2008-12-20 20:30:00,,Positive EV,Totals,-110.0,-116.0,true,0.9090909090909092,0.0027175216202824926
20800396,2008-12-20 20:30:00,,Positive EV,Totals,-110.0,-116.0,true,0.9090909090909092,0.0027175216202824926
20800398,2008-12-20 21:00:00,,Positive EV,Totals,-101.0,-110.0,false,-1.0,0.01819019111213449
20800399,2008-12-21 14:00:00,,Positive EV,Totals,-102.0,-108.0,true,0.9803921568627452,0.004002493356517367
21100426,2012-02-14 21:00:00,,Positive EV,Totals,-110.0,-121.0,true,0.9090909090909092,0.021048200378867787
21700190,2017-11-12 18:00:00,,Positive EV,Totals,-108.0,-116.0,false,-1.0,0.009222532360478652
21700190,2017-11-12 18:00:00,,Positive EV,Totals,-110.0,-116.0,false,-1.0,4.0065707760733593E-4
21700190,2017-11-12 18:00:00,,Positive EV,Totals,-110.0,-116.0,false,-1.0,4.0065707760733593E-4
21700190,2017-11-12 18:00:00,,Positive EV,Totals,-110.0,-116.0,false,-1.0,4.0065707760733593E-4
21700193,2017-11-13 19:30:00,,Positive EV,Totals,-105.0,-113.0,true,0.9523809523809523,0.009949862191171277
21700197,2017-11-13 21:00:00,,Positive EV,Totals,-105.0,-113.0,true,0.9523809523809523,0.009949862191171277
21100417,2012-02-13 20:00:00,,Positive EV,Totals,-109.0,-118.0,false,-1.0,0.013178174878349935
21100417,2012-02-13 20:00:00,,Positive EV,Totals,-110.0,-118.0,false,-1.0,0.00877113627513837
21100417,2012-02-13 20:00:00,,Positive EV,Totals,-110.0,-118.0,false,-1.0,0.00877113627513837
21100417,2012-02-13 20:00:00,,Positive EV,Totals,-110.0,-118.0,false,-1.0,0.00877113627513837
21100417,2012-02-13 20:00:00,,Positive EV,Totals,-110.0,-118.0,false,-1.0,0.00877113627513837
21100417,2012-02-13 20:00:00,,Positive EV,Totals,-110.0,-118.0,false,-1.0,0.00877113627513837
21100417,2012-02-13 20:00:00,,Positive EV,Totals,-110.0,-118.0,false,-1.0,0.00877113627513837
21700188,2017-11-12 15:30:00,,Positive EV,Totals,-105.0,-111.0,true,0.9523809523809523,0.003422437367750719
21100408,2012-02-12 13:00:00,,Positive EV,Totals,-102.0,-110.0,false,-1.0,0.013223894208846398
21100458,2012-02-18 20:00:00,,Positive EV,Totals,-103.0,-110.0,false,-1.0,0.008354030255136646
20800331,2008-12-12 20:00:00,,Positive EV,Totals,-102.0,-108.0,false,-1.0,0.004002493356517367
20800332,2008-12-12 20:00:00,,Positive EV,Totals,-105.0,-111.0,false,-1.0,0.003422437367750719
20800334,2008-12-12 22:00:00,,Positive EV,Totals,-110.0,-118.0,true,0.9090909090909092,0.011063509250977044
20800327,2008-12-12 19:30:00,,Positive EV,Totals,-103.0,-110.0,true,0.970873786407767,0.008354030255136646
20800312,2008-12-09 22:00:00,,Positive EV,Totals,-105.0,-113.0,true,0.9523809523809523,0.012357120790855713
20800313,2008-12-09 22:00:00,,Positive EV,Totals,-102.0,-111.0,true,0.9803921568627452,0.017818742064562132
20800314,2008-12-10 19:00:00,,Positive EV,Totals,-105.0,-111.0,false,-1.0,0.003422437367750719
20800315,2008-12-10 19:30:00,,Positive EV,Totals,-105.0,-115.0,true,0.9523809523809523,0.021128806486543528
20800380,2008-12-19 19:30:00,,Positive EV,Totals,-105.0,-113.0,false,-1.0,0.012357120790855713
20800384,2008-12-19 20:00:00,,Positive EV,Totals,-103.0,-109.0,true,0.970873786407767,0.003762931480026044
21100498,2012-02-22 22:30:00,,Positive EV,Totals,-110.0,-116.0,true,0.9090909090909092,4.0065707760733593E-4
20800379,2008-12-19 19:30:00,,Positive EV,Totals,-105.0,-112.0,false,-1.0,0.007910429597176583
21400066,2014-11-05 21:00:00,,Positive EV,Totals,-105.0,-113.0,true,0.9523809523809523,0.009949862191171277
21400065,2014-11-05 21:00:00,,Positive EV,Totals,-105.0,-113.0,true,0.9523809523809523,0.009949862191171277
21400063,2014-11-05 20:00:00,,Positive EV,Totals,-102.0,-110.0,true,0.9803921568627452,0.013223894208846398
20800360,2008-12-16 19:00:00,,Positive EV,Totals,-102.0,-111.0,true,0.9803921568627452,0.017818742064562132
20800360,2008-12-16 19:00:00,,Positive EV,Totals,-105.0,-111.0,true,0.9523809523809523,0.003422437367750719
21100496,2012-02-22 21:00:00,,Positive EV,Totals,-110.0,-117.0,false,-1.0,0.004604800901905848
21100496,2012-02-22 21:00:00,,Positive EV,Totals,-110.0,-117.0,false,-1.0,0.004604800901905848
21100490,2012-02-22 19:00:00,,Positive EV,Totals,-103.0,-109.0,false,-1.0,0.003762931480026044
20800351,2008-12-15 19:00:00,,Positive EV,Totals,-105.0,-111.0,false,-1.0,0.003422437367750719
20800355,2008-12-15 19:30:00,,Positive EV,Totals,-101.0,-107.0,true,0.9900990099009901,0.004296747225022213
21400083,2014-11-08 19:00:00,,Positive EV,Totals,-108.0,-114.0,false,-1.0,6.236311296702324E-4
21400132,2014-11-15 19:00:00,,Positive EV,Totals,-103.0,-109.0,false,-1.0,0.003762931480026044
21400130,2014-11-14 21:00:00,,Positive EV,Totals,-103.0,-113.0,false,-1.0,0.01951604606226931
21400144,2014-11-16 19:00:00,,Positive EV,Totals,-105.0,-113.0,true,0.9523809523809523,0.009949862191171277
21400144,2014-11-16 19:00:00,,Positive EV,Totals,-105.0,-113.0,true,0.9523809523809523,0.009949862191171277
20800303,2008-12-08 20:00:00,,Positive EV,Totals,-105.0,-115.0,true,0.9523809523809523,0.021128806486543528
21400107,2014-11-11 22:00:00,,Positive EV,Totals,-105.0,-113.0,false,-1.0,0.009949862191171277
21400124,2014-11-14 19:30:00,,Positive EV,Totals,-103.0,-113.0,true,0.970873786407767,0.01951604606226931
21700155,2017-11-07 21:00:00,,Positive EV,Totals,-102.0,-110.0,true,0.9803921568627452,0.013223894208846398
21700171,2017-11-10 20:00:00,,Positive EV,Totals,-105.0,-113.0,true,0.9523809523809523,0.009949862191171277
21700163,2017-11-08 22:30:00,,Positive EV,Totals,-103.0,-109.0,true,0.970873786407767,0.003762931480026044
21700166,2017-11-09 20:00:00,,Positive EV,Totals,-103.0,-110.0,false,-1.0,0.008354030255136646
21700165,2017-11-09 19:30:00,,Positive EV,Totals,-103.0,-110.0,true,0.970873786407767,0.008354030255136646
21700169,2017-11-10 19:00:00,,Positive EV,Totals,-103.0,-110.0,true,0.970873786407767,0.008354030255136646
21700133,2017-11-04 20:00:00,,Positive EV,Totals,-102.0,-110.0,false,-1.0,0.013223894208846398
21700132,2017-11-04 19:00:00,,Positive EV,Totals,-110.0,-116.0,true,0.9090909090909092,4.0065707760733593E-4
21700132,2017-11-04 19:00:00,,Positive EV,Totals,-110.0,-116.0,true,0.9090909090909092,4.0065707760733593E-4
21100502,2012-02-23 21:30:00,,Positive EV,Totals,-102.0,-110.0,true,0.9803921568627452,0.013223894208846398
21701184,2018-04-06 19:00:00,,Positive EV,Totals,-102.0,-110.0,true,0.9803921568627452,0.013223894208846398
21100512,2012-02-29 19:00:00,,Positive EV,Totals,-103.0,-110.0,false,-1.0,0.008354030255136646
21100511,2012-02-28 22:30:00,,Positive EV,Totals,-105.0,-113.0,false,-1.0,0.009949862191171277
21701172,2018-04-04 19:30:00,,Positive EV,Totals,-102.0,-108.0,true,0.9803921568627452,0.004002493356517367
21701173,2018-04-04 20:00:00,,Positive EV,Totals,-108.0,-115.0,false,-1.0,0.0049426650850138976
21701173,2018-04-04 20:00:00,,Positive EV,Totals,-105.0,-115.0,false,-1.0,0.01874682257244531
40700173,2008-04-24 22:30:00,,Positive EV,Totals,-102.0,-111.0,false,-1.0,0.017818742064562132
20800680,2009-01-29 22:30:00,,Positive EV,Totals,-105.0,-112.0,false,-1.0,0.007910429597176583
40700143,2008-04-26 17:30:00,,Positive EV,Totals,-110.0,-118.0,true,0.9090909090909092,0.011063509250977044
40700143,2008-04-26 17:30:00,,Positive EV,Totals,-110.0,-118.0,true,0.9090909090909092,0.011063509250977044
40700143,2008-04-26 17:30:00,,Positive EV,Totals,-110.0,-118.0,true,0.9090909090909092,0.011063509250977044
40700143,2008-04-26 17:30:00,,Positive EV,Totals,-110.0,-118.0,true,0.9090909090909092,0.011063509250977044
40700143,2008-04-26 17:30:00,,Positive EV,Totals,-110.0,-118.0,true,0.9090909090909092,0.011063509250977044
40700142,2008-04-23 22:30:00,,Positive EV,Totals,-110.0,-117.0,true,0.9090909090909092,0.006909399753320666
20800678,2009-01-28 22:30:00,,Positive EV,Totals,-105.0,-115.0,true,0.9523809523809523,0.021128806486543528
20800678,2009-01-28 22:30:00,,Positive EV,Totals,-109.0,-115.0,true,0.9174311926605505,0.0028494812417632076
20800679,2009-01-29 20:00:00,,Positive EV,Totals,-103.0,-109.0,false,-1.0,0.003762931480026044
40700211,2008-05-03 19:30:00,,Positive EV,Totals,-101.0,-110.0,false,-1.0,0.01819019111213449
20800615,2009-01-20 21:00:00,,Positive EV,Totals,-105.0,-111.0,false,-1.0,0.003422437367750719
20800616,2009-01-20 21:00:00,,Positive EV,Totals,-105.0,-111.0,true,0.9523809523809523,0.003422437367750719
40700206,2008-05-16 20:00:00,,Positive EV,Totals,-110.0,-119.0,true,0.9090909090909092,0.015180346796091593
40700207,2008-05-18 15:30:00,,Positive EV,Totals,-107.0,-115.0,true,0.9345794392523366,0.011818309048781617
20800610,2009-01-19 20:00:00,,Positive EV,Totals,-105.0,-112.0,false,-1.0,0.007910429597176583
20800612,2009-01-19 22:30:00,,Positive EV,Totals,-105.0,-115.0,false,-1.0,0.021128806486543528
20800604,2009-01-19 14:00:00,,Positive EV,Totals,-105.0,-113.0,false,-1.0,0.012357120790855713
20800600,2009-01-18 19:00:00,,Positive EV,Totals,-110.0,-121.0,false,-1.0,0.023304150658184974
20800600,2009-01-18 19:00:00,,Positive EV,Totals,-114.0,-121.0,false,-1.0,0.006206336946268709
21400448,2014-12-27 20:00:00,,Positive EV,Totals,-105.0,-113.0,true,0.9523809523809523,0.009949862191171277
20800661,2009-01-26 22:30:00,,Positive EV,Totals,-108.0,-114.0,true,0.925925925925926,0.002985787650782279
20800664,2009-01-27 20:00:00,,Positive EV,Totals,100.0,-106.0,false,-1.0,0.004645976584278122
20800666,2009-01-27 22:30:00,,Positive EV,Totals,-110.0,-119.0,true,0.9090909090909092,0.015180346796091593
20800666,2009-01-27 22:30:00,,Positive EV,Totals,-109.0,-119.0,true,0.9174311926605505,0.01961538544526631
20800654,2009-01-25 21:00:00,,Positive EV,Totals,-108.0,-118.0,true,0.925925925925926,0.019979413212625863
20800654,2009-01-25 21:00:00,,Positive EV,Totals,-105.0,-118.0,true,0.9523809523809523,0.03399011943807395
20800654,2009-01-25 21:00:00,,Positive EV,Totals,-109.0,-118.0,true,0.9174311926605505,0.015480562589775482
20800654,2009-01-25 21:00:00,,Positive EV,Totals,-110.0,-118.0,true,0.9090909090909092,0.011063509250977044
20800655,2009-01-26 19:00:00,,Positive EV,Totals,-103.0,-109.0,false,-1.0,0.003762931480026044
20800657,2009-01-26 19:30:00,,Positive EV,Totals,-109.0,-115.0,false,-1.0,0.0028494812417632076
21400461,2014-12-29 19:30:00,,Positive EV,Totals,-105.0,-113.0,false,-1.0,0.009949862191171277
21400467,2014-12-30 20:00:00,,Positive EV,Totals,-105.0,-113.0,false,-1.0,0.009949862191171277
20800646,2009-01-25 13:00:00,,Positive EV,Totals,100.0,-106.0,true,1.0,0.004645976584278122
20800647,2009-01-25 15:30:00,,Positive EV,Totals,-102.0,-111.0,false,-1.0,0.017818742064562132
20800638,2009-01-23 22:30:00,,Positive EV,Totals,-104.0,-113.0,true,0.9615384615384617,0.017105512539405787
20800638,2009-01-23 22:30:00,,Positive EV,Totals,-105.0,-113.0,true,0.9523809523809523,0.012357120790855713
40700224,2008-05-11 15:30:00,,Positive EV,Totals,-103.0,-109.0,true,0.970873786407767,0.003762931480026044
20800631,2009-01-23 19:00:00,,Positive EV,Totals,-102.0,-108.0,false,-1.0,0.004002493356517367
20800632,2009-01-23 19:00:00,,Positive EV,Totals,-103.0,-109.0,false,-1.0,0.003762931480026044
20800636,2009-01-23 20:30:00,,Positive EV,Totals,-105.0,-114.0,false,-1.0,0.016763064953677576
21701123,2018-03-28 22:30:00,,Positive EV,Totals,-104.0,-110.0,false,-1.0,0.003577817531306038
21701111,2018-03-27 20:00:00,,Positive EV,Totals,-103.0,-111.0,false,-1.0,0.012926793866616493
21701130,2018-03-30 19:30:00,,Positive EV,Totals,-103.0,-110.0,true,0.970873786407767,0.008354030255136646
21100638,2012-03-15 20:00:00,,Positive EV,Totals,-107.0,-113.0,false,-1.0,7.412926703947997E-4
20800585,2009-01-16 20:00:00,,Positive EV,Totals,-103.0,-111.0,false,-1.0,0.012926793866616493
20800587,2009-01-16 22:00:00,,Positive EV,Totals,-103.0,-109.0,false,-1.0,0.003762931480026044
20800572,2009-01-14 20:00:00,,Positive EV,Totals,-104.0,-111.0,true,0.9615384615384617,0.008128921595554506
20800574,2009-01-14 21:00:00,,Positive EV,Totals,-103.0,-110.0,false,-1.0,0.008354030255136646
20800576,2009-01-14 22:30:00,,Positive EV,Totals,-105.0,-111.0,false,-1.0,0.003422437367750719
20800562,2009-01-13 20:30:00,,Positive EV,Totals,-105.0,-111.0,false,-1.0,0.003422437367750719
20800565,2009-01-13 22:00:00,,Positive EV,Totals,-102.0,-108.0,false,-1.0,0.004002493356517367
21100673,2012-03-19 20:00:00,,Positive EV,Totals,-102.0,-113.0,true,0.9803921568627452,0.024439817172393297
20800554,2009-01-12 19:30:00,,Positive EV,Totals,-102.0,-113.0,false,-1.0,0.02688161319818516
20800556,2009-01-12 20:00:00,,Positive EV,Totals,-103.0,-111.0,true,0.970873786407767,0.012926793866616493
20800559,2009-01-13 19:30:00,,Positive EV,Totals,-105.0,-111.0,false,-1.0,0.003422437367750719
21400294,2014-12-07 13:00:00,,Positive EV,Totals,-105.0,-115.0,false,-1.0,0.01874682257244531
20800596,2009-01-17 21:00:00,,Positive EV,Totals,-107.0,-116.0,true,0.9345794392523366,0.01610493846434502
20800596,2009-01-17 21:00:00,,Positive EV,Totals,-110.0,-116.0,true,0.9090909090909092,0.0027175216202824926
20800596,2009-01-17 21:00:00,,Positive EV,Totals,-110.0,-116.0,true,0.9090909090909092,0.0027175216202824926
20800596,2009-01-17 21:00:00,,Positive EV,Totals,-110.0,-116.0,true,0.9090909090909092,0.0027175216202824926
20800596,2009-01-17 21:00:00,,Positive EV,Totals,-110.0,-116.0,true,0.9090909090909092,0.0027175216202824926
21400371,2014-12-17 19:30:00,,Positive EV,Totals,-102.0,-113.0,true,0.9803921568627452,0.024439817172393297
21400388,2014-12-19 19:30:00,,Positive EV,Totals,-102.0,-109.0,true,0.9803921568627452,0.008610622639496912
21400396,2014-12-20 20:00:00,,Positive EV,Totals,-105.0,-113.0,false,-1.0,0.009949862191171277
40700136,2008-05-02 19:00:00,,Positive EV,Totals,-105.0,-120.0,false,-1.0,0.04237288135593198
40700133,2008-04-24 20:00:00,,Positive EV,Totals,-108.0,-121.0,false,-1.0,0.03232799678391851
40700123,2008-04-24 19:30:00,,Positive EV,Totals,-103.0,-113.0,false,-1.0,0.021946106069480997
20800533,2009-01-09 20:00:00,,Positive EV,Totals,-106.0,-113.0,true,0.9433962264150944,0.0076983213394482
20800536,2009-01-09 21:00:00,,Positive EV,Totals,-103.0,-112.0,false,-1.0,0.017457296086375584
40700113,2008-04-25 19:00:00,,Positive EV,Totals,-110.0,-118.0,false,-1.0,0.011063509250977044
20800517,2009-01-07 19:30:00,,Positive EV,Totals,-106.0,-114.0,false,-1.0,0.012083989643260296
40700107,2008-05-04 13:00:00,,Positive EV,Totals,-105.0,-113.0,false,-1.0,0.012357120790855713
20800508,2009-01-06 19:00:00,,Positive EV,Totals,-107.0,-113.0,false,-1.0,0.0031266022516184266
21400367,2014-12-16 20:00:00,,Positive EV,Totals,-108.0,-114.0,false,-1.0,6.236311296702324E-4
21701229,2018-04-11 22:30:00,,Positive EV,Totals,-105.0,-116.0,false,-1.0,0.02308547923356208
21701229,2018-04-11 22:30:00,,Positive EV,Totals,-105.0,-116.0,false,-1.0,0.02308547923356208
21701229,2018-04-11 22:30:00,,Positive EV,Totals,-110.0,-116.0,false,-1.0,4.0065707760733593E-4
21400303,2014-12-08 19:30:00,,Positive EV,Totals,-103.0,-113.0,true,0.970873786407767,0.01951604606226931
21400306,2014-12-08 22:00:00,,Positive EV,Totals,-105.0,-111.0,false,-1.0,0.003422437367750719
21400315,2014-12-09 22:30:00,,Positive EV,Totals,-105.0,-113.0,true,0.9523809523809523,0.009949862191171277
21400315,2014-12-09 22:30:00,,Positive EV,Totals,-105.0,-113.0,true,0.9523809523809523,0.009949862191171277
41500212,2016-05-05 20:00:00,,Positive EV,Totals,-105.0,-113.0,false,-1.0,0.009949862191171277
21100707,2012-03-23 20:30:00,,Positive EV,Totals,-103.0,-110.0,true,0.970873786407767,0.008354030255136646
21100705,2012-03-23 20:00:00,,Positive EV,Totals,-105.0,-113.0,false,-1.0,0.009949862191171277
21701206,2018-04-09 19:30:00,,Positive EV,Totals,-102.0,-109.0,true,0.9803921568627452,0.008610622639496912
21701219,2018-04-11 20:00:00,,Positive EV,Totals,-105.0,-114.0,true,0.9523809523809523,0.014368461227605156
21701219,2018-04-11 20:00:00,,Positive EV,Totals,-105.0,-114.0,true,0.9523809523809523,0.014368461227605156
20700694,2008-02-02 22:00:00,,Positive EV,Totals,-103.0,-109.0,false,-1.0,0.003762931480026044
21100741,2012-03-27 22:00:00,,Positive EV,Totals,-103.0,-110.0,false,-1.0,0.008354030255136646
20700693,2008-02-02 21:00:00,,Positive EV,Totals,-105.0,-113.0,false,-1.0,0.012357120790855713
20700683,2008-02-01 20:00:00,,Positive EV,Totals,-102.0,-115.0,false,-1.0,0.03577914804302196
20700680,2008-02-01 19:00:00,,Positive EV,Totals,-107.0,-113.0,true,0.9345794392523366,0.0031266022516184266
20700652,2008-01-28 20:00:00,,Positive EV,Totals,-108.0,-121.0,true,0.925925925925926,0.03232799678391851
20700652,2008-01-28 20:00:00,,Positive EV,Totals,-110.0,-121.0,true,0.9090909090909092,0.023304150658184974
20700652,2008-01-28 20:00:00,,Positive EV,Totals,-110.0,-121.0,true,0.9090909090909092,0.023304150658184974
20700657,2008-01-29 19:00:00,,Positive EV,Totals,-105.0,-115.0,true,0.9523809523809523,0.021128806486543528
21100786,2012-04-02 20:00:00,,Positive EV,Totals,-103.0,-109.0,false,-1.0,0.003762931480026044
20700646,2008-01-27 18:00:00,,Positive EV,Totals,-107.0,-114.0,false,-1.0,0.007492373684439668
21100773,2012-03-31 20:30:00,,Positive EV,Totals,-104.0,-113.0,true,0.9615384615384617,0.014686962858109331
20700645,2008-01-27 18:00:00,,Positive EV,Totals,100.0,-106.0,true,1.0,0.004645976584278122
21100774,2012-03-31 20:30:00,,Positive EV,Totals,-107.0,-113.0,false,-1.0,7.412926703947997E-4
21100780,2012-04-01 18:00:00,,Positive EV,Totals,-102.0,-108.0,true,0.9803921568627452,0.004002493356517367
20700674,2008-01-30 22:30:00,,Positive EV,Totals,-105.0,-121.0,false,-1.0,0.04650832641007119
20700679,2008-02-01 19:00:00,,Positive EV,Totals,-105.0,-123.0,true,0.9523809523809523,0.05466975755022929
20700679,2008-02-01 19:00:00,,Positive EV,Totals,-110.0,-123.0,true,0.9090909090909092,0.03128461880188721
20700676,2008-01-31 20:00:00,,Positive EV,Totals,-115.0,-123.0,true,0.8695652173913042,0.009932970379487815
21100769,2012-03-31 15:30:00,,Positive EV,Totals,-103.0,-110.0,true,0.970873786407767,0.008354030255136646
21100771,2012-03-31 19:30:00,,Positive EV,Totals,-102.0,-110.0,true,0.9803921568627452,0.013223894208846398
21100754,2012-03-29 20:00:00,,Positive EV,Totals,-103.0,-110.0,false,-1.0,0.008354030255136646
21100755,2012-03-29 22:00:00,,Positive EV,Totals,-110.0,-116.0,false,-1.0,4.0065707760733593E-4
20700666,2008-01-30 19:00:00,,Positive EV,Totals,-105.0,-111.0,false,-1.0,0.003422437367750719
20700658,2008-01-29 19:30:00,,Positive EV,Totals,-103.0,-115.0,true,0.970873786407767,0.03080087664033515
20700612,2008-01-23 19:00:00,,Positive EV,Totals,-105.0,-115.0,false,-1.0,0.021128806486543528
20700603,2008-01-21 16:00:00,,Positive EV,Totals,-107.0,-114.0,true,0.9345794392523366,0.007492373684439668
20700609,2008-01-22 22:00:00,,Positive EV,Totals,-102.0,-110.0,false,-1.0,0.013223894208846398
20700608,2008-01-22 20:00:00,,Positive EV,Totals,-105.0,-113.0,true,0.9523809523809523,0.012357120790855713
20700615,2008-01-23 20:00:00,,Positive EV,Totals,-108.0,-118.0,true,0.925925925925926,0.019979413212625863
20700615,2008-01-23 20:00:00,,Positive EV,Totals,-110.0,-118.0,true,0.9090909090909092,0.011063509250977044
20700615,2008-01-23 20:00:00,,Positive EV,Totals,-110.0,-118.0,true,0.9090909090909092,0.011063509250977044
20700615,2008-01-23 20:00:00,,Positive EV,Totals,-105.0,-118.0,true,0.9523809523809523,0.03399011943807395
20700615,2008-01-23 20:00:00,,Positive EV,Totals,-110.0,-118.0,true,0.9090909090909092,0.011063509250977044
20700615,2008-01-23 20:00:00,,Positive EV,Totals,-110.0,-118.0,true,0.9090909090909092,0.011063509250977044
21700426,2017-12-15 20:00:00,,Positive EV,Totals,-107.0,-116.0,false,-1.0,0.013757141150739616
21700426,2017-12-15 20:00:00,,Positive EV,Totals,-105.0,-116.0,false,-1.0,0.02308547923356208
21700426,2017-12-15 20:00:00,,Positive EV,Totals,-110.0,-116.0,false,-1.0,4.0065707760733593E-4
21700426,2017-12-15 20:00:00,,Positive EV,Totals,-110.0,-116.0,false,-1.0,4.0065707760733593E-4
21700456,2017-12-20 19:30:00,,Positive EV,Totals,-101.0,-107.0,false,-1.0,0.004296747225022213
21700437,2017-12-17 15:30:00,,Positive EV,Totals,-104.0,-111.0,false,-1.0,0.008128921595554506
21700437,2017-12-17 15:30:00,,Positive EV,Totals,-105.0,-111.0,false,-1.0,0.003422437367750719
21400698,2015-01-30 19:30:00,,Positive EV,Totals,-103.0,-109.0,false,-1.0,0.003762931480026044
21700412,2017-12-13 21:30:00,,Positive EV,Totals,-110.0,-120.0,false,-1.0,0.016992353440951513
21400647,2015-01-23 20:00:00,,Positive EV,Totals,-103.0,-109.0,true,0.970873786407767,0.003762931480026044
21400658,2015-01-25 15:30:00,,Positive EV,Totals,-102.0,-110.0,true,0.9803921568627452,0.013223894208846398
21100820,2012-04-06 20:30:00,,Positive EV,Totals,-103.0,-109.0,false,-1.0,0.003762931480026044
21400601,2015-01-17 19:30:00,,Positive EV,Totals,-102.0,-110.0,false,-1.0,0.013223894208846398
21400604,2015-01-17 21:00:00,,Positive EV,Totals,-102.0,-108.0,false,-1.0,0.004002493356517367
21700476,2017-12-22 20:00:00,,Positive EV,Totals,-103.0,-111.0,false,-1.0,0.012926793866616493
21700476,2017-12-22 20:00:00,,Positive EV,Totals,-105.0,-111.0,false,-1.0,0.003422437367750719
21400618,2015-01-19 17:30:00,,Positive EV,Totals,-102.0,-110.0,false,-1.0,0.013223894208846398
21100803,2012-04-04 20:00:00,,Positive EV,Totals,-107.0,-113.0,true,0.9345794392523366,7.412926703947997E-4
21700492,2017-12-23 22:00:00,,Positive EV,Totals,-103.0,-110.0,true,0.970873786407767,0.008354030255136646
20700576,2008-01-18 19:30:00,,Positive EV,Totals,-101.0,-109.0,true,0.9900990099009901,0.013554307683313671
20700575,2008-01-18 19:00:00,,Positive EV,Totals,-104.0,-110.0,true,0.9615384615384617,0.003577817531306038
20700573,2008-01-18 19:00:00,,Positive EV,Totals,-103.0,-110.0,false,-1.0,0.008354030255136646
20700577,2008-01-18 20:00:00,,Positive EV,Totals,-102.0,-109.0,false,0.0,0.008610622639496912
41700311,2018-05-14 21:00:00,,Positive EV,Totals,-108.0,-114.0,false,-1.0,6.236311296702324E-4
41700316,2018-05-26 21:00:00,,Positive EV,Totals,-103.0,-109.0,false,-1.0,0.003762931480026044
20700590,2008-01-19 20:30:00,,Positive EV,Totals,-105.0,-113.0,true,0.9523809523809523,0.012357120790855713
41400232,2015-05-06 21:30:00,,Positive EV,Totals,-105.0,-113.0,false,-1.0,0.009949862191171277
20700536,2008-01-12 20:30:00,,Positive EV,Totals,-105.0,-113.0,true,0.9523809523809523,0.012357120790855713
20700525,2008-01-11 19:30:00,,Positive EV,Totals,-107.0,-116.0,false,-1.0,0.01610493846434502
20700525,2008-01-11 19:30:00,,Positive EV,Totals,-110.0,-116.0,false,-1.0,0.0027175216202824926
20700525,2008-01-11 19:30:00,,Positive EV,Totals,-110.0,-116.0,false,-1.0,0.0027175216202824926
21100895,2012-04-15 18:00:00,,Positive EV,Totals,-105.0,-111.0,true,0.9523809523809523,0.003422437367750719
20700552,2008-01-14 22:00:00,,Positive EV,Totals,-105.0,-111.0,true,0.9523809523809523,0.003422437367750719
20700558,2008-01-15 20:00:00,,Positive EV,Totals,-110.0,-121.0,true,0.9090909090909092,0.023304150658184974
20700557,2008-01-15 19:30:00,,Positive EV,Totals,-103.0,-110.0,true,0.970873786407767,0.008354030255136646
20700544,2008-01-13 19:00:00,,Positive EV,Totals,-104.0,-110.0,false,-1.0,0.003577817531306038
20700538,2008-01-12 21:00:00,,Positive EV,Totals,-110.0,-117.0,false,-1.0,0.006909399753320666
20700505,2008-01-08 20:00:00,,Positive EV,Totals,-102.0,-114.0,false,-1.0,0.03135077033321387
20700504,2008-01-08 20:00:00,,Positive EV,Totals,-103.0,-109.0,false,-1.0,0.003762931480026044
20700509,2008-01-09 19:00:00,,Positive EV,Totals,-105.0,-112.0,false,-1.0,0.007910429597176583
20700500,2008-01-08 19:00:00,,Positive EV,Totals,-105.0,-113.0,false,-1.0,0.012357120790855713
21700544,2017-12-31 20:00:00,,Positive EV,Totals,-103.0,-114.0,false,-1.0,0.02397649780091904
21700544,2017-12-31 20:00:00,,Positive EV,Totals,-105.0,-114.0,false,-1.0,0.014368461227605156
21700578,2018-01-06 15:30:00,,Positive EV,Totals,-102.0,-109.0,true,0.9803921568627452,0.008610622639496912
21700578,2018-01-06 15:30:00,,Positive EV,Totals,100.0,-109.0,true,1.0,0.01859686642800673
21700578,2018-01-06 15:30:00,,Positive EV,Totals,100.0,-109.0,true,1.0,0.01859686642800673
21700561,2018-01-03 20:00:00,,Positive EV,Totals,-102.0,-109.0,true,0.9803921568627452,0.008610622639496912
21700568,2018-01-05 20:00:00,,Positive EV,Totals,-102.0,-108.0,true,0.9803921568627452,0.004002493356517367
21400581,2015-01-14 21:00:00,,Positive EV,Totals,-102.0,-113.0,false,-1.0,0.024439817172393297
21700527,2017-12-29 22:00:00,,Positive EV,Totals,-104.0,-110.0,true,0.9615384615384617,0.003577817531306038
21400599,2015-01-16 22:30:00,,Positive EV,Totals,-102.0,-113.0,false,-1.0,0.024439817172393297
21700523,2017-12-29 20:00:00,,Positive EV,Totals,-102.0,-110.0,false,-1.0,0.013223894208846398
21100906,2012-04-16 19:30:00,,Positive EV,Totals,-102.0,-108.0,true,0.9803921568627452,0.004002493356517367
21100902,2012-04-16 19:00:00,,Positive EV,Totals,-103.0,-109.0,true,0.970873786407767,0.003762931480026044
21400548,2015-01-09 22:30:00,,Positive EV,Totals,-105.0,-113.0,true,0.9523809523809523,0.009949862191171277
21400556,2015-01-10 20:00:00,,Positive EV,Totals,-103.0,-113.0,true,0.970873786407767,0.01951604606226931
21400555,2015-01-10 20:00:00,,Positive EV,Totals,-103.0,-109.0,true,0.970873786407767,0.003762931480026044
21700591,2018-01-08 19:00:00,,Positive EV,Totals,-102.0,-109.0,true,0.9803921568627452,0.008610622639496912
21700593,2018-01-08 20:00:00,,Positive EV,Totals,-107.0,-113.0,false,-1.0,7.412926703947997E-4
21700593,2018-01-08 20:00:00,,Positive EV,Totals,-105.0,-113.0,false,-1.0,0.009949862191171277
21700596,2018-01-08 22:00:00,,Positive EV,Totals,-105.0,-113.0,false,-1.0,0.009949862191171277
21700596,2018-01-08 22:00:00,,Positive EV,Totals,-105.0,-113.0,false,-1.0,0.009949862191171277
21100933,2012-04-19 19:30:00,,Positive EV,Totals,-110.0,-117.0,false,-1.0,0.004604800901905848
21100939,2012-04-20 19:30:00,,Positive EV,Totals,-110.0,-116.0,true,0.9090909090909092,4.0065707760733593E-4
21100939,2012-04-20 19:30:00,,Positive EV,Totals,-110.0,-116.0,true,0.9090909090909092,4.0065707760733593E-4
21100939,2012-04-20 19:30:00,,Positive EV,Totals,-110.0,-116.0,true,0.9090909090909092,4.0065707760733593E-4
21100939,2012-04-20 19:30:00,,Positive EV,Totals,-110.0,-116.0,true,0.9090909090909092,4.0065707760733593E-4
21100934,2012-04-19 20:00:00,,Positive EV,Totals,-108.0,-114.0,true,0.925925925925926,6.236311296702324E-4
21700586,2018-01-07 15:30:00,,Positive EV,Totals,-107.0,-113.0,false,-1.0,7.412926703947997E-4
21700586,2018-01-07 15:30:00,,Positive EV,Totals,-105.0,-113.0,false,-1.0,0.009949862191171277
21400501,2015-01-03 22:00:00,,Positive EV,Totals,-105.0,-113.0,false,-1.0,0.009949862191171277
21400501,2015-01-03 22:00:00,,Positive EV,Totals,-105.0,-113.0,false,-1.0,0.009949862191171277
21100926,2012-04-18 20:30:00,,Positive EV,Totals,-102.0,-108.0,false,-1.0,0.004002493356517367
21301057,2014-03-25 19:00:00,,Positive EV,Totals,-102.0,-108.0,true,0.9803921568627452,0.004002493356517367
21400821,2015-02-22 13:00:00,,Positive EV,Totals,-105.0,-113.0,false,-1.0,0.009949862191171277
21400820,2015-02-21 22:00:00,,Positive EV,Totals,-110.0,-116.0,false,-1.0,4.0065707760733593E-4
21400820,2015-02-21 22:00:00,,Positive EV,Totals,-105.0,-116.0,false,-1.0,0.02308547923356208
21400820,2015-02-21 22:00:00,,Positive EV,Totals,-110.0,-116.0,false,-1.0,4.0065707760733593E-4
21400820,2015-02-21 22:00:00,,Positive EV,Totals,-110.0,-116.0,false,-1.0,4.0065707760733593E-4
21400820,2015-02-21 22:00:00,,Positive EV,Totals,-110.0,-116.0,false,-1.0,4.0065707760733593E-4
21301027,2014-03-21 19:30:00,,Positive EV,Totals,-102.0,-110.0,true,0.9803921568627452,0.013223894208846398
21400833,2015-02-23 20:00:00,,Positive EV,Totals,-105.0,-113.0,false,-1.0,0.009949862191171277
21100954,2012-04-22 18:00:00,,Positive EV,Totals,-107.0,-114.0,true,0.9345794392523366,0.005119603591611621
20700897,2008-03-05 19:00:00,,Positive EV,Totals,-104.0,-111.0,false,-1.0,0.008128921595554506
20700890,2008-03-04 19:00:00,,Positive EV,Totals,-108.0,-115.0,false,-1.0,0.00729237279431405
21301004,2014-03-18 19:30:00,,Positive EV,Totals,-104.0,-113.0,false,-1.0,0.014686962858109331
21301001,2014-03-17 20:30:00,,Positive EV,Totals,-103.0,-110.0,true,0.970873786407767,0.008354030255136646
20700850,2008-02-27 19:30:00,,Positive EV,Totals,-103.0,-110.0,false,-1.0,0.008354030255136646
20700847,2008-02-27 19:00:00,,Positive EV,Totals,-110.0,-122.0,true,0.9090909090909092,0.027312068756809083
20700847,2008-02-27 19:00:00,,Positive EV,Totals,-110.0,-122.0,true,0.9090909090909092,0.027312068756809083
20700837,2008-02-26 19:30:00,,Positive EV,Totals,-106.0,-113.0,false,-1.0,0.0076983213394482
20700839,2008-02-26 20:00:00,,Positive EV,Totals,-105.0,-113.0,true,0.9523809523809523,0.012357120790855713
20700873,2008-03-01 21:00:00,,Positive EV,Totals,-110.0,-116.0,true,0.9090909090909092,0.0027175216202824926
20700873,2008-03-01 21:00:00,,Positive EV,Totals,-110.0,-116.0,true,0.9090909090909092,0.0027175216202824926
20700873,2008-03-01 21:00:00,,Positive EV,Totals,-110.0,-116.0,true,0.9090909090909092,0.0027175216202824926
20700873,2008-03-01 21:00:00,,Positive EV,Totals,-110.0,-116.0,true,0.9090909090909092,0.0027175216202824926
20700872,2008-03-01 20:30:00,,Positive EV,Totals,-107.0,-113.0,false,-1.0,0.0031266022516184266
20700863,2008-02-29 20:00:00,,Positive EV,Totals,-103.0,-110.0,false,-1.0,0.008354030255136646
20700858,2008-02-29 19:00:00,,Positive EV,Totals,-105.0,-111.0,true,0.9523809523809523,0.003422437367750719
20601102,2007-04-03 19:30:00,,Positive EV,Totals,-110.0,-116.0,false,-1.0,0.0027175216202824926
20601100,2007-04-03 19:00:00,,Positive EV,Totals,-105.0,-113.0,false,-1.0,0.012357120790855713
20601100,2007-04-03 19:00:00,,Positive EV,Totals,-105.0,-113.0,false,-1.0,0.012357120790855713
20700806,2008-02-22 19:30:00,,Positive EV,Totals,-103.0,-110.0,true,0.970873786407767,0.008354030255136646
20700800,2008-02-21 20:00:00,,Positive EV,Totals,100.0,-112.0,false,-1.0,0.03249361080686386
20700825,2008-02-24 18:00:00,,Positive EV,Totals,-105.0,-112.0,false,-1.0,0.007910429597176583
20700825,2008-02-24 18:00:00,,Positive EV,Totals,-105.0,-112.0,false,-1.0,0.007910429597176583
20700814,2008-02-22 22:30:00,,Positive EV,Totals,-110.0,-116.0,false,-1.0,0.0027175216202824926
20700812,2008-02-22 22:30:00,,Positive EV,Totals,-107.0,-113.0,false,-1.0,0.0031266022516184266
20601148,2007-04-08 21:00:00,,Positive EV,Totals,-110.0,-116.0,false,-1.0,0.0027175216202824926
20601148,2007-04-08 21:00:00,,Positive EV,Totals,-110.0,-116.0,false,-1.0,0.0027175216202824926
20601148,2007-04-08 21:00:00,,Positive EV,Totals,-110.0,-116.0,false,-1.0,0.0027175216202824926
20601148,2007-04-08 21:00:00,,Positive EV,Totals,-110.0,-116.0,false,-1.0,0.0027175216202824926
20601152,2007-04-09 20:00:00,,Positive EV,Totals,-110.0,-116.0,false,-1.0,0.0027175216202824926
20601152,2007-04-09 20:00:00,,Positive EV,Totals,-110.0,-116.0,false,-1.0,0.0027175216202824926
20601152,2007-04-09 20:00:00,,Positive EV,Totals,-110.0,-116.0,false,-1.0,0.0027175216202824926
20601152,2007-04-09 20:00:00,,Positive EV,Totals,-110.0,-116.0,false,-1.0,0.0027175216202824926
20700904,2008-03-05 20:00:00,,Positive EV,Totals,-105.0,-115.0,true,0.9523809523809523,0.021128806486543528
20601189,2007-04-14 20:00:00,,Positive EV,Totals,-105.0,-114.0,false,-1.0,0.016763064953677576
20601189,2007-04-14 20:00:00,,Positive EV,Totals,-105.0,-114.0,false,-1.0,0.016763064953677576
21700272,2017-11-24 20:00:00,,Positive EV,Totals,-102.0,-109.0,false,-1.0,0.008610622639496912
21700265,2017-11-22 21:00:00,,Positive EV,Totals,-103.0,-109.0,false,-1.0,0.003762931480026044
21700293,2017-11-27 19:30:00,,Positive EV,Totals,-104.0,-110.0,true,0.9615384615384617,0.003577817531306038
21700284,2017-11-25 20:30:00,,Positive EV,Totals,-105.0,-113.0,true,0.9523809523809523,0.009949862191171277
21700289,2017-11-26 18:00:00,,Positive EV,Totals,-104.0,-113.0,false,-1.0,0.014686962858109331
21700289,2017-11-26 18:00:00,,Positive EV,Totals,-105.0,-113.0,false,-1.0,0.009949862191171277
21400851,2015-02-25 21:00:00,,Positive EV,Totals,-105.0,-112.0,false,-1.0,0.007910429597176583
21700237,2017-11-19 15:30:00,,Positive EV,Totals,-102.0,-108.0,false,-1.0,0.004002493356517367
21700226,2017-11-17 22:30:00,,Positive EV,Totals,-102.0,-108.0,true,0.9803921568627452,0.004002493356517367
21400863,2015-02-27 20:00:00,,Positive EV,Totals,-102.0,-110.0,false,-1.0,0.013223894208846398
21301185,2014-04-11 20:30:00,,Positive EV,Totals,-101.0,-108.0,false,-1.0,0.008923591745677806
21400704,2015-01-30 22:30:00,,Positive EV,Totals,-105.0,-113.0,true,0.9523809523809523,0.009949862191171277
20700771,2008-02-13 20:00:00,,Positive EV,Totals,-105.0,-113.0,false,-1.0,0.012357120790855713
21301126,2014-04-02 22:00:00,,Positive EV,Totals,-105.0,-113.0,true,0.9523809523809523,0.009949862191171277
41700114,2018-04-22 13:00:00,,Positive EV,Totals,-105.0,-114.0,false,-1.0,0.014368461227605156
20700768,2008-02-13 19:00:00,,Positive EV,Totals,-105.0,-114.0,false,-1.0,0.016763064953677576
41700112,2018-04-17 20:00:00,,Positive EV,Totals,-102.0,-110.0,true,0.9803921568627452,0.013223894208846398
41700117,2018-04-28 20:00:00,,Positive EV,Totals,-103.0,-120.0,false,-1.0,0.04990472733871687
41700117,2018-04-28 20:00:00,,Positive EV,Totals,-110.0,-120.0,false,-1.0,0.016992353440951513
41700117,2018-04-28 20:00:00,,Positive EV,Totals,-105.0,-120.0,false,-1.0,0.04005340453938577
41700117,2018-04-28 20:00:00,,Positive EV,Totals,-110.0,-120.0,false,-1.0,0.016992353440951513
41700117,2018-04-28 20:00:00,,Positive EV,Totals,-110.0,-120.0,false,-1.0,0.016992353440951513
41700116,2018-04-26 20:00:00,,Positive EV,Totals,-108.0,-116.0,true,0.925925925925926,0.009222532360478652
41700116,2018-04-26 20:00:00,,Positive EV,Totals,-105.0,-116.0,true,0.9523809523809523,0.02308547923356208
41700116,2018-04-26 20:00:00,,Positive EV,Totals,-110.0,-116.0,true,0.9090909090909092,4.0065707760733593E-4
41700116,2018-04-26 20:00:00,,Positive EV,Totals,-110.0,-116.0,true,0.9090909090909092,4.0065707760733593E-4
21301147,2014-04-05 19:30:00,,Positive EV,Totals,-105.0,-113.0,true,0.9523809523809523,0.009949862191171277
20700794,2008-02-20 20:00:00,,Positive EV,Totals,100.0,-113.0,false,-1.0,0.03704875788331563
20700780,2008-02-19 19:00:00,,Positive EV,Totals,-105.0,-111.0,false,-1.0,0.003422437367750719
20700779,2008-02-14 22:30:00,,Positive EV,Totals,-103.0,-109.0,false,-1.0,0.003762931480026044
41700152,2018-04-16 22:30:00,,Positive EV,Totals,-102.0,-110.0,false,-1.0,0.013223894208846398
20700727,2008-02-08 19:00:00,,Positive EV,Totals,-105.0,-116.0,false,0.0,0.025454880387182244
20700727,2008-02-08 19:00:00,,Positive EV,Totals,-110.0,-116.0,false,0.0,0.0027175216202824926
20700727,2008-02-08 19:00:00,,Positive EV,Totals,-110.0,-116.0,false,0.0,0.0027175216202824926
20700727,2008-02-08 19:00:00,,Positive EV,Totals,-110.0,-116.0,false,0.0,0.0027175216202824926
20700729,2008-02-08 19:30:00,,Positive EV,Totals,-105.0,-118.0,false,-1.0,0.03399011943807395
20700729,2008-02-08 19:30:00,,Positive EV,Totals,-105.0,-118.0,false,-1.0,0.03399011943807395
20700728,2008-02-08 19:00:00,,Positive EV,Totals,-105.0,-111.0,true,0.9523809523809523,0.003422437367750719
20700723,2008-02-07 19:00:00,,Positive EV,Totals,-104.0,-116.0,false,-1.0,0.03026470628018041
20700723,2008-02-07 19:00:00,,Positive EV,Totals,-110.0,-116.0,false,-1.0,0.0027175216202824926
21301100,2014-03-30 21:30:00,,Positive EV,Totals,-102.0,-113.0,true,0.9803921568627452,0.024439817172393297
41700144,2018-04-23 20:00:00,,Positive EV,Totals,-105.0,-111.0,false,-1.0,0.003422437367750719
41700142,2018-04-18 21:30:00,,Positive EV,Totals,-105.0,-111.0,true,0.9523809523809523,0.003422437367750719
41700142,2018-04-18 21:30:00,,Positive EV,Totals,-105.0,-111.0,true,0.9523809523809523,0.003422437367750719
20700751,2008-02-11 19:00:00,,Positive EV,Totals,-104.0,-110.0,false,-1.0,0.003577817531306038
20700750,2008-02-10 21:30:00,,Positive EV,Totals,-105.0,-122.0,true,0.9523809523809523,0.05060712700526271
20700747,2008-02-10 18:00:00,,Positive EV,Totals,-103.0,-115.0,true,0.970873786407767,0.03080087664033515
20700741,2008-02-09 20:30:00,,Positive EV,Totals,-105.0,-111.0,true,0.9523809523809523,0.003422437367750719
20700744,2008-02-10 19:00:00,,Positive EV,Totals,-104.0,-110.0,true,0.9615384615384617,0.003577817531306038
20700742,2008-02-09 21:00:00,,Positive EV,Totals,-105.0,-113.0,true,0.9523809523809523,0.012357120790855713
41700125,2018-04-24 20:00:00,,Positive EV,Totals,-108.0,-114.0,true,0.925925925925926,6.236311296702324E-4
41700176,2018-04-27 22:30:00,,Positive EV,Totals,-102.0,-109.0,true,0.9803921568627452,0.008610622639496912
20700705,2008-02-04 22:00:00,,Positive EV,Totals,-110.0,-116.0,true,0.9090909090909092,0.0027175216202824926
20700705,2008-02-04 22:00:00,,Positive EV,Totals,-110.0,-116.0,true,0.9090909090909092,0.0027175216202824926
20700705,2008-02-04 22:00:00,,Positive EV,Totals,-110.0,-116.0,true,0.9090909090909092,0.0027175216202824926
20700703,2008-02-04 21:00:00,,Positive EV,Totals,-102.0,-110.0,true,0.9803921568627452,0.013223894208846398
20601033,2007-03-24 19:30:00,,Positive EV,Totals,-105.0,-115.0,false,-1.0,0.021128806486543528
20601037,2007-03-25 15:30:00,,Positive EV,Totals,-105.0,-111.0,false,-1.0,0.003422437367750719
20601037,2007-03-25 15:30:00,,Positive EV,Totals,-105.0,-111.0,false,-1.0,0.003422437367750719
21700329,2017-12-02 19:30:00,,Positive EV,Totals,-102.0,-110.0,true,0.9803921568627452,0.013223894208846398
21700330,2017-12-02 19:30:00,,Positive EV,Totals,-103.0,-110.0,false,-1.0,0.008354030255136646
21700332,2017-12-02 21:00:00,,Positive EV,Totals,-103.0,-111.0,true,0.970873786407767,0.012926793866616493
20601071,2007-03-29 22:30:00,,Positive EV,Totals,-105.0,-118.0,true,0.9523809523809523,0.03399011943807395
20601080,2007-03-30 22:00:00,,Positive EV,Totals,-110.0,-117.0,true,0.9090909090909092,0.006909399753320666
20601080,2007-03-30 22:00:00,,Positive EV,Totals,-110.0,-117.0,true,0.9090909090909092,0.006909399753320666
20601087,2007-03-31 22:00:00,,Positive EV,Totals,-110.0,-119.0,false,-1.0,0.015180346796091593
20601099,2007-04-01 21:30:00,,Positive EV,Totals,-105.0,-111.0,false,-1.0,0.003422437367750719
21400769,2015-02-08 18:00:00,,Positive EV,Totals,-105.0,-113.0,true,0.9523809523809523,0.009949862191171277
21700390,2017-12-10 19:30:00,,Positive EV,Totals,-102.0,-108.0,false,-1.0,0.004002493356517367
21700380,2017-12-09 20:00:00,,Positive EV,Totals,-107.0,-113.0,true,0.9345794392523366,7.412926703947997E-4
21700380,2017-12-09 20:00:00,,Positive EV,Totals,-105.0,-113.0,true,0.9523809523809523,0.009949862191171277
21700381,2017-12-09 20:30:00,,Positive EV,Totals,-103.0,-110.0,false,-1.0,0.008354030255136646
21400780,2015-02-09 20:00:00,,Positive EV,Totals,-105.0,-113.0,false,-1.0,0.009949862191171277
21400795,2015-02-11 20:00:00,,Positive EV,Totals,-105.0,-112.0,false,-1.0,0.007910429597176583
21400723,2015-02-02 20:00:00,,Positive EV,Totals,-105.0,-111.0,false,-1.0,0.003422437367750719
21400729,2015-02-03 22:00:00,,Positive EV,Totals,-105.0,-113.0,false,-1.0,0.009949862191171277
21700351,2017-12-05 20:00:00,,Positive EV,Totals,-105.0,-113.0,false,-1.0,0.009949862191171277
21301097,2014-03-30 19:00:00,,Positive EV,Totals,-107.0,-113.0,false,-1.0,7.412926703947997E-4
21301090,2014-03-29 20:30:00,,Positive EV,Totals,-103.0,-110.0,true,0.970873786407767,0.008354030255136646
21700344,2017-12-04 20:00:00,,Positive EV,Totals,-103.0,-109.0,false,-1.0,0.003762931480026044
21700343,2017-12-04 19:30:00,,Positive EV,Totals,-103.0,-110.0,true,0.970873786407767,0.008354030255136646
21700347,2017-12-04 20:30:00,,Positive EV,Totals,-105.0,-114.0,true,0.9523809523809523,0.014368461227605156
21301077,2014-03-28 19:00:00,,Positive EV,Totals,-105.0,-113.0,true,0.9523809523809523,0.009949862191171277
21700374,2017-12-08 21:30:00,,Positive EV,Totals,-110.0,-120.0,true,0.9090909090909092,0.016992353440951513
21700374,2017-12-08 21:30:00,,Positive EV,Totals,-110.0,-120.0,true,0.9090909090909092,0.016992353440951513
21700377,2017-12-09 19:00:00,,Positive EV,Totals,-103.0,-110.0,true,0.970873786407767,0.008354030255136646
21700376,2017-12-09 18:00:00,,Positive EV,Totals,-110.0,-116.0,false,-1.0,4.0065707760733593E-4
21700378,2017-12-09 19:30:00,,Positive EV,Totals,-105.0,-113.0,true,0.9523809523809523,0.009949862191171277
21400750,2015-02-06 19:30:00,,Positive EV,Totals,-102.0,-108.0,true,0.9803921568627452,0.004002493356517367
21601108,2017-03-28 20:00:00,,Positive EV,Totals,-105.0,-113.0,false,-1.0,0.009949862191171277
21601107,2017-03-28 19:30:00,,Positive EV,Totals,-103.0,-109.0,false,-1.0,0.003762931480026044
21601103,2017-03-28 19:00:00,,Positive EV,Totals,-105.0,-113.0,true,0.9523809523809523,0.009949862191171277
21601106,2017-03-28 19:30:00,,Positive EV,Totals,-103.0,-113.0,false,-1.0,0.01951604606226931
21601106,2017-03-28 19:30:00,,Positive EV,Totals,-105.0,-113.0,false,-1.0,0.009949862191171277
21000917,2011-03-04 19:30:00,,Positive EV,Totals,-105.0,-113.0,false,-1.0,0.009949862191171277
20700233,2007-11-30 22:30:00,,Positive EV,Totals,-101.0,-110.0,true,0.9900990099009901,0.01819019111213449
20700237,2007-12-01 20:00:00,,Positive EV,Totals,-110.0,-116.0,false,-1.0,0.0027175216202824926
20700237,2007-12-01 20:00:00,,Positive EV,Totals,-110.0,-116.0,false,-1.0,0.0027175216202824926
20700237,2007-12-01 20:00:00,,Positive EV,Totals,-110.0,-116.0,false,-1.0,0.0027175216202824926
21000919,2011-03-04 19:30:00,,Positive EV,Totals,-105.0,-113.0,true,0.9523809523809523,0.009949862191171277
21000906,2011-03-02 19:30:00,,Positive EV,Totals,-110.0,-121.0,true,0.9090909090909092,0.021048200378867787
21000905,2011-03-02 19:30:00,,Positive EV,Totals,-102.0,-113.0,false,-1.0,0.024439817172393297
21000903,2011-03-02 19:00:00,,Positive EV,Totals,-102.0,-110.0,true,0.9803921568627452,0.013223894208846398
20700227,2007-11-30 19:30:00,,Positive EV,Totals,-104.0,-110.0,false,-1.0,0.003577817531306038
20700225,2007-11-30 19:00:00,,Positive EV,Totals,-103.0,-109.0,true,0.970873786407767,0.003762931480026044
21000900,2011-03-01 20:00:00,,Positive EV,Totals,-102.0,-110.0,true,0.9803921568627452,0.013223894208846398
20700218,2007-11-28 22:00:00,,Positive EV,Totals,-110.0,-118.0,false,-1.0,0.011063509250977044
21000975,2011-03-11 22:30:00,,Positive EV,Totals,-110.0,-117.0,true,0.9090909090909092,0.004604800901905848
21000975,2011-03-11 22:30:00,,Positive EV,Totals,-110.0,-117.0,true,0.9090909090909092,0.004604800901905848
21000975,2011-03-11 22:30:00,,Positive EV,Totals,-110.0,-117.0,true,0.9090909090909092,0.004604800901905848
21000974,2011-03-11 20:30:00,,Positive EV,Totals,-102.0,-108.0,true,0.9803921568627452,0.004002493356517367
21601198,2017-04-09 17:00:00,,Positive EV,Totals,-102.0,-113.0,true,0.9803921568627452,0.024439817172393297
21601198,2017-04-09 17:00:00,,Positive EV,Totals,-105.0,-113.0,true,0.9523809523809523,0.009949862191171277
21601190,2017-04-08 18:00:00,,Positive EV,Totals,105.0,-105.0,true,1.0499999999999998,0.02499999999999991
21601190,2017-04-08 18:00:00,,Positive EV,Totals,105.0,-105.0,true,1.0499999999999998,0.02499999999999991
21000966,2011-03-10 22:30:00,,Positive EV,Totals,-105.0,-113.0,false,-1.0,0.009949862191171277
21601187,2017-04-07 22:30:00,,Positive EV,Totals,-102.0,-113.0,false,-1.0,0.024439817172393297
21601187,2017-04-07 22:30:00,,Positive EV,Totals,-105.0,-113.0,false,-1.0,0.009949862191171277
21601187,2017-04-07 22:30:00,,Positive EV,Totals,-105.0,-113.0,false,-1.0,0.009949862191171277
21601186,2017-04-07 22:00:00,,Positive EV,Totals,-109.0,-115.0,false,-1.0,5.101374514349666E-4
21601181,2017-04-07 20:00:00,,Positive EV,Totals,-102.0,-110.0,true,0.9803921568627452,0.013223894208846398
21700969,2018-03-07 22:00:00,,Positive EV,Totals,-102.0,-110.0,false,-1.0,0.013223894208846398
21700973,2018-03-08 19:30:00,,Positive EV,Totals,-108.0,-115.0,true,0.925925925925926,0.0049426650850138976
21700958,2018-03-06 19:00:00,,Positive EV,Totals,-105.0,-117.0,true,0.9523809523809523,0.027384955117368492
21700958,2018-03-06 19:00:00,,Positive EV,Totals,-110.0,-117.0,true,0.9090909090909092,0.004604800901905848
21000980,2011-03-12 20:00:00,,Positive EV,Totals,-110.0,-119.0,true,0.9090909090909092,0.012900158231548053
21000980,2011-03-12 20:00:00,,Positive EV,Totals,-109.0,-119.0,true,0.9174311926605505,0.017325235375416803
21000980,2011-03-12 20:00:00,,Positive EV,Totals,-110.0,-119.0,true,0.9090909090909092,0.012900158231548053
21000990,2011-03-13 21:00:00,,Positive EV,Totals,-105.0,-113.0,false,-1.0,0.009949862191171277
21700903,2018-02-26 20:00:00,,Positive EV,Totals,-105.0,-113.0,false,-1.0,0.009949862191171277
21601156,2017-04-04 19:00:00,,Positive EV,Totals,-105.0,-112.0,true,0.9523809523809523,0.007910429597176583
21000928,2011-03-05 21:00:00,,Positive EV,Totals,-110.0,-117.0,true,0.9090909090909092,0.004604800901905848
21000928,2011-03-05 21:00:00,,Positive EV,Totals,-109.0,-117.0,true,0.9174311926605505,0.008993637952591338
21000928,2011-03-05 21:00:00,,Positive EV,Totals,-110.0,-117.0,true,0.9090909090909092,0.004604800901905848
21000928,2011-03-05 21:00:00,,Positive EV,Totals,-110.0,-117.0,true,0.9090909090909092,0.004604800901905848
21000928,2011-03-05 21:00:00,,Positive EV,Totals,-110.0,-117.0,true,0.9090909090909092,0.004604800901905848
21000927,2011-03-05 20:30:00,,Positive EV,Totals,-105.0,-111.0,true,0.9523809523809523,0.003422437367750719
21000923,2011-03-04 21:30:00,,Positive EV,Totals,-109.0,-115.0,true,0.9174311926605505,5.101374514349666E-4
21000922,2011-03-04 20:30:00,,Positive EV,Totals,-102.0,-108.0,true,0.9803921568627452,0.004002493356517367
21000921,2011-03-04 20:30:00,,Positive EV,Totals,-109.0,-116.0,true,0.9174311926605505,0.004771127401231645
21700921,2018-02-28 22:30:00,,Positive EV,Totals,-102.0,-109.0,true,0.9803921568627452,0.008610622639496912
21700924,2018-03-01 22:00:00,,Positive EV,Totals,-105.0,-113.0,true,0.9523809523809523,0.009949862191171277
21000952,2011-03-08 21:00:00,,Positive EV,Totals,-102.0,-110.0,false,-1.0,0.013223894208846398
21700915,2018-02-28 19:30:00,,Positive EV,Totals,-107.0,-113.0,false,-1.0,7.412926703947997E-4
21700915,2018-02-28 19:30:00,,Positive EV,Totals,-105.0,-113.0,false,-1.0,0.009949862191171277
21000945,2011-03-07 20:00:00,,Positive EV,Totals,-105.0,-113.0,true,0.9523809523809523,0.009949862191171277
21000943,2011-03-07 20:00:00,,Positive EV,Totals,-105.0,-113.0,true,0.9523809523809523,0.009949862191171277
21000941,2011-03-07 19:00:00,,Positive EV,Totals,-105.0,-113.0,true,0.9523809523809523,0.009949862191171277
21601125,2017-03-30 22:30:00,,Positive EV,Totals,-105.0,-111.0,true,0.9523809523809523,0.003422437367750719
21000897,2011-03-01 19:00:00,,Positive EV,Totals,-103.0,-116.0,true,0.970873786407767,0.032776082872999046
21000897,2011-03-01 19:00:00,,Positive EV,Totals,-110.0,-116.0,true,0.9090909090909092,4.0065707760733593E-4
21000897,2011-03-01 19:00:00,,Positive EV,Totals,-110.0,-116.0,true,0.9090909090909092,4.0065707760733593E-4
21700871,2018-02-22 22:00:00,,Positive EV,Totals,-105.0,-111.0,false,-1.0,0.003422437367750719
21700865,2018-02-15 20:00:00,,Positive EV,Totals,-103.0,-110.0,true,0.970873786407767,0.008354030255136646
21700894,2018-02-25 15:30:00,,Positive EV,Totals,-105.0,-113.0,false,-1.0,0.009949862191171277
21700877,2018-02-23 20:00:00,,Positive EV,Totals,-102.0,-109.0,false,-1.0,0.008610622639496912
21700883,2018-02-23 22:30:00,,Positive EV,Totals,101.0,-108.0,true,1.0099999999999998,0.01901282766313439
21700883,2018-02-23 22:30:00,,Positive EV,Totals,101.0,-108.0,true,1.0099999999999998,0.01901282766313439
20700298,2007-12-09 19:00:00,,Positive EV,Totals,-101.0,-110.0,true,0.9900990099009901,0.01819019111213449
20700294,2007-12-09 12:30:00,,Positive EV,Totals,-104.0,-114.0,true,0.9615384615384617,0.021532122481602967
20700282,2007-12-07 20:00:00,,Positive EV,Totals,-105.0,-113.0,true,0.9523809523809523,0.012357120790855713
40800123,2009-04-24 20:00:00,,Positive EV,Totals,-102.0,-110.0,false,-1.0,0.013223894208846398
20700250,2007-12-03 19:00:00,,Positive EV,Totals,-102.0,-116.0,false,-1.0,0.040167289001058704
20700250,2007-12-03 19:00:00,,Positive EV,Totals,-110.0,-116.0,false,-1.0,0.0027175216202824926
41100152,2012-04-30 21:30:00,,Positive EV,Totals,-103.0,-110.0,false,-1.0,0.008354030255136646
20700243,2007-12-02 15:30:00,,Positive EV,Totals,-110.0,-122.0,true,0.9090909090909092,0.027312068756809083
20700243,2007-12-02 15:30:00,,Positive EV,Totals,-110.0,-122.0,true,0.9090909090909092,0.027312068756809083
40800133,2009-04-25 18:30:00,,Positive EV,Totals,107.0,-108.0,true,1.0700000000000003,0.04943112102621339
20700242,2007-12-02 12:30:00,,Positive EV,Totals,-110.0,-116.0,true,0.9090909090909092,0.0027175216202824926
20700242,2007-12-02 12:30:00,,Positive EV,Totals,-110.0,-116.0,true,0.9090909090909092,0.0027175216202824926
20700242,2007-12-02 12:30:00,,Positive EV,Totals,-110.0,-116.0,true,0.9090909090909092,0.0027175216202824926
40800164,2009-04-25 16:00:00,,Positive EV,Totals,-105.0,-113.0,false,-1.0,0.012357120790855713
20700278,2007-12-07 19:00:00,,Positive EV,Totals,-105.0,-113.0,false,-1.0,0.012357120790855713
41100176,2012-05-11 21:00:00,,Positive EV,Totals,-107.0,-117.0,true,0.9345794392523366,0.01801741506615029
41100176,2012-05-11 21:00:00,,Positive EV,Totals,-110.0,-117.0,true,0.9090909090909092,0.004604800901905848
41100176,2012-05-11 21:00:00,,Positive EV,Totals,-110.0,-117.0,true,0.9090909090909092,0.004604800901905848
41100176,2012-05-11 21:00:00,,Positive EV,Totals,-110.0,-117.0,true,0.9090909090909092,0.004604800901905848
40800152,2009-04-22 22:30:00,,Positive EV,Totals,-103.0,-110.0,false,-1.0,0.008354030255136646
41100162,2012-05-01 22:30:00,,Positive EV,Totals,-101.0,-109.0,true,0.9900990099009901,0.013554307683313671
21400930,2015-03-07 21:00:00,,Positive EV,Totals,106.0,-105.0,true,1.06,0.030000000000000027
21601225,2017-04-12 20:00:00,,Positive EV,Totals,-105.0,-113.0,false,-1.0,0.009949862191171277
21601224,2017-04-12 20:00:00,,Positive EV,Totals,-105.0,-115.0,true,0.9523809523809523,0.01874682257244531
21601224,2017-04-12 20:00:00,,Positive EV,Totals,-105.0,-115.0,true,0.9523809523809523,0.01874682257244531
21601226,2017-04-12 20:00:00,,Positive EV,Totals,-105.0,-111.0,false,-1.0,0.003422437367750719
21300091,2013-11-09 20:00:00,,Positive EV,Totals,-105.0,-113.0,false,-1.0,0.009949862191171277
21601216,2017-04-11 22:30:00,,Positive EV,Totals,-105.0,-111.0,true,0.9523809523809523,0.003422437367750719
21601212,2017-04-11 19:30:00,,Positive EV,Totals,-105.0,-113.0,false,-1.0,0.009949862191171277
21601211,2017-04-10 22:30:00,,Positive EV,Totals,-105.0,-113.0,false,-1.0,0.009949862191171277
20700103,2007-11-13 22:00:00,,Positive EV,Totals,-105.0,-113.0,true,0.9523809523809523,0.012357120790855713
21400951,2015-03-10 22:30:00,,Positive EV,Totals,-103.0,-110.0,true,0.970873786407767,0.008354030255136646
21601205,2017-04-10 19:30:00,,Positive EV,Totals,-110.0,-116.0,true,0.9090909090909092,4.0065707760733593E-4
21601205,2017-04-10 19:30:00,,Positive EV,Totals,-110.0,-116.0,true,0.9090909090909092,4.0065707760733593E-4
21601205,2017-04-10 19:30:00,,Positive EV,Totals,-105.0,-116.0,true,0.9523809523809523,0.02308547923356208
21601205,2017-04-10 19:30:00,,Positive EV,Totals,-110.0,-116.0,true,0.9090909090909092,4.0065707760733593E-4
21601205,2017-04-10 19:30:00,,Positive EV,Totals,-110.0,-116.0,true,0.9090909090909092,4.0065707760733593E-4
21601205,2017-04-10 19:30:00,,Positive EV,Totals,-110.0,-116.0,true,0.9090909090909092,4.0065707760733593E-4
21400904,2015-03-04 20:00:00,,Positive EV,Totals,-105.0,-113.0,true,0.9523809523809523,0.009949862191171277
21400904,2015-03-04 20:00:00,,Positive EV,Totals,-105.0,-113.0,true,0.9523809523809523,0.009949862191171277
21000850,2011-02-23 19:00:00,,Positive EV,Totals,-103.0,-109.0,true,0.970873786407767,0.003762931480026044
21000860,2011-02-24 22:30:00,,Positive EV,Totals,-110.0,-118.0,false,-1.0,0.00877113627513837
21700988,2018-03-10 19:30:00,,Positive EV,Totals,-107.0,-113.0,true,0.9345794392523366,7.412926703947997E-4
21700988,2018-03-10 19:30:00,,Positive EV,Totals,-105.0,-113.0,true,0.9523809523809523,0.009949862191171277
21700989,2018-03-10 20:30:00,,Positive EV,Totals,-105.0,-113.0,true,0.9523809523809523,0.009949862191171277
21000777,2011-02-09 19:00:00,,Positive EV,Totals,-107.0,-113.0,false,-1.0,7.412926703947997E-4
21000774,2011-02-09 19:00:00,,Positive EV,Totals,-110.0,-116.0,true,0.9090909090909092,4.0065707760733593E-4
21000772,2011-02-08 20:30:00,,Positive EV,Totals,-110.0,-116.0,false,-1.0,4.0065707760733593E-4
21000772,2011-02-08 20:30:00,,Positive EV,Totals,-109.0,-116.0,false,-1.0,0.004771127401231645
21000772,2011-02-08 20:30:00,,Positive EV,Totals,-110.0,-116.0,false,-1.0,4.0065707760733593E-4
21000772,2011-02-08 20:30:00,,Positive EV,Totals,-110.0,-116.0,false,-1.0,4.0065707760733593E-4
21000781,2011-02-09 22:00:00,,Positive EV,Totals,-110.0,-116.0,true,0.9090909090909092,4.0065707760733593E-4
41100212,2012-05-14 19:00:00,,Positive EV,Totals,-110.0,-118.0,false,-1.0,0.00877113627513837
21000789,2011-02-11 19:00:00,,Positive EV,Totals,-110.0,-116.0,true,0.9090909090909092,4.0065707760733593E-4
21000789,2011-02-11 19:00:00,,Positive EV,Totals,-109.0,-116.0,true,0.9174311926605505,0.004771127401231645
21000789,2011-02-11 19:00:00,,Positive EV,Totals,-110.0,-116.0,true,0.9090909090909092,4.0065707760733593E-4
21000787,2011-02-11 19:00:00,,Positive EV,Totals,-105.0,-113.0,false,-1.0,0.009949862191171277
21000786,2011-02-11 19:00:00,,Positive EV,Totals,-102.0,-109.0,true,0.9803921568627452,0.008610622639496912
21000790,2011-02-11 19:00:00,,Positive EV,Totals,-105.0,-116.0,false,-1.0,0.02308547923356208
21000790,2011-02-11 19:00:00,,Positive EV,Totals,-109.0,-116.0,false,-1.0,0.004771127401231645
21000790,2011-02-11 19:00:00,,Positive EV,Totals,-110.0,-116.0,false,-1.0,4.0065707760733593E-4
21000790,2011-02-11 19:00:00,,Positive EV,Totals,-110.0,-116.0,false,-1.0,4.0065707760733593E-4
41100201,2012-05-13 15:30:00,,Positive EV,Totals,-110.0,-123.0,true,0.9090909090909092,0.026809449436022037
41100201,2012-05-13 15:30:00,,Positive EV,Totals,-110.0,-123.0,true,0.9090909090909092,0.026809449436022037
20700179,2007-11-23 21:00:00,,Positive EV,Totals,-110.0,-116.0,false,-1.0,0.0027175216202824926
20700179,2007-11-23 21:00:00,,Positive EV,Totals,-110.0,-116.0,false,-1.0,0.0027175216202824926
20700179,2007-11-23 21:00:00,,Positive EV,Totals,-110.0,-116.0,false,-1.0,0.0027175216202824926
41100232,2012-05-16 21:30:00,,Positive EV,Totals,-105.0,-113.0,true,0.9523809523809523,0.009949862191171277
41100232,2012-05-16 21:30:00,,Positive EV,Totals,-105.0,-113.0,true,0.9523809523809523,0.009949862191171277
20700168,2007-11-21 22:00:00,,Positive EV,Totals,100.0,-112.0,false,-1.0,0.03249361080686386
20700166,2007-11-21 20:30:00,,Positive EV,Totals,-103.0,-115.0,false,-1.0,0.03080087664033515
20700160,2007-11-21 19:30:00,,Positive EV,Totals,-103.0,-110.0,true,0.970873786407767,0.008354030255136646
20700163,2007-11-21 20:00:00,,Positive EV,Totals,-108.0,-117.0,false,-1.0,0.01578867135608364
20700163,2007-11-21 20:00:00,,Positive EV,Totals,-110.0,-117.0,false,-1.0,0.006909399753320666
20700163,2007-11-21 20:00:00,,Positive EV,Totals,-110.0,-117.0,false,-1.0,0.006909399753320666
20700162,2007-11-21 20:00:00,,Positive EV,Totals,-110.0,-117.0,true,0.9090909090909092,0.006909399753320666
20700191,2007-11-24 22:30:00,,Positive EV,Totals,-105.0,-111.0,false,-1.0,0.003422437367750719
20700188,2007-11-24 20:00:00,,Positive EV,Totals,-110.0,-116.0,true,0.9090909090909092,0.0027175216202824926
20700188,2007-11-24 20:00:00,,Positive EV,Totals,-110.0,-116.0,true,0.9090909090909092,0.0027175216202824926
20700155,2007-11-20 21:00:00,,Positive EV,Totals,-105.0,-112.0,true,0.9523809523809523,0.007910429597176583
21400990,2015-03-16 19:00:00,,Positive EV,Totals,-102.0,-113.0,false,-1.0,0.024439817172393297
20700147,2007-11-19 20:00:00,,Positive EV,Totals,-101.0,-110.0,true,0.9900990099009901,0.01819019111213449
21400997,2015-03-16 21:00:00,,Positive EV,Totals,-107.0,-113.0,true,0.9345794392523366,7.412926703947997E-4
20700459,2008-01-02 19:00:00,,Positive EV,Totals,-105.0,-111.0,true,0.9523809523809523,0.003422437367750719
20700449,2007-12-31 14:00:00,,Positive EV,Totals,-110.0,-117.0,false,-1.0,0.006909399753320666
20700443,2007-12-30 12:00:00,,Positive EV,Totals,-115.0,-122.0,true,0.8695652173913042,0.006042667747351238
20700447,2007-12-30 21:00:00,,Positive EV,Totals,-110.0,-122.0,false,-1.0,0.027312068756809083
20700447,2007-12-30 21:00:00,,Positive EV,Totals,-110.0,-122.0,false,-1.0,0.027312068756809083
20700440,2007-12-29 20:30:00,,Positive EV,Totals,-105.0,-115.0,true,0.9523809523809523,0.021128806486543528
41400144,2015-04-25 20:00:00,,Positive EV,Totals,-110.0,-116.0,true,0.9090909090909092,4.0065707760733593E-4
41400144,2015-04-25 20:00:00,,Positive EV,Totals,-105.0,-116.0,true,0.9523809523809523,0.02308547923356208
20700478,2008-01-04 20:00:00,,Positive EV,Totals,-104.0,-110.0,false,-1.0,0.003577817531306038
41400114,2015-04-26 13:00:00,,Positive EV,Totals,-105.0,-113.0,false,-1.0,0.009949862191171277
41400114,2015-04-26 13:00:00,,Positive EV,Totals,-105.0,-113.0,false,-1.0,0.009949862191171277
21300194,2013-11-23 20:30:00,,Positive EV,Totals,-101.0,-113.0,false,-1.0,0.02946108870053954
41400174,2015-04-27 22:30:00,,Positive EV,Totals,-105.0,-112.0,true,0.9523809523809523,0.007910429597176583
20700409,2007-12-26 19:00:00,,Positive EV,Totals,100.0,-107.0,false,-1.0,0.00929324845499746
21300176,2013-11-22 19:00:00,,Positive EV,Totals,-102.0,-110.0,false,-1.0,0.013223894208846398
21300172,2013-11-20 21:30:00,,Positive EV,Totals,-105.0,-113.0,false,-1.0,0.009949862191171277
21300172,2013-11-20 21:30:00,,Positive EV,Totals,-105.0,-113.0,false,-1.0,0.009949862191171277
21300145,2013-11-16 22:30:00,,Positive EV,Totals,-102.0,-108.0,true,0.9803921568627452,0.004002493356517367
21300157,2013-11-19 19:30:00,,Positive EV,Totals,-107.0,-113.0,true,0.9345794392523366,7.412926703947997E-4
21000739,2011-02-04 19:30:00,,Positive EV,Totals,-103.0,-110.0,true,0.970873786407767,0.008354030255136646
21700703,2018-01-24 19:00:00,,Positive EV,Totals,-103.0,-110.0,true,0.970873786407767,0.008354030255136646
21000732,2011-02-03 22:30:00,,Positive EV,Totals,-106.0,-113.0,true,0.9433962264150944,0.005302140782100118
21000730,2011-02-03 20:00:00,,Positive EV,Totals,-110.0,-116.0,true,0.9090909090909092,4.0065707760733593E-4
21000730,2011-02-03 20:00:00,,Positive EV,Totals,-109.0,-116.0,true,0.9174311926605505,0.004771127401231645
21000730,2011-02-03 20:00:00,,Positive EV,Totals,-110.0,-116.0,true,0.9090909090909092,4.0065707760733593E-4
21000730,2011-02-03 20:00:00,,Positive EV,Totals,-110.0,-116.0,true,0.9090909090909092,4.0065707760733593E-4
21700711,2018-01-25 20:00:00,,Positive EV,Totals,-107.0,-119.0,true,0.9345794392523366,0.02642352483010013
21700710,2018-01-25 19:30:00,,Positive EV,Totals,-102.0,-109.0,true,0.9803921568627452,0.008610622639496912
21000729,2011-02-02 22:30:00,,Positive EV,Totals,-105.0,-113.0,false,-1.0,0.009949862191171277
21300132,2013-11-15 21:00:00,,Positive EV,Totals,-105.0,-111.0,true,0.9523809523809523,0.003422437367750719
21000757,2011-02-06 14:30:00,,Positive EV,Totals,-103.0,-123.0,true,0.970873786407767,0.06003952870579621
21000757,2011-02-06 14:30:00,,Positive EV,Totals,-109.0,-123.0,true,0.9174311926605505,0.031295292378075434
21000751,2011-02-05 20:30:00,,Positive EV,Totals,-110.0,-121.0,true,0.9090909090909092,0.021048200378867787
21000751,2011-02-05 20:30:00,,Positive EV,Totals,-109.0,-121.0,true,0.9174311926605505,0.025508874037141582
21000751,2011-02-05 20:30:00,,Positive EV,Totals,-110.0,-121.0,true,0.9090909090909092,0.021048200378867787
21000751,2011-02-05 20:30:00,,Positive EV,Totals,-110.0,-121.0,true,0.9090909090909092,0.021048200378867787
21000751,2011-02-05 20:30:00,,Positive EV,Totals,-110.0,-121.0,true,0.9090909090909092,0.021048200378867787
21700714,2018-01-26 19:00:00,,Positive EV,Totals,-102.0,-109.0,false,-1.0,0.008610622639496912
21000748,2011-02-05 20:00:00,,Positive EV,Totals,-105.0,-113.0,false,-1.0,0.009949862191171277
21700716,2018-01-26 19:30:00,,Positive EV,Totals,-103.0,-109.0,true,0.970873786407767,0.003762931480026044
21700719,2018-01-26 20:00:00,,Positive EV,Totals,-105.0,-113.0,true,0.9523809523809523,0.009949862191171277
21000745,2011-02-05 19:00:00,,Positive EV,Totals,-107.0,-113.0,false,-1.0,7.412926703947997E-4
21300104,2013-11-11 21:00:00,,Positive EV,Totals,-103.0,-109.0,true,0.970873786407767,0.003762931480026044
21000715,2011-02-01 20:00:00,,Positive EV,Totals,-103.0,-110.0,true,0.970873786407767,0.008354030255136646
21000685,2011-01-28 19:30:00,,Positive EV,Totals,-104.0,-115.0,true,0.9615384615384617,0.02352518477963328
41100304,2012-06-03 20:30:00,,Positive EV,Totals,-105.0,-112.0,true,0.9523809523809523,0.007910429597176583
21000659,2011-01-24 20:00:00,,Positive EV,Totals,-105.0,-113.0,true,0.9523809523809523,0.009949862191171277
21000650,2011-01-22 22:00:00,,Positive EV,Totals,-105.0,-114.0,false,-1.0,0.014368461227605156
21700615,2018-01-11 20:00:00,,Positive EV,Totals,-103.0,-110.0,true,0.970873786407767,0.008354030255136646
21700617,2018-01-11 22:30:00,,Positive EV,Totals,-103.0,-111.0,false,-1.0,0.012926793866616493
21000640,2011-01-22 19:00:00,,Positive EV,Totals,-105.0,-113.0,false,-1.0,0.009949862191171277
21000682,2011-01-28 19:00:00,,Positive EV,Totals,-103.0,-110.0,false,-1.0,0.008354030255136646
21700652,2018-01-16 22:00:00,,Positive EV,Totals,-105.0,-113.0,false,-1.0,0.009949862191171277
21700639,2018-01-15 13:00:00,,Positive EV,Totals,-103.0,-111.0,false,-1.0,0.012926793866616493
21700639,2018-01-15 13:00:00,,Positive EV,Totals,-105.0,-111.0,false,-1.0,0.003422437367750719
20700493,2008-01-06 15:30:00,,Positive EV,Totals,-104.0,-110.0,true,0.9615384615384617,0.003577817531306038
20700489,2008-01-05 22:00:00,,Positive EV,Totals,-102.0,-109.0,true,0.9803921568627452,0.008610622639496912
20700484,2008-01-05 19:00:00,,Positive EV,Totals,-105.0,-113.0,true,0.9523809523809523,0.012357120790855713
20700482,2008-01-04 22:30:00,,Positive EV,Totals,-105.0,-118.0,true,0.9523809523809523,0.03399011943807395
20700482,2008-01-04 22:30:00,,Positive EV,Totals,-110.0,-118.0,true,0.9090909090909092,0.011063509250977044
20700481,2008-01-04 21:30:00,,Positive EV,Totals,-110.0,-116.0,false,-1.0,0.0027175216202824926
20700481,2008-01-04 21:30:00,,Positive EV,Totals,-110.0,-116.0,false,-1.0,0.0027175216202824926
20700481,2008-01-04 21:30:00,,Positive EV,Totals,-110.0,-116.0,false,-1.0,0.0027175216202824926
20700481,2008-01-04 21:30:00,,Positive EV,Totals,-110.0,-116.0,false,-1.0,0.0027175216202824926
20700481,2008-01-04 21:30:00,,Positive EV,Totals,-110.0,-116.0,false,-1.0,0.0027175216202824926
20700333,2007-12-14 20:00:00,,Positive EV,Totals,-105.0,-112.0,false,-1.0,0.007910429597176583
20700331,2007-12-14 20:00:00,,Positive EV,Totals,-101.0,-110.0,true,0.9900990099009901,0.01819019111213449
20700320,2007-12-12 20:00:00,,Positive EV,Totals,-105.0,-115.0,false,-1.0,0.021128806486543528
20700324,2007-12-12 22:30:00,,Positive EV,Totals,-105.0,-112.0,true,0.9523809523809523,0.007910429597176583
20700317,2007-12-12 19:00:00,,Positive EV,Totals,100.0,-108.0,true,1.0,0.013943112102621447
20700345,2007-12-15 20:00:00,,Positive EV,Totals,-104.0,-111.0,false,-1.0,0.008128921595554506
20700347,2007-12-15 20:30:00,,Positive EV,Totals,-105.0,-111.0,true,0.9523809523809523,0.003422437367750719
20700346,2007-12-15 20:30:00,,Positive EV,Totals,-105.0,-113.0,false,-1.0,0.012357120790855713
20700346,2007-12-15 20:30:00,,Positive EV,Totals,-105.0,-113.0,false,-1.0,0.012357120790855713
40800303,2009-05-24 20:30:00,,Positive EV,Totals,-106.0,-114.0,true,0.9433962264150944,0.012083989643260296
40800302,2009-05-22 20:30:00,,Positive EV,Totals,-110.0,-116.0,false,-1.0,0.0027175216202824926
21300290,2013-12-07 19:00:00,,Positive EV,Totals,-103.0,-109.0,true,0.970873786407767,0.003762931480026044
20700315,2007-12-12 19:00:00,,Positive EV,Totals,-107.0,-115.0,false,-1.0,0.011818309048781617
21300259,2013-12-02 21:00:00,,Positive EV,Totals,-104.0,-110.0,false,-1.0,0.003577817531306038
20700302,2007-12-10 19:00:00,,Positive EV,Totals,-105.0,-113.0,false,-1.0,0.012357120790855713
21300268,2013-12-03 22:30:00,,Positive EV,Totals,-103.0,-110.0,true,0.970873786407767,0.008354030255136646
21000617,2011-01-19 20:00:00,,Positive EV,Totals,-108.0,-116.0,false,-1.0,0.009222532360478652
21000617,2011-01-19 20:00:00,,Positive EV,Totals,-110.0,-116.0,false,-1.0,4.0065707760733593E-4
21000617,2011-01-19 20:00:00,,Positive EV,Totals,-110.0,-116.0,false,-1.0,4.0065707760733593E-4
21000617,2011-01-19 20:00:00,,Positive EV,Totals,-110.0,-116.0,false,-1.0,4.0065707760733593E-4
21700826,2018-02-10 18:00:00,,Positive EV,Totals,-105.0,-113.0,true,0.9523809523809523,0.009949862191171277
21000616,2011-01-19 19:30:00,,Positive EV,Totals,-107.0,-113.0,false,-1.0,7.412926703947997E-4
21000614,2011-01-19 19:00:00,,Positive EV,Totals,-104.0,-113.0,true,0.9615384615384617,0.014686962858109331
21000610,2011-01-17 22:30:00,,Positive EV,Totals,-110.0,-116.0,true,0.9090909090909092,4.0065707760733593E-4
21000610,2011-01-17 22:30:00,,Positive EV,Totals,-110.0,-116.0,true,0.9090909090909092,4.0065707760733593E-4
21000610,2011-01-17 22:30:00,,Positive EV,Totals,-110.0,-116.0,true,0.9090909090909092,4.0065707760733593E-4
21000610,2011-01-17 22:30:00,,Positive EV,Totals,-110.0,-116.0,true,0.9090909090909092,4.0065707760733593E-4
21000610,2011-01-17 22:30:00,,Positive EV,Totals,-110.0,-116.0,true,0.9090909090909092,4.0065707760733593E-4
21601077,2017-03-24 20:00:00,,Positive EV,Totals,-104.0,-110.0,false,-1.0,0.003577817531306038
21700814,2018-02-08 22:00:00,,Positive EV,Totals,-108.0,-114.0,true,0.925925925925926,6.236311296702324E-4
21700814,2018-02-08 22:00:00,,Positive EV,Totals,-105.0,-114.0,true,0.9523809523809523,0.014368461227605156
21700816,2018-02-08 22:30:00,,Positive EV,Totals,-108.0,-115.0,true,0.925925925925926,0.0049426650850138976
21000605,2011-01-17 15:30:00,,Positive EV,Totals,-110.0,-121.0,false,-1.0,0.021048200378867787
21000604,2011-01-17 15:30:00,,Positive EV,Totals,-105.0,-113.0,true,0.9523809523809523,0.009949862191171277
21000603,2011-01-17 15:00:00,,Positive EV,Totals,-105.0,-115.0,true,0.9523809523809523,0.01874682257244531
21000603,2011-01-17 15:00:00,,Positive EV,Totals,-109.0,-115.0,true,0.9174311926605505,5.101374514349666E-4
21000602,2011-01-17 15:00:00,,Positive EV,Totals,-108.0,-115.0,false,-1.0,0.0049426650850138976
21000602,2011-01-17 15:00:00,,Positive EV,Totals,-109.0,-115.0,false,-1.0,5.101374514349666E-4
21000601,2011-01-17 14:00:00,,Positive EV,Totals,-108.0,-115.0,false,-1.0,0.0049426650850138976
21300249,2013-12-01 15:30:00,,Positive EV,Totals,-105.0,-113.0,false,-1.0,0.009949862191171277
21601066,2017-03-22 22:30:00,,Positive EV,Totals,-105.0,-111.0,false,-1.0,0.003422437367750719
21300215,2013-11-27 19:00:00,,Positive EV,Totals,-102.0,-110.0,false,-1.0,0.013223894208846398
21000630,2011-01-21 19:00:00,,Positive EV,Totals,-101.0,-107.0,false,-1.0,0.004296747225022213
21601058,2017-03-21 22:30:00,,Positive EV,Totals,-105.0,-111.0,false,-1.0,0.003422437367750719
21601054,2017-03-21 20:00:00,,Positive EV,Totals,-105.0,-113.0,false,-1.0,0.009949862191171277
21700853,2018-02-14 19:00:00,,Positive EV,Totals,-103.0,-109.0,true,0.970873786407767,0.003762931480026044
21000621,2011-01-19 21:00:00,,Positive EV,Totals,-107.0,-119.0,true,0.9345794392523366,0.02642352483010013
21000621,2011-01-19 21:00:00,,Positive EV,Totals,-110.0,-119.0,true,0.9090909090909092,0.012900158231548053
21000621,2011-01-19 21:00:00,,Positive EV,Totals,-109.0,-119.0,true,0.9174311926605505,0.017325235375416803
21000621,2011-01-19 21:00:00,,Positive EV,Totals,-110.0,-119.0,true,0.9090909090909092,0.012900158231548053
21000621,2011-01-19 21:00:00,,Positive EV,Totals,-110.0,-119.0,true,0.9090909090909092,0.012900158231548053
21000621,2011-01-19 21:00:00,,Positive EV,Totals,-110.0,-119.0,true,0.9090909090909092,0.012900158231548053
21300230,2013-11-29 19:00:00,,Positive EV,Totals,-105.0,-113.0,true,0.9523809523809523,0.009949862191171277
21300230,2013-11-29 19:00:00,,Positive EV,Totals,-105.0,-113.0,true,0.9523809523809523,0.009949862191171277
21601046,2017-03-20 19:00:00,,Positive EV,Totals,-105.0,-114.0,true,0.9523809523809523,0.014368461227605156
21300201,2013-11-24 21:30:00,,Positive EV,Totals,-105.0,-111.0,true,0.9523809523809523,0.003422437367750719
21700803,2018-02-06 22:30:00,,Positive EV,Totals,-101.0,-110.0,true,0.9900990099009901,0.01819019111213449
21601015,2017-03-16 19:00:00,,Positive EV,Totals,-105.0,-113.0,true,0.9523809523809523,0.009949862191171277
21601003,2017-03-14 22:30:00,,Positive EV,Totals,110.0,-101.0,true,1.1,0.030473290250592977
21601003,2017-03-14 22:30:00,,Positive EV,Totals,110.0,-101.0,true,1.1,0.030473290250592977
21601002,2017-03-14 20:00:00,,Positive EV,Totals,-102.0,-110.0,false,-1.0,0.013223894208846398
21000577,2011-01-14 19:00:00,,Positive EV,Totals,-105.0,-113.0,true,0.9523809523809523,0.009949862191171277
21700790,2018-02-05 19:00:00,,Positive EV,Totals,-103.0,-113.0,true,0.970873786407767,0.01951604606226931
21700790,2018-02-05 19:00:00,,Positive EV,Totals,-105.0,-113.0,true,0.9523809523809523,0.009949862191171277
21000570,2011-01-12 21:00:00,,Positive EV,Totals,-105.0,-115.0,true,0.9523809523809523,0.01874682257244531
21000570,2011-01-12 21:00:00,,Positive EV,Totals,-109.0,-115.0,true,0.9174311926605505,5.101374514349666E-4
21700782,2018-02-03 21:00:00,,Positive EV,Totals,-105.0,-113.0,false,-1.0,0.009949862191171277
21700781,2018-02-03 21:00:00,,Positive EV,Totals,-102.0,-109.0,true,0.9803921568627452,0.008610622639496912
21700786,2018-02-04 12:00:00,,Positive EV,Totals,-103.0,-110.0,false,-1.0,0.008354030255136646
21700787,2018-02-04 12:00:00,,Positive EV,Totals,-105.0,-113.0,true,0.9523809523809523,0.009949862191171277
41100402,2012-06-14 21:00:00,,Positive EV,Totals,-107.0,-118.0,false,-1.0,0.022239375744766365
41100402,2012-06-14 21:00:00,,Positive EV,Totals,-110.0,-118.0,false,-1.0,0.00877113627513837
41100402,2012-06-14 21:00:00,,Positive EV,Totals,-110.0,-118.0,false,-1.0,0.00877113627513837
41100402,2012-06-14 21:00:00,,Positive EV,Totals,-110.0,-118.0,false,-1.0,0.00877113627513837
41100402,2012-06-14 21:00:00,,Positive EV,Totals,-110.0,-118.0,false,-1.0,0.00877113627513837
21000586,2011-01-14 22:30:00,,Positive EV,Totals,-109.0,-115.0,false,-1.0,5.101374514349666E-4
21000585,2011-01-14 22:30:00,,Positive EV,Totals,-109.0,-115.0,false,-1.0,5.101374514349666E-4
21000584,2011-01-14 22:30:00,,Positive EV,Totals,-110.0,-121.0,false,-1.0,0.021048200378867787
21000584,2011-01-14 22:30:00,,Positive EV,Totals,-109.0,-121.0,false,-1.0,0.025508874037141582
21000584,2011-01-14 22:30:00,,Positive EV,Totals,-110.0,-121.0,false,-1.0,0.021048200378867787
21000584,2011-01-14 22:30:00,,Positive EV,Totals,-110.0,-121.0,false,-1.0,0.021048200378867787
21000592,2011-01-15 20:00:00,,Positive EV,Totals,-105.0,-111.0,false,-1.0,0.003422437367750719
21000590,2011-01-15 19:30:00,,Positive EV,Totals,-102.0,-112.0,false,-1.0,0.022371124426404432
21000590,2011-01-15 19:30:00,,Positive EV,Totals,-105.0,-112.0,false,-1.0,0.007910429597176583
21700734,2018-01-28 18:00:00,,Positive EV,Totals,-108.0,-115.0,true,0.925925925925926,0.0049426650850138976
21700734,2018-01-28 18:00:00,,Positive EV,Totals,-105.0,-115.0,true,0.9523809523809523,0.01874682257244531
21700737,2018-01-28 19:00:00,,Positive EV,Totals,-102.0,-114.0,false,-1.0,0.02892181074306588
21000524,2011-01-06 22:30:00,,Positive EV,Totals,-108.0,-115.0,false,-1.0,0.0049426650850138976
21601096,2017-03-26 21:30:00,,Positive EV,Totals,-102.0,-109.0,false,-1.0,0.008610622639496912
21700777,2018-02-03 19:00:00,,Positive EV,Totals,-102.0,-110.0,false,-1.0,0.013223894208846398
21700776,2018-02-03 19:00:00,,Positive EV,Totals,-105.0,-111.0,false,-1.0,0.003422437367750719
21700756,2018-01-31 19:30:00,,Positive EV,Totals,-103.0,-115.0,true,0.970873786407767,0.028396330718999385
21700759,2018-01-31 22:00:00,,Positive EV,Totals,-104.0,-113.0,false,-1.0,0.014686962858109331
21000544,2011-01-09 13:00:00,,Positive EV,Totals,-105.0,-114.0,true,0.9523809523809523,0.014368461227605156
21000541,2011-01-08 20:00:00,,Positive EV,Totals,-103.0,-109.0,true,0.970873786407767,0.003762931480026044
21601088,2017-03-26 13:00:00,,Positive EV,Totals,-105.0,-113.0,false,-1.0,0.009949862191171277
21601085,2017-03-25 20:30:00,,Positive EV,Totals,-105.0,-111.0,false,0.0,0.003422437367750719
21601087,2017-03-26 13:00:00,,Positive EV,Totals,-105.0,-113.0,true,0.9523809523809523,0.009949862191171277
21700763,2018-02-01 20:00:00,,Positive EV,Totals,-103.0,-110.0,true,0.970873786407767,0.008354030255136646
40800215,2009-05-12 20:00:00,,Positive EV,Totals,-102.0,-113.0,true,0.9803921568627452,0.02688161319818516
40800213,2009-05-08 19:00:00,,Positive EV,Totals,-105.0,-118.0,false,-1.0,0.03399011943807395
40800213,2009-05-08 19:00:00,,Positive EV,Totals,-110.0,-118.0,false,-1.0,0.011063509250977044
40800213,2009-05-08 19:00:00,,Positive EV,Totals,-110.0,-118.0,false,-1.0,0.011063509250977044
40800213,2009-05-08 19:00:00,,Positive EV,Totals,-109.0,-118.0,false,-1.0,0.015480562589775482
40800213,2009-05-08 19:00:00,,Positive EV,Totals,-110.0,-118.0,false,-1.0,0.011063509250977044
20700373,2007-12-19 20:00:00,,Positive EV,Totals,-105.0,-115.0,false,0.0,0.021128806486543528
20700371,2007-12-19 20:00:00,,Positive EV,Totals,-105.0,-114.0,true,0.9523809523809523,0.016763064953677576
20700360,2007-12-17 20:30:00,,Positive EV,Totals,-105.0,-112.0,false,-1.0,0.007910429597176583
20700397,2007-12-22 20:30:00,,Positive EV,Totals,-105.0,-113.0,true,0.9523809523809523,0.012357120790855713
20700391,2007-12-22 19:00:00,,Positive EV,Totals,-106.0,-112.0,true,0.9433962264150944,0.003272093519877173
20700394,2007-12-22 20:00:00,,Positive EV,Totals,-102.0,-110.0,true,0.9803921568627452,0.013223894208846398
20700385,2007-12-21 19:00:00,,Positive EV,Totals,-105.0,-115.0,false,-1.0,0.021128806486543528
20700384,2007-12-21 19:00:00,,Positive EV,Totals,-102.0,-110.0,true,0.9803921568627452,0.013223894208846398
